name,signature,case,estimator,prediction,mode,constrained,seed,status,error,samples,duration_h,IAE,IAE_event,ISE,ITAE,temperature_IAE_K_h,Tmax_C,violation_h,xEB_estimate_RMSE,terminal_true_fraction,terminal_estimated_fraction,final_abs_offset,covariance_repairs,positivity_projections,solver_failed_statuses,fallbacks,move_rate_overrides,median_latency_ms,p95_latency_ms,wall_seconds
benzene_50__lstm_nake__neural__mimo__0__9001,ff49d012db6101d7a6222e44b0428a4827a1eee7d1f03f21ab1523f47582eb2e,benzene_50,lstm_nake,neural,mimo,False,9001,complete,,400,10.0,0.010385525097859644,0.0023456099863901,4.4576407882217274e-05,0.024380523026718875,2.494779610028271,161.40956690426884,0.0,0.0032695803250003225,0.2812228029192229,0.2811560343145071,0.00011493546864754789,0,0,0,0,0,57.495202499922016,94.40903500017156,26.77512134800054
benzene_50__lstm_nake__neural__mimo__0__9002,ff49d012db6101d7a6222e44b0428a4827a1eee7d1f03f21ab1523f47582eb2e,benzene_50,lstm_nake,neural,mimo,False,9002,complete,,400,10.0,0.011184631405891298,0.0026360236536221997,4.468024580029347e-05,0.029159628156954307,2.26878685776699,161.47161644425867,0.0,0.0032663109792072267,0.2820164797004386,0.2809806571809199,0.0009086122498632165,0,0,0,0,0,59.034851000433264,93.99541120037611,27.274320051999894
benzene_50__lstm_nake__neural__mimo__0__9003,ff49d012db6101d7a6222e44b0428a4827a1eee7d1f03f21ab1523f47582eb2e,benzene_50,lstm_nake,neural,mimo,False,9003,complete,,400,10.0,0.010794058586523382,0.0028334286054914424,4.5498646715822134e-05,0.02892355566744675,2.2428865279620163,161.52519267814432,0.0,0.003300714936834546,0.281684717565483,0.2810331143475353,0.0005768501149076566,0,0,0,0,0,56.493681000574725,92.90084344966088,26.002786001999993
benzene_50__lstm_nake__neural__mimo__1__9001,ff49d012db6101d7a6222e44b0428a4827a1eee7d1f03f21ab1523f47582eb2e,benzene_50,lstm_nake,neural,mimo,True,9001,complete,,400,10.0,0.010385237921645174,0.002345681328529155,4.4575657984566686e-05,0.02438024072982149,2.49487435012651,161.40939516777587,0.0,0.0032695806941818563,0.281222800646466,0.28115603112959725,0.00011493319589062079,0,0,0,0,0,54.64479300007952,62.35023859844658,23.150085220999244
benzene_50__lstm_nake__neural__mimo__1__9002,ff49d012db6101d7a6222e44b0428a4827a1eee7d1f03f21ab1523f47582eb2e,benzene_50,lstm_nake,neural,mimo,True,9002,complete,,400,10.0,0.011184826629403248,0.002636246965820165,4.468101050924628e-05,0.029161133656874828,2.2686675625987225,161.47164363576093,0.0,0.003266310257229807,0.28201655608847653,0.28098073483297126,0.0009086886379011672,0,0,0,0,0,57.489369500217435,93.00759735060636,26.748925714000507
benzene_50__lstm_nake__neural__mimo__1__9003,ff49d012db6101d7a6222e44b0428a4827a1eee7d1f03f21ab1523f47582eb2e,benzene_50,lstm_nake,neural,mimo,True,9003,complete,,400,10.0,0.01079468500769677,0.0028338318733757855,4.549970075079849e-05,0.028927464360405986,2.242638727958124,161.52506772515153,0.0,0.003300714638647517,0.2816847697220676,0.28103316502931375,0.0005769022714922079,0,0,0,0,0,56.50112149942288,91.50125464893789,26.434526820999963
benzene_50__lstm_nake__neural__siso__0__9001,ff49d012db6101d7a6222e44b0428a4827a1eee7d1f03f21ab1523f47582eb2e,benzene_50,lstm_nake,neural,siso,False,9001,complete,,400,10.0,0.01217411473417228,0.004133963217798254,4.750508304434842e-05,0.041948051770616016,95.98215428149405,181.8212476431064,5.076875000000006,0.003287209828683164,0.27970067454842,0.28116166958826067,0.001407192902155352,0,0,0,0,0,29.18678500009264,48.46530969925877,14.430964858998777
benzene_50__lstm_nake__neural__siso__0__9002,ff49d012db6101d7a6222e44b0428a4827a1eee7d1f03f21ab1523f47582eb2e,benzene_50,lstm_nake,neural,siso,False,9002,complete,,400,10.0,0.011861504980602502,0.003276071634957693,4.5910146035702986e-05,0.035889599220961306,96.51794326140022,181.91340576088288,5.184375000000007,0.003266275497161456,0.2806554598225198,0.2810326229226901,0.00045240762805554,0,0,0,0,0,29.269927499626647,48.86987024901828,15.162143595998714
benzene_50__lstm_nake__neural__siso__0__9003,ff49d012db6101d7a6222e44b0428a4827a1eee7d1f03f21ab1523f47582eb2e,benzene_50,lstm_nake,neural,siso,False,9003,complete,,400,10.0,0.011403743053786256,0.0033473181883848847,4.6971134149290914e-05,0.03530717280709894,96.96170147478402,181.65686283365852,5.206875000000007,0.0033059680523558756,0.2802018981599311,0.281079163427622,0.0009059692906442929,0,0,0,0,0,29.810658999849693,48.4633629505879,14.775482059998467
benzene_50__lstm_nake__neural__siso__1__9001,ff49d012db6101d7a6222e44b0428a4827a1eee7d1f03f21ab1523f47582eb2e,benzene_50,lstm_nake,neural,siso,True,9001,complete,,400,10.0,0.1881875295836496,0.18086257909938175,0.007230815508207819,1.4043048025265048,22.380764128417823,165.47726063425583,0.5837500000000002,0.003246725369598017,0.22512616781465772,0.22579641618415855,0.05598169963591765,0,0,9,4,4,23.817913999664597,33.86277229910774,10.409848009001507
benzene_50__lstm_nake__neural__siso__1__9002,ff49d012db6101d7a6222e44b0428a4827a1eee7d1f03f21ab1523f47582eb2e,benzene_50,lstm_nake,neural,siso,True,9002,complete,,400,10.0,0.18880439080212244,0.18095082986778951,0.007223307014148267,1.4120348277280999,23.070361213883753,165.55895894139326,0.9475000000000006,0.003237377692527633,0.2236235259060553,0.22334431931506626,0.05748434154452006,0,0,5,4,4,27.752745999350736,49.038249098703076,11.53060657199967
benzene_50__lstm_nake__neural__siso__1__9003,ff49d012db6101d7a6222e44b0428a4827a1eee7d1f03f21ab1523f47582eb2e,benzene_50,lstm_nake,neural,siso,True,9003,complete,,400,10.0,0.18615270965900904,0.17860640475700584,0.007228958389718919,1.4009796570698805,23.933483583279614,165.53781766449862,1.1500000000000004,0.0032781916269662248,0.2418406867261195,0.24189890366212452,0.03926718072445587,0,0,4,3,3,26.44078699995589,46.535001599932,11.219900035999672
benzene_50__lstm_nake__physical__mimo__0__9001,ff49d012db6101d7a6222e44b0428a4827a1eee7d1f03f21ab1523f47582eb2e,benzene_50,lstm_nake,physical,mimo,False,9001,complete,,400,10.0,0.010150404671961747,0.002116610141435048,4.425530123666097e-05,0.022696332775406614,2.4058637330333097,161.42641987684314,0.0,0.003269378152441896,0.28114420776302107,0.28107842261477417,3.6340312445704015e-05,0,0,0,0,0,14.707450999594585,22.98090724989379,8.068040374999327
benzene_50__lstm_nake__physical__mimo__0__9002,ff49d012db6101d7a6222e44b0428a4827a1eee7d1f03f21ab1523f47582eb2e,benzene_50,lstm_nake,physical,mimo,False,9002,complete,,400,10.0,0.010844424526281099,0.0023019956061289502,4.4282089063490314e-05,0.026583444305004655,2.2397066634777323,161.52208945061597,0.0,0.003266138783529916,0.28194004256935595,0.2809053220841778,0.000832175118780587,0,0,0,0,0,14.156972999444406,22.018520750498283,7.501575923999553
benzene_50__lstm_nake__physical__mimo__0__9003,ff49d012db6101d7a6222e44b0428a4827a1eee7d1f03f21ab1523f47582eb2e,benzene_50,lstm_nake,physical,mimo,False,9003,complete,,400,10.0,0.010460551663027761,0.002506129261946891,4.5088772001217875e-05,0.026339462857857206,2.193866864556293,161.5597661067937,0.0,0.003300607333673996,0.28160891778336805,0.2809587889793316,0.0005010503327926852,0,0,0,0,0,13.999145500747545,23.912828150787387,7.484222881999813
benzene_50__lstm_nake__physical__mimo__1__9001,ff49d012db6101d7a6222e44b0428a4827a1eee7d1f03f21ab1523f47582eb2e,benzene_50,lstm_nake,physical,mimo,True,9001,complete,,400,10.0,0.010150127138349799,0.0021164142982484,4.4254775298885665e-05,0.02269499984016649,2.4060071963132277,161.4264921165217,0.0,0.003269378885001737,0.28114426967648215,0.2810784830366971,3.6402225906784214e-05,0,0,0,0,0,14.486868499261618,21.732436599450008,7.659775834999891
benzene_50__lstm_nake__physical__mimo__1__9002,ff49d012db6101d7a6222e44b0428a4827a1eee7d1f03f21ab1523f47582eb2e,benzene_50,lstm_nake,physical,mimo,True,9002,complete,,400,10.0,0.01084442783583819,0.0023021941288416995,4.428302224153969e-05,0.02658406573103614,2.2396014896702363,161.5221548303604,0.0,0.0032661394820094345,0.2819400137874375,0.2809052918050935,0.0008321463368621274,0,0,0,0,0,14.358261000779748,26.43446570073138,7.994193598000493
benzene_50__lstm_nake__physical__mimo__1__9003,ff49d012db6101d7a6222e44b0428a4827a1eee7d1f03f21ab1523f47582eb2e,benzene_50,lstm_nake,physical,mimo,True,9003,complete,,400,10.0,0.010460630806227398,0.0025062376295105922,4.5088910892380796e-05,0.026340673436847,2.1937046163845344,161.55967011818774,0.0,0.00330060723379212,0.28160891376947106,0.2809587840581054,0.0005010463188956926,0,0,0,0,0,14.753561000361515,25.412183801017814,8.238642444001016
benzene_50__lstm_nake__physical__siso__0__9001,ff49d012db6101d7a6222e44b0428a4827a1eee7d1f03f21ab1523f47582eb2e,benzene_50,lstm_nake,physical,siso,False,9001,complete,,400,10.0,0.011695508454108737,0.0036784774566199357,4.631708978283951e-05,0.03810054690740521,96.21625614887337,181.88320106607213,5.076875000000006,0.003286715286243511,0.2798427934720636,0.2812969167541311,0.001265073978511777,0,0,0,0,0,7.088073499289749,10.492524650271662,4.730405927999527
benzene_50__lstm_nake__physical__siso__0__9002,ff49d012db6101d7a6222e44b0428a4827a1eee7d1f03f21ab1523f47582eb2e,benzene_50,lstm_nake,physical,siso,False,9002,complete,,400,10.0,0.011337262759853596,0.002773811696560993,4.492124764510462e-05,0.031759225455794876,96.75110161735743,181.97533433771432,5.183125000000007,0.0032659088665874477,0.2807979588755749,0.28116862322111974,0.00030990857500046154,0,0,0,0,0,7.126757000150974,10.976810799547819,4.790154315998734
benzene_50__lstm_nake__physical__siso__0__9003,ff49d012db6101d7a6222e44b0428a4827a1eee7d1f03f21ab1523f47582eb2e,benzene_50,lstm_nake,physical,siso,False,9003,complete,,400,10.0,0.010901110732377957,0.0028697363863817963,4.602825103884503e-05,0.03127495994465246,97.19243960057409,181.718498210852,5.203125000000007,0.003305652603893251,0.2803438312402981,0.2812147819016039,0.0007640362102772635,0,0,0,0,0,7.361545000094338,10.969262600519869,5.1472902440000325
benzene_50__lstm_nake__physical__siso__1__9001,ff49d012db6101d7a6222e44b0428a4827a1eee7d1f03f21ab1523f47582eb2e,benzene_50,lstm_nake,physical,siso,True,9001,complete,,400,10.0,0.18768794672571923,0.18037390534233186,0.0072421756520607,1.414950308686634,22.425985526646805,165.50803643420144,0.5500000000000003,0.0032471278792242605,0.22937937464845964,0.23012028034541043,0.05172849280211572,0,0,4,4,4,6.30959700083622,11.052861049574856,3.8637497700001404
benzene_50__lstm_nake__physical__siso__1__9002,ff49d012db6101d7a6222e44b0428a4827a1eee7d1f03f21ab1523f47582eb2e,benzene_50,lstm_nake,physical,siso,True,9002,complete,,400,10.0,0.18819706530895944,0.18034819416882542,0.00713858308369934,1.40403042681958,23.022005506677225,165.22444855989116,0.576875,0.0032368178523072832,0.24524445121696187,0.24492637823094554,0.0358634162336135,0,0,3,3,3,6.542181499753497,9.970093999891105,3.833279680000487
benzene_50__lstm_nake__physical__siso__1__9003,ff49d012db6101d7a6222e44b0428a4827a1eee7d1f03f21ab1523f47582eb2e,benzene_50,lstm_nake,physical,siso,True,9003,complete,,400,10.0,0.1788543480189604,0.17131654751093126,0.006669909694540947,1.3561885939570255,24.230562092732654,165.54926126848386,1.4387499999999993,0.00327854074717312,0.24181703714258515,0.24187378809106844,0.039290830307990215,0,0,2,2,2,6.159390999528114,11.171818799721223,3.8977213070011203
benzene_50__lstm_ukf__neural__mimo__0__9001,ff49d012db6101d7a6222e44b0428a4827a1eee7d1f03f21ab1523f47582eb2e,benzene_50,lstm_ukf,neural,mimo,False,9001,complete,,400,10.0,0.009742650867240013,0.0018133218239520217,4.330404729896187e-05,0.020790451223770375,2.3768394015001513,161.42062884868608,0.0,0.0032507455170212238,0.2808020705043461,0.2812704151901572,0.00030579694622928644,0,0,0,0,0,58.03451700012374,94.93981025079847,26.523533396999483
benzene_50__lstm_ukf__neural__mimo__0__9002,ff49d012db6101d7a6222e44b0428a4827a1eee7d1f03f21ab1523f47582eb2e,benzene_50,lstm_ukf,neural,mimo,False,9002,complete,,400,10.0,0.009680100321629416,0.0012146123416192868,4.280696974159216e-05,0.017980259584529236,2.2387563594796895,161.50471779583395,0.0,0.0032307145872636084,0.28159484029411924,0.28109018121237167,0.0004869728435438758,0,0,0,0,0,60.3223349999098,93.80223000025579,28.534028999998554
benzene_50__lstm_ukf__neural__mimo__0__9003,ff49d012db6101d7a6222e44b0428a4827a1eee7d1f03f21ab1523f47582eb2e,benzene_50,lstm_ukf,neural,mimo,False,9003,complete,,400,10.0,0.009338730892646488,0.001434382499634387,4.373376796589136e-05,0.018148666462139154,2.1801226622090755,161.5673237644925,0.0,0.003262854090572273,0.281257139722806,0.28113689322615476,0.00014927227223066053,0,0,0,0,0,63.39507050051907,95.85158780137134,29.194539070000246
benzene_50__lstm_ukf__neural__mimo__1__9001,ff49d012db6101d7a6222e44b0428a4827a1eee7d1f03f21ab1523f47582eb2e,benzene_50,lstm_ukf,neural,mimo,True,9001,complete,,400,10.0,0.009742360176456286,0.001813256478828769,4.3304382063546644e-05,0.02078905271605367,2.3769561414558242,161.42079024571882,0.0,0.0032507448666379774,0.2808021257391979,0.2812704699237874,0.00030574171137748296,0,0,0,0,0,56.68016800063924,85.52154115059238,25.068189386000086
benzene_50__lstm_ukf__neural__mimo__1__9002,ff49d012db6101d7a6222e44b0428a4827a1eee7d1f03f21ab1523f47582eb2e,benzene_50,lstm_ukf,neural,mimo,True,9002,complete,,400,10.0,0.009680065583431798,0.0012145623972851195,4.2806790701228664e-05,0.01798008597246963,2.238702370407154,161.5048075732361,0.0,0.003230714375066372,0.28159530468927657,0.2810906429726128,0.0004874372387012049,0,0,0,0,0,61.41088300046249,93.03088884898898,28.49198242899911
benzene_50__lstm_ukf__neural__mimo__1__9003,ff49d012db6101d7a6222e44b0428a4827a1eee7d1f03f21ab1523f47582eb2e,benzene_50,lstm_ukf,neural,mimo,True,9003,complete,,400,10.0,0.00933854978241747,0.001434290341602204,4.373313346936166e-05,0.018147786280595376,2.179985522388176,161.5671586071025,0.0,0.0032628539330933114,0.2812571965046968,0.28113694831624686,0.0001493290541214609,0,0,0,0,0,57.890151500032516,93.31734390007114,27.360321275999013
benzene_50__lstm_ukf__neural__siso__0__9001,ff49d012db6101d7a6222e44b0428a4827a1eee7d1f03f21ab1523f47582eb2e,benzene_50,lstm_ukf,neural,siso,False,9001,complete,,400,10.0,0.009901518723978698,0.001969179847240112,4.3504133015176804e-05,0.022779133264565536,97.22429765109145,182.19108978750282,5.079375000000006,0.0032270000373635973,0.2805228397539588,0.28104518408693063,0.000585027696616558,0,0,0,0,0,29.400448999695072,41.01195615030517,13.520799717000045
benzene_50__lstm_ukf__neural__siso__0__9002,ff49d012db6101d7a6222e44b0428a4827a1eee7d1f03f21ab1523f47582eb2e,benzene_50,lstm_ukf,neural,siso,False,9002,complete,,400,10.0,0.0096021216574221,0.0011459332372311401,4.2706832609232123e-05,0.017699901824316883,97.72614164815734,182.28320418320706,5.181875000000007,0.0032173196090628897,0.2815066492530076,0.2809091612808722,0.0003987818024322465,0,0,0,0,0,28.913742000440834,45.43427720045655,13.79711795500043
benzene_50__lstm_ukf__neural__siso__0__9003,ff49d012db6101d7a6222e44b0428a4827a1eee7d1f03f21ab1523f47582eb2e,benzene_50,lstm_ukf,neural,siso,False,9003,complete,,400,10.0,0.009176821087811487,0.0012534267355612024,4.381643745687448e-05,0.01731779495766845,98.17552283152837,182.0252282067086,5.194375000000007,0.00325154028057728,0.28104426632045293,0.28095708285378557,6.360113012243707e-05,0,0,0,0,0,29.641803000231448,45.64149929983613,14.361835637000695
benzene_50__lstm_ukf__neural__siso__1__9001,ff49d012db6101d7a6222e44b0428a4827a1eee7d1f03f21ab1523f47582eb2e,benzene_50,lstm_ukf,neural,siso,True,9001,complete,,400,10.0,0.19508472863425497,0.1878784445388566,0.008113934288975786,1.4833943211551919,23.216819862380365,165.3698292780239,0.9862500000000004,0.003238154832327188,0.24259911337412496,0.242976338937397,0.03850875407645041,0,0,11,4,4,22.643443000561092,41.59547129966086,11.04288890799944
benzene_50__lstm_ukf__neural__siso__1__9002,ff49d012db6101d7a6222e44b0428a4827a1eee7d1f03f21ab1523f47582eb2e,benzene_50,lstm_ukf,neural,siso,True,9002,complete,,400,10.0,0.1950085395822359,0.18724814569795667,0.008003319546906796,1.4703080780480131,22.909120095485537,165.44320896733416,0.7781250000000003,0.003232561949790127,0.24521810768279012,0.24477248539120908,0.035889759767785245,0,0,6,4,4,27.74384700023802,45.78967235011076,11.190254232998996
benzene_50__lstm_ukf__neural__siso__1__9003,ff49d012db6101d7a6222e44b0428a4827a1eee7d1f03f21ab1523f47582eb2e,benzene_50,lstm_ukf,neural,siso,True,9003,complete,,400,10.0,0.18606383803625282,0.17862197558623066,0.007143843012327898,1.397313301777072,23.661392704698102,165.31157466130756,0.8175000000000006,0.00325940062440774,0.24366273810023628,0.24358863875721268,0.037445129350339085,0,0,10,3,3,27.914524500374682,44.23768325068518,12.205547828998533
benzene_50__lstm_ukf__physical__mimo__0__9001,ff49d012db6101d7a6222e44b0428a4827a1eee7d1f03f21ab1523f47582eb2e,benzene_50,lstm_ukf,physical,mimo,False,9001,complete,,400,10.0,0.009751014298350694,0.0018279018258328312,4.325197889819252e-05,0.021120331620606413,2.319595976572359,161.46559598537388,0.0,0.003250618024706698,0.2807231819792905,0.2811916847251032,0.0003846854712848402,0,0,0,0,0,13.573971000369056,19.754638700123902,6.727866798999457
benzene_50__lstm_ukf__physical__mimo__0__9002,ff49d012db6101d7a6222e44b0428a4827a1eee7d1f03f21ab1523f47582eb2e,benzene_50,lstm_ukf,physical,mimo,False,9002,complete,,400,10.0,0.009579972925900135,0.0011206953954888885,4.268186006398287e-05,0.017276586175216727,2.2445170515113175,161.55425825655078,0.0,0.003230652193745618,0.28151832057761156,0.2810135127297591,0.0004104531270361922,0,0,0,0,0,13.916846499341773,17.152811750747787,6.89571691799938
benzene_50__lstm_ukf__physical__mimo__0__9003,ff49d012db6101d7a6222e44b0428a4827a1eee7d1f03f21ab1523f47582eb2e,benzene_50,lstm_ukf,physical,mimo,False,9003,complete,,400,10.0,0.00925017120696501,0.0013523317820384312,4.3590629137214325e-05,0.017624978384728887,2.1819363548318043,161.61508442102058,0.0,0.0032628241810647783,0.2811813483975295,0.2810613280890414,7.348094695414087e-05,0,0,0,0,0,13.950362499599578,19.369327200365657,6.914244838000741
benzene_50__lstm_ukf__physical__mimo__1__9001,ff49d012db6101d7a6222e44b0428a4827a1eee7d1f03f21ab1523f47582eb2e,benzene_50,lstm_ukf,physical,mimo,True,9001,complete,,400,10.0,0.009750804824315807,0.0018277087204348172,4.3252767420320276e-05,0.021118906166244105,2.3196177174410186,161.46556038895312,0.0,0.003250617068116854,0.28072320277332036,0.2811917057988916,0.00038466467725500886,0,0,0,0,0,13.775323000118078,20.85938774971509,6.924374063999494
benzene_50__lstm_ukf__physical__mimo__1__9002,ff49d012db6101d7a6222e44b0428a4827a1eee7d1f03f21ab1523f47582eb2e,benzene_50,lstm_ukf,physical,mimo,True,9002,complete,,400,10.0,0.009579787845656301,0.001120518213587126,4.2681789276798385e-05,0.017275088649538334,2.2445339041854138,161.5544460085105,0.0,0.0032306517013410783,0.2815185070186702,0.2810136958820185,0.00041063956809483937,0,0,0,0,0,13.790777500616969,19.87757125016287,6.870783180000217
benzene_50__lstm_ukf__physical__mimo__1__9003,ff49d012db6101d7a6222e44b0428a4827a1eee7d1f03f21ab1523f47582eb2e,benzene_50,lstm_ukf,physical,mimo,True,9003,complete,,400,10.0,0.00924997518295324,0.001352196153193744,4.358956423714353e-05,0.017624075345817846,2.181868329585931,161.61509141756306,0.0,0.003262824464678784,0.2811814128990943,0.2810613912781249,7.35454485189524e-05,0,0,0,0,0,13.981540500026313,20.431152300261598,7.067242717999761
benzene_50__lstm_ukf__physical__siso__0__9001,ff49d012db6101d7a6222e44b0428a4827a1eee7d1f03f21ab1523f47582eb2e,benzene_50,lstm_ukf,physical,siso,False,9001,complete,,400,10.0,0.00979094481698733,0.0018813555347586945,4.315514753567153e-05,0.02166921736810051,97.44296839235696,182.24834940195635,5.078125000000005,0.003227127748323908,0.2806522528488666,0.28117490925536953,0.000455614601708787,0,0,0,0,0,7.023495501016441,8.646941299684839,4.377884305000407
benzene_50__lstm_ukf__physical__siso__0__9002,ff49d012db6101d7a6222e44b0428a4827a1eee7d1f03f21ab1523f47582eb2e,benzene_50,lstm_ukf,physical,siso,False,9002,complete,,400,10.0,0.009595164344626364,0.001159978804731524,4.2544569686589214e-05,0.01765559669543291,97.94427521113415,182.34024062179392,5.178125000000007,0.0032174533119611153,0.28163814654557834,0.28104006757415273,0.0005302790950029723,0,0,0,0,0,7.638446500095597,11.303542499354078,4.989952717000051
benzene_50__lstm_ukf__physical__siso__0__9003,ff49d012db6101d7a6222e44b0428a4827a1eee7d1f03f21ab1523f47582eb2e,benzene_50,lstm_ukf,physical,siso,False,9003,complete,,400,10.0,0.009237319587137425,0.0013384678927989976,4.369665592841289e-05,0.01757851080536697,98.39125453477689,182.08217861581934,5.189375000000007,0.003251678214414233,0.28117500417048236,0.28108771612655864,6.713671990699055e-05,0,0,0,0,0,6.942365000213613,9.467166499962326,4.419913518000612
benzene_50__lstm_ukf__physical__siso__1__9001,ff49d012db6101d7a6222e44b0428a4827a1eee7d1f03f21ab1523f47582eb2e,benzene_50,lstm_ukf,physical,siso,True,9001,complete,,400,10.0,0.18023536743105734,0.17303781862803466,0.006789049353437344,1.3616696866220679,22.93448265974523,165.4455903562084,1.1375000000000002,0.003239847182544605,0.22908687804620248,0.2295463918494237,0.052020989404372886,0,0,3,3,3,6.636357000388671,12.894444349331017,3.827797621001082
benzene_50__lstm_ukf__physical__siso__1__9002,ff49d012db6101d7a6222e44b0428a4827a1eee7d1f03f21ab1523f47582eb2e,benzene_50,lstm_ukf,physical,siso,True,9002,complete,,400,10.0,0.1727410686492761,0.16498455604363554,0.006064535576601427,1.3098765112535389,23.219598101987334,165.4847808271277,1.2718749999999996,0.0032322786357405217,0.2452042677570917,0.24476215652666214,0.03590359969348367,0,0,1,1,1,6.112626499088947,9.907248700801562,3.723357818000295
benzene_50__lstm_ukf__physical__siso__1__9003,ff49d012db6101d7a6222e44b0428a4827a1eee7d1f03f21ab1523f47582eb2e,benzene_50,lstm_ukf,physical,siso,True,9003,complete,,400,10.0,0.17093622057915667,0.16350244567975883,0.005947534036958803,1.280535472739454,24.211119790689246,165.57092709071992,1.5631249999999997,0.0032594259994045203,0.24464730963960502,0.24457553001476412,0.03646055781097035,0,0,2,1,1,6.295466999290511,8.656514499307374,3.6227904930001387
benzene_50__nake__neural__mimo__0__9001,ff49d012db6101d7a6222e44b0428a4827a1eee7d1f03f21ab1523f47582eb2e,benzene_50,nake,neural,mimo,False,9001,complete,,400,10.0,0.010223602856295649,0.0021494294381298315,4.412848317723796e-05,0.02294164541896778,2.443480283454055,161.28771330712956,0.0,0.0032597104534752533,0.2813773336220291,0.2811367440733998,0.0002694661714537361,0,0,0,0,0,58.24684950039227,92.78939064997755,25.43677808100074
benzene_50__nake__neural__mimo__0__9002,ff49d012db6101d7a6222e44b0428a4827a1eee7d1f03f21ab1523f47582eb2e,benzene_50,nake,neural,mimo,False,9002,complete,,400,10.0,0.01072467565420256,0.002328333194511309,4.439543192670537e-05,0.025993598241728894,1.9202905769863634,161.3561389276886,0.0,0.003262043346721992,0.281858931665118,0.28106770080964244,0.0007510642145426294,0,0,0,0,0,57.303229499666486,87.21493115072006,24.50622574299996
benzene_50__nake__neural__mimo__0__9003,ff49d012db6101d7a6222e44b0428a4827a1eee7d1f03f21ab1523f47582eb2e,benzene_50,nake,neural,mimo,False,9003,complete,,400,10.0,0.010647546052929759,0.0025370936052758614,4.549775295138353e-05,0.026776087393637963,2.3391267404019924,161.564045385253,0.0,0.0032971705256435962,0.2815153475414936,0.2810778938927561,0.000407480090918233,0,0,0,0,0,56.669771000088076,82.85170410081263,23.799795259999883
benzene_50__nake__neural__mimo__1__9001,ff49d012db6101d7a6222e44b0428a4827a1eee7d1f03f21ab1523f47582eb2e,benzene_50,nake,neural,mimo,True,9001,complete,,400,10.0,0.010223877115924923,0.002149445247620347,4.412986869984955e-05,0.022942078920766877,2.4435384798780913,161.28774111918403,0.0,0.0032597108996794107,0.2813772117284092,0.28113661624674713,0.0002693442778338162,0,0,0,0,0,55.76431649933511,87.0719346999067,23.506689652000205
benzene_50__nake__neural__mimo__1__9002,ff49d012db6101d7a6222e44b0428a4827a1eee7d1f03f21ab1523f47582eb2e,benzene_50,nake,neural,mimo,True,9002,complete,,400,10.0,0.01072497436353477,0.0023285172642086615,4.4394716271887894e-05,0.025996357412803785,1.920414441518285,161.35624268542685,0.0,0.003262045674451426,0.2818588815785834,0.28106765258914373,0.0007510141280080429,0,0,0,0,0,56.94089900043764,78.87394570016109,23.977343157999712
benzene_50__nake__neural__mimo__1__9003,ff49d012db6101d7a6222e44b0428a4827a1eee7d1f03f21ab1523f47582eb2e,benzene_50,nake,neural,mimo,True,9003,complete,,400,10.0,0.010647738891755937,0.0025373136895540105,4.5497923015910186e-05,0.026777676578131793,2.3392280082433667,161.5643747791765,0.0,0.003297169306681094,0.28151526566756047,0.28107780772857044,0.0004073982169850998,0,0,0,0,0,56.24357350006903,84.18536209946976,23.697106108998923
benzene_50__nake__neural__siso__0__9001,ff49d012db6101d7a6222e44b0428a4827a1eee7d1f03f21ab1523f47582eb2e,benzene_50,nake,neural,siso,False,9001,complete,,400,10.0,0.012193951092433092,0.004193971470733408,4.694718842449857e-05,0.04275835176735816,95.93827389329154,181.7253031034713,5.078125000000005,0.003274334097310766,0.27989545779174513,0.2811357025393717,0.001212409658830238,0,0,0,0,0,28.68947149909218,46.6318834998674,14.489371786001357
benzene_50__nake__neural__siso__0__9002,ff49d012db6101d7a6222e44b0428a4827a1eee7d1f03f21ab1523f47582eb2e,benzene_50,nake,neural,siso,False,9002,complete,,400,10.0,0.011886320412953707,0.003443261237766988,4.609625740351081e-05,0.037005986978652344,96.41502177059361,181.81856832622452,5.181875000000007,0.0032713628167680693,0.2804753939913945,0.2810792074361628,0.0006324734591808823,0,0,0,0,0,29.542516500441707,48.098618750191235,15.343268673999773
benzene_50__nake__neural__siso__0__9003,ff49d012db6101d7a6222e44b0428a4827a1eee7d1f03f21ab1523f47582eb2e,benzene_50,nake,neural,siso,False,9003,complete,,400,10.0,0.01178246305193836,0.0035530008087526098,4.775926306761117e-05,0.03748270787283868,96.87588713732194,181.63245225318582,5.210625000000007,0.003317975983112097,0.28007416757227166,0.28109297517376874,0.0010336998783037066,0,0,0,0,0,28.084852500796842,45.52151650123051,13.79650113400021
benzene_50__nake__neural__siso__1__9001,ff49d012db6101d7a6222e44b0428a4827a1eee7d1f03f21ab1523f47582eb2e,benzene_50,nake,neural,siso,True,9001,complete,,400,10.0,0.20149762397808785,0.19420527466864557,0.008469745884315052,1.5082790379060371,22.51798899832088,165.19985882149194,0.32375,0.0032310235307493793,0.24391837943011707,0.24433906354153886,0.037189488020458294,0,0,8,5,5,23.104645999410423,46.02222979956421,11.347793089998959
benzene_50__nake__neural__siso__1__9002,ff49d012db6101d7a6222e44b0428a4827a1eee7d1f03f21ab1523f47582eb2e,benzene_50,nake,neural,siso,True,9002,complete,,400,10.0,0.19863545268987975,0.19094232831719418,0.008292021196150504,1.4980772199958712,23.070349523745175,165.28531599501795,0.16249999999999998,0.003237833984845326,0.2211307316108154,0.2210456687542886,0.05997713583975997,0,0,9,5,5,23.3007720007663,47.86429840114578,11.566268484999455
benzene_50__nake__neural__siso__1__9003,ff49d012db6101d7a6222e44b0428a4827a1eee7d1f03f21ab1523f47582eb2e,benzene_50,nake,neural,siso,True,9003,complete,,400,10.0,0.1985712030269919,0.19086287920944325,0.00834327160112344,1.504779923159323,24.229386918640287,165.46257100604217,1.0900000000000005,0.003283269287265336,0.22343828592195233,0.22356922734872856,0.05766958152862303,0,0,8,5,5,21.641495500261954,32.6258179499745,10.345878416999767
benzene_50__nake__physical__mimo__0__9001,ff49d012db6101d7a6222e44b0428a4827a1eee7d1f03f21ab1523f47582eb2e,benzene_50,nake,physical,mimo,False,9001,complete,,400,10.0,0.01002047325548606,0.0019517857462433908,4.3841962138770235e-05,0.021501357027367288,2.3202714692822606,161.2876497249761,0.0,0.003259565267516569,0.2813006981824082,0.2810603994197804,0.00019283073183284927,0,0,0,0,0,15.715657499640656,27.14038754975263,8.550844329000029
benzene_50__nake__physical__mimo__0__9002,ff49d012db6101d7a6222e44b0428a4827a1eee7d1f03f21ab1523f47582eb2e,benzene_50,nake,physical,mimo,False,9002,complete,,400,10.0,0.010391110988125377,0.0020013352422325746,4.403903564617318e-05,0.02349775599476099,1.789303130983044,161.35612557412455,0.0,0.003261954525007544,0.28178287114996436,0.2809918597345229,0.0006750036993889985,0,0,0,0,0,14.601387000766408,28.783378100251863,8.405989274999229
benzene_50__nake__physical__mimo__0__9003,ff49d012db6101d7a6222e44b0428a4827a1eee7d1f03f21ab1523f47582eb2e,benzene_50,nake,physical,mimo,False,9003,complete,,400,10.0,0.010336162950425384,0.0022320280115941736,4.514852145536638e-05,0.024363733389062715,2.2409424672479847,161.56413470219798,0.0,0.0032971513755687435,0.2814394445957759,0.2810022139639627,0.0003315771452005456,0,0,0,0,0,14.976230000684154,27.76887274885666,8.313988855999924
benzene_50__nake__physical__mimo__1__9001,ff49d012db6101d7a6222e44b0428a4827a1eee7d1f03f21ab1523f47582eb2e,benzene_50,nake,physical,mimo,True,9001,complete,,400,10.0,0.010020720706900394,0.0019518349082717262,4.3841976959940846e-05,0.02150227847409813,2.320072310935139,161.28768158136228,0.0,0.0032595671985774705,0.28130065536476645,0.2810603491368057,0.00019278791419108376,0,0,0,0,0,14.20796800084645,21.443492148864607,7.0144077069999184
benzene_50__nake__physical__mimo__1__9002,ff49d012db6101d7a6222e44b0428a4827a1eee7d1f03f21ab1523f47582eb2e,benzene_50,nake,physical,mimo,True,9002,complete,,400,10.0,0.010391123899914293,0.002001390604752608,4.403895685158644e-05,0.02349803709865109,1.789464987178252,161.3562274038442,0.0,0.0032619551669612074,0.2817828902720215,0.28099187696210803,0.0006750228214461584,0,0,0,0,0,15.543910499218327,26.075401649995904,8.34208703100012
benzene_50__nake__physical__mimo__1__9003,ff49d012db6101d7a6222e44b0428a4827a1eee7d1f03f21ab1523f47582eb2e,benzene_50,nake,physical,mimo,True,9003,complete,,400,10.0,0.010336120035207962,0.0022320623005542455,4.514833268374088e-05,0.024364209390171653,2.24082285845027,161.5642482839985,0.0,0.0032971507723485362,0.28143938288716347,0.28100215258917194,0.00033151543658810345,0,0,0,0,0,14.269733000219276,18.739316050778132,6.888230648000899
benzene_50__nake__physical__siso__0__9001,ff49d012db6101d7a6222e44b0428a4827a1eee7d1f03f21ab1523f47582eb2e,benzene_50,nake,physical,siso,False,9001,complete,,400,10.0,0.011768258451688515,0.0037910808185156303,4.5739667692999526e-05,0.03923029536870665,96.1755494553728,181.78828276704564,5.076875000000006,0.0032735548808662932,0.28004017016632304,0.2812711698032227,0.0010676972842523225,0,0,0,0,0,6.707163500323077,12.248903050658553,4.62036202300078
benzene_50__nake__physical__siso__0__9002,ff49d012db6101d7a6222e44b0428a4827a1eee7d1f03f21ab1523f47582eb2e,benzene_50,nake,physical,siso,False,9002,complete,,400,10.0,0.011292338894584232,0.0028722248612344315,4.5039223864219785e-05,0.032425354465344294,96.6512986846879,181.88141718329325,5.1793750000000065,0.003270754423692956,0.2806198375735552,0.2812145811019135,0.00048802987702017964,0,0,0,0,0,6.807612000557128,10.319322050418123,4.6193864199995005
benzene_50__nake__physical__siso__0__9003,ff49d012db6101d7a6222e44b0428a4827a1eee7d1f03f21ab1523f47582eb2e,benzene_50,nake,physical,siso,False,9003,complete,,400,10.0,0.011273025000580934,0.003068542213512199,4.6744602299662013e-05,0.03339234649953422,97.11029306173313,181.6953803896904,5.203125000000007,0.0033174143437463685,0.2802187506531887,0.28122849181073173,0.0008891167973866798,0,0,0,0,0,9.396094000294397,11.739699901045242,5.61518225799955
benzene_50__nake__physical__siso__1__9001,ff49d012db6101d7a6222e44b0428a4827a1eee7d1f03f21ab1523f47582eb2e,benzene_50,nake,physical,siso,True,9001,complete,,400,10.0,0.201249862272815,0.19396371131376064,0.008482190337607833,1.511390637201799,22.703654862684758,165.20524024153949,0.5062500000000002,0.00322835899422637,0.2440239516051034,0.24442296402605795,0.037083915845471965,0,0,7,5,5,5.190743499042583,8.1775104999906,3.3798213430000033
benzene_50__nake__physical__siso__1__9002,ff49d012db6101d7a6222e44b0428a4827a1eee7d1f03f21ab1523f47582eb2e,benzene_50,nake,physical,siso,True,9002,complete,,400,10.0,0.18676777184816357,0.17907979086280898,0.007340186085695007,1.4215891827631837,23.25363616489269,165.25539634490556,1.0225000000000006,0.003239203170214186,0.24232427103603763,0.24217117291953166,0.03878359641453774,0,0,4,3,3,6.77338100013003,13.678843349771334,4.694639592000385
benzene_50__nake__physical__siso__1__9003,ff49d012db6101d7a6222e44b0428a4827a1eee7d1f03f21ab1523f47582eb2e,benzene_50,nake,physical,siso,True,9003,complete,,400,10.0,0.20050630256869095,0.19280645783471517,0.008392776806046222,1.5147073993879703,23.94607328757739,165.2328022227978,0.8225000000000003,0.003282548697948205,0.23722696148776048,0.2373426942057907,0.04388090596281488,0,0,8,5,5,6.161403999612958,8.997024950440384,3.909852710999985
benzene_50__ukf__neural__mimo__0__9001,ff49d012db6101d7a6222e44b0428a4827a1eee7d1f03f21ab1523f47582eb2e,benzene_50,ukf,neural,mimo,False,9001,complete,,400,10.0,0.009688649976013819,0.0017752112823358173,4.271574764923118e-05,0.02033920674763998,2.0453920173586537,161.29502876880858,0.0,0.0032362772216034887,0.2810639092901336,0.28121968641960027,4.395816044178158e-05,0,0,0,0,0,55.514970998956414,66.35914095058972,21.91330741299862
benzene_50__ukf__neural__mimo__0__9002,ff49d012db6101d7a6222e44b0428a4827a1eee7d1f03f21ab1523f47582eb2e,benzene_50,ukf,neural,mimo,False,9002,complete,,400,10.0,0.009534830787012692,0.0012182724723386802,4.289461709111346e-05,0.01736067101734586,1.6653115794900082,161.3503330592856,0.0,0.003232711849401505,0.2815064156885178,0.2811641059651829,0.0003985482379424421,0,0,0,0,0,57.1063610004785,85.77332165059487,23.939381468000647
benzene_50__ukf__neural__mimo__0__9003,ff49d012db6101d7a6222e44b0428a4827a1eee7d1f03f21ab1523f47582eb2e,benzene_50,ukf,neural,mimo,False,9003,complete,,400,10.0,0.009642013248219799,0.0015203342668367896,4.435527188567601e-05,0.019086255188824116,2.110449214123426,161.56871067291968,0.0,0.0032713868383160384,0.28118007807646833,0.28117009544306854,7.221062589296556e-05,0,0,0,0,0,56.41922999984672,80.0250150003194,23.048708826998336
benzene_50__ukf__neural__mimo__1__9001,ff49d012db6101d7a6222e44b0428a4827a1eee7d1f03f21ab1523f47582eb2e,benzene_50,ukf,neural,mimo,True,9001,complete,,400,10.0,0.009688687404740557,0.0017751318312154458,4.271632164155233e-05,0.020338122844851002,2.04529335211497,161.29492913920203,0.0,0.003236277422754297,0.28106383738959284,0.28121961345143937,4.403006098252504e-05,0,0,0,0,0,56.413551999867195,81.21998169972355,23.23565376299848
benzene_50__ukf__neural__mimo__1__9002,ff49d012db6101d7a6222e44b0428a4827a1eee7d1f03f21ab1523f47582eb2e,benzene_50,ukf,neural,mimo,True,9002,complete,,400,10.0,0.009534509476744505,0.0012181107313952552,4.289427046932213e-05,0.017358758163353433,1.6653432858274586,161.35047964694834,0.0,0.00323271038015892,0.2815065631018968,0.28116425598320066,0.0003986956513214457,0,0,0,0,0,55.44229400038603,63.63265464924552,22.253127984000457
benzene_50__ukf__neural__mimo__1__9003,ff49d012db6101d7a6222e44b0428a4827a1eee7d1f03f21ab1523f47582eb2e,benzene_50,ukf,neural,mimo,True,9003,complete,,400,10.0,0.00964169700683107,0.00152018640552844,4.435498249579634e-05,0.0190841065589466,2.110454435605855,161.56864709061938,0.0,0.0032713870051354257,0.2811800469577807,0.28117006276853185,7.217950720533883e-05,0,0,0,0,0,55.66529200041259,74.47282910006832,22.4228210199999
benzene_50__ukf__neural__siso__0__9001,ff49d012db6101d7a6222e44b0428a4827a1eee7d1f03f21ab1523f47582eb2e,benzene_50,ukf,neural,siso,False,9001,complete,,400,10.0,0.009948654450872774,0.002029385808730845,4.289635098058411e-05,0.023197037752793075,97.3267985507253,182.11248304042448,5.080625000000006,0.003216013370187628,0.2808008031321529,0.28100761967360044,0.0003070643184224786,0,0,0,0,0,25.970507999772963,31.08123350093591,11.765402967001137
benzene_50__ukf__neural__siso__0__9002,ff49d012db6101d7a6222e44b0428a4827a1eee7d1f03f21ab1523f47582eb2e,benzene_50,ukf,neural,siso,False,9002,complete,,400,10.0,0.009329845035091319,0.0010223098469461889,4.27534081177869e-05,0.016330027209398176,97.76491715076897,182.2000600398348,5.180625000000007,0.003219769551127596,0.2813559149712411,0.2809559656071314,0.00024804752066570623,0,0,0,0,0,25.95434699924226,34.486799999740455,11.95877179099989
benzene_50__ukf__neural__siso__0__9003,ff49d012db6101d7a6222e44b0428a4827a1eee7d1f03f21ab1523f47582eb2e,benzene_50,ukf,neural,siso,False,9003,complete,,400,10.0,0.00945067064861912,0.0013076600717077545,4.439637213182761e-05,0.018113077870082275,98.2302326405504,182.02354607478335,5.193125000000007,0.0032599716177879653,0.2809648390824516,0.2809673635710302,0.0001430283681237432,0,0,0,0,0,26.277769498847192,30.41874714908772,11.627205658000094
benzene_50__ukf__neural__siso__1__9001,ff49d012db6101d7a6222e44b0428a4827a1eee7d1f03f21ab1523f47582eb2e,benzene_50,ukf,neural,siso,True,9001,complete,,400,10.0,0.20179740777436672,0.19460495064702313,0.008572307186277658,1.5216205908831966,22.74572527019665,165.257899733159,0.4437500000000002,0.003226541248362855,0.24071106930108666,0.24094867905618064,0.04039679814948871,0,0,9,6,6,21.6595125002641,32.3162714999853,10.039536692000183
benzene_50__ukf__neural__siso__1__9002,ff49d012db6101d7a6222e44b0428a4827a1eee7d1f03f21ab1523f47582eb2e,benzene_50,ukf,neural,siso,True,9002,complete,,400,10.0,0.20273960997668733,0.1951340452212696,0.008505147662548297,1.5192019769900738,22.72541154366602,165.3209725002707,0.4025000000000001,0.003237791871825472,0.2236999132460989,0.22334688674737618,0.057407954204476475,0,0,9,6,6,18.51732900013303,33.82107689967594,9.45044046699877
benzene_50__ukf__neural__siso__1__9003,ff49d012db6101d7a6222e44b0428a4827a1eee7d1f03f21ab1523f47582eb2e,benzene_50,ukf,neural,siso,True,9003,complete,,400,10.0,0.20135485540165565,0.1936972548403313,0.008487551726658271,1.5200131678606368,23.527406951118497,165.2634664523106,0.7812500000000003,0.0032673206046866985,0.24456271862393109,0.24459029784101316,0.03654514882664428,0,0,7,5,5,21.16016750005656,38.60633420117665,9.957389459001206
benzene_50__ukf__physical__mimo__0__9001,ff49d012db6101d7a6222e44b0428a4827a1eee7d1f03f21ab1523f47582eb2e,benzene_50,ukf,physical,mimo,False,9001,complete,,400,10.0,0.009713491921864378,0.0018060884776243573,4.2632021215299856e-05,0.020822482336578595,2.002820533164328,161.31726236342786,0.0,0.003236161840139663,0.2809866478331603,0.28114259495226523,0.00012121961741506926,0,0,0,0,0,13.800685499518295,26.242181598991003,6.785623588000817
benzene_50__ukf__physical__mimo__0__9002,ff49d012db6101d7a6222e44b0428a4827a1eee7d1f03f21ab1523f47582eb2e,benzene_50,ukf,physical,mimo,False,9002,complete,,400,10.0,0.009388717725996334,0.0010782641885003922,4.2748348121841105e-05,0.01644019386768233,1.7109703859135597,161.3753781502512,0.0,0.0032326638181467463,0.28142976213664395,0.2810874546049302,0.00032189468606858007,0,0,0,0,0,13.860892000593594,26.093043700166152,7.032168785000977
benzene_50__ukf__physical__mimo__0__9003,ff49d012db6101d7a6222e44b0428a4827a1eee7d1f03f21ab1523f47582eb2e,benzene_50,ukf,physical,mimo,False,9003,complete,,400,10.0,0.009521062126650045,0.00140506987873984,4.4217411822022224e-05,0.01833683622335408,2.166220437266199,161.5686800020696,0.0,0.003271367421596204,0.2811035300933815,0.28109364399142056,4.337357193850977e-06,0,0,0,0,0,14.194854999914241,21.332263650947414,6.826981586000329
benzene_50__ukf__physical__mimo__1__9001,ff49d012db6101d7a6222e44b0428a4827a1eee7d1f03f21ab1523f47582eb2e,benzene_50,ukf,physical,mimo,True,9001,complete,,400,10.0,0.009714246991987833,0.0018064357722845648,4.263622366900699e-05,0.020824744761018234,2.002763378291194,161.3172554804445,0.0,0.0032361625280682388,0.2809859319049522,0.2811418895740942,0.00012193554562317521,0,0,0,0,0,14.404769499378745,20.66620184887142,6.855297217998668
benzene_50__ukf__physical__mimo__1__9002,ff49d012db6101d7a6222e44b0428a4827a1eee7d1f03f21ab1523f47582eb2e,benzene_50,ukf,physical,mimo,True,9002,complete,,400,10.0,0.00938898792898021,0.0010784529030133385,4.27498452355118e-05,0.01644017529422385,1.7109167654749085,161.37521761961727,0.0,0.0032326627942235054,0.28142988987774986,0.2810875844691358,0.00032202242717449536,0,0,0,0,0,13.852934999704303,17.148576449199,6.557231208000303
benzene_50__ukf__physical__mimo__1__9003,ff49d012db6101d7a6222e44b0428a4827a1eee7d1f03f21ab1523f47582eb2e,benzene_50,ukf,physical,mimo,True,9003,complete,,400,10.0,0.009520569492284124,0.0014048913596903937,4.421729093444628e-05,0.018333958234232624,2.16635960900934,161.56861773492426,0.0,0.0032713678969767354,0.2811034035127262,0.2810935202114239,4.463937849141786e-06,0,0,0,0,0,13.669744001163053,15.043134100505995,6.2311787540002115
benzene_50__ukf__physical__siso__0__9001,ff49d012db6101d7a6222e44b0428a4827a1eee7d1f03f21ab1523f47582eb2e,benzene_50,ukf,physical,siso,False,9001,complete,,400,10.0,0.009779160399028045,0.0018819695802633908,4.261946489502782e-05,0.021513637361573506,97.54526003026659,182.1693941367513,5.076875000000006,0.0032161402396006507,0.280930975831114,0.2811378375948881,0.00017689161946138343,0,0,0,0,0,6.928407999112096,13.192593599342215,5.010772563999126
benzene_50__ukf__physical__siso__0__9002,ff49d012db6101d7a6222e44b0428a4827a1eee7d1f03f21ab1523f47582eb2e,benzene_50,ukf,physical,siso,False,9002,complete,,400,10.0,0.009339163324093323,0.0010536378783236947,4.2609941970527504e-05,0.016318907467969233,97.98297941226883,182.2569349952153,5.176875000000007,0.003219898202311054,0.28148744238910467,0.2810870825114315,0.00037957493852930346,0,0,0,0,0,7.076996999785479,13.493605351050062,5.115996594000535
benzene_50__ukf__physical__siso__0__9003,ff49d012db6101d7a6222e44b0428a4827a1eee7d1f03f21ab1523f47582eb2e,benzene_50,ukf,physical,siso,False,9003,complete,,400,10.0,0.009542352081319287,0.001423370482254396,4.4289803092831523e-05,0.01852075731545597,98.44634150907413,182.0803283345712,5.1881250000000065,0.0032601091094419292,0.2810955065780155,0.2810980034274888,1.2360872559846747e-05,0,0,0,0,0,6.465502000537526,10.663312850920178,4.1885702469990065
benzene_50__ukf__physical__siso__1__9001,ff49d012db6101d7a6222e44b0428a4827a1eee7d1f03f21ab1523f47582eb2e,benzene_50,ukf,physical,siso,True,9001,complete,,400,10.0,0.19386774216100777,0.18668031746374159,0.007832469875328535,1.4516406609411796,22.719796563900957,165.2480857158004,0.44250000000000017,0.003226507458073137,0.24408832458668947,0.24430751846821738,0.037019542863885896,0,0,6,4,4,5.55081050060835,10.4115676004767,3.6576169899999513
benzene_50__ukf__physical__siso__1__9002,ff49d012db6101d7a6222e44b0428a4827a1eee7d1f03f21ab1523f47582eb2e,benzene_50,ukf,physical,siso,True,9002,complete,,400,10.0,0.19727877075497677,0.18967858972175192,0.008071178226543596,1.4894586497362008,23.16204974995001,165.24757527654123,0.7600000000000002,0.003235789059894602,0.21920535486677778,0.21895379680677404,0.061902512583797586,0,0,6,5,5,5.269091499940259,8.238330649419366,3.489304159000312
benzene_50__ukf__physical__siso__1__9003,ff49d012db6101d7a6222e44b0428a4827a1eee7d1f03f21ab1523f47582eb2e,benzene_50,ukf,physical,siso,True,9003,complete,,400,10.0,0.2007995437703229,0.1931495876654647,0.008527671501281779,1.523265299791415,23.909501337951323,165.47174803769144,0.8712500000000005,0.0032673548665876637,0.2371124209217717,0.2371101364612171,0.04399544652880366,0,0,7,5,5,5.1833064999300404,11.971428100605403,3.624575764000838
kinetics_noise__lstm_nake__neural__mimo__0__9001,ff49d012db6101d7a6222e44b0428a4827a1eee7d1f03f21ab1523f47582eb2e,kinetics_noise,lstm_nake,neural,mimo,False,9001,complete,,400,10.0,0.1058696174496489,0.09840786275256116,0.002044943423408793,0.760971299916056,2.8950435695185583,162.0607093890419,0.0,0.014485136854443123,0.30111884984234333,0.2812047252102763,0.020010982391767962,0,0,0,0,0,56.75855299978139,91.8722690486902,25.559629929999574
kinetics_noise__lstm_nake__neural__mimo__0__9002,ff49d012db6101d7a6222e44b0428a4827a1eee7d1f03f21ab1523f47582eb2e,kinetics_noise,lstm_nake,neural,mimo,False,9002,complete,,400,10.0,0.107410020269957,0.09924522807450387,0.0021050511045697133,0.7717584072392297,3.287452837691189,162.98323285202972,0.0,0.014718765914034017,0.30176590414574156,0.28113326935143124,0.020658036695166193,0,0,0,0,0,58.24867149931379,93.11115410055208,26.430238593999093
kinetics_noise__lstm_nake__neural__mimo__0__9003,ff49d012db6101d7a6222e44b0428a4827a1eee7d1f03f21ab1523f47582eb2e,kinetics_noise,lstm_nake,neural,mimo,False,9003,complete,,400,10.0,0.10921667016840154,0.10206908448419773,0.0022149172902778584,0.7871393279145689,3.6048913691838878,162.5480372401468,0.0,0.015096192573163929,0.30364822090718346,0.28128884025155265,0.022540353456608098,0,0,0,0,0,58.185508999486046,93.49492484961955,26.030758187000174
kinetics_noise__lstm_nake__neural__mimo__1__9001,ff49d012db6101d7a6222e44b0428a4827a1eee7d1f03f21ab1523f47582eb2e,kinetics_noise,lstm_nake,neural,mimo,True,9001,complete,,400,10.0,0.10586860586855806,0.09840678932525818,0.0020449033775917914,0.7609649378349822,2.8954054914993557,162.06076725505338,0.0,0.014485105500844564,0.30111859184437084,0.2812045091589393,0.020010724393795476,0,0,0,0,0,56.75469800007704,87.91928255068342,25.243106211999475
kinetics_noise__lstm_nake__neural__mimo__1__9002,ff49d012db6101d7a6222e44b0428a4827a1eee7d1f03f21ab1523f47582eb2e,kinetics_noise,lstm_nake,neural,mimo,True,9002,complete,,400,10.0,0.1074099137857075,0.09924534319402231,0.002105055981357968,0.7717586694789978,3.287617143878726,162.98324959171583,0.0,0.014718773132183931,0.30176576409345873,0.2811331359549655,0.020657896642883367,0,0,0,0,0,57.46195749998151,92.66250384907835,25.7008720599988
kinetics_noise__lstm_nake__neural__mimo__1__9003,ff49d012db6101d7a6222e44b0428a4827a1eee7d1f03f21ab1523f47582eb2e,kinetics_noise,lstm_nake,neural,mimo,True,9003,complete,,400,10.0,0.10921618118990198,0.10206868923785838,0.002214899334136401,0.7871360292137721,3.6047696782649594,162.5480664827461,0.0,0.015096176965116025,0.30364807472852373,0.28128874662214726,0.022540207277948365,0,0,0,0,0,57.457165499727125,92.79965054920466,25.789766914998836
kinetics_noise__lstm_nake__neural__siso__0__9001,ff49d012db6101d7a6222e44b0428a4827a1eee7d1f03f21ab1523f47582eb2e,kinetics_noise,lstm_nake,neural,siso,False,9001,complete,,400,10.0,0.10568018672938154,0.09828535175362751,0.002039565210653046,0.7598690697791419,6.560151745671174,165.39504577381174,0.20124999999999998,0.014465267688578002,0.3010491214243796,0.28118811590069337,0.01994125397380425,0,0,0,0,0,30.9411940006612,49.85933894968183,15.264477342001555
kinetics_noise__lstm_nake__neural__siso__0__9002,ff49d012db6101d7a6222e44b0428a4827a1eee7d1f03f21ab1523f47582eb2e,kinetics_noise,lstm_nake,neural,siso,False,9002,complete,,400,10.0,0.10738271942698094,0.09918534083970483,0.002102340013382994,0.7713035039198084,7.142803862963088,165.4314895541701,0.22,0.014706243471120888,0.3017523272738606,0.2811378719399474,0.02064445982328522,0,0,0,0,0,30.67129749979358,49.667410399342764,14.876496793000115
kinetics_noise__lstm_nake__neural__siso__0__9003,ff49d012db6101d7a6222e44b0428a4827a1eee7d1f03f21ab1523f47582eb2e,kinetics_noise,lstm_nake,neural,siso,False,9003,complete,,400,10.0,0.10904184832142756,0.10197808761087741,0.0022103914435932424,0.7864498307820236,6.768089285267535,165.57032878797102,0.20375000000000001,0.015076463283912316,0.30366617482155644,0.28128671805207606,0.02255830737098108,0,0,0,0,0,29.869842000152858,49.30264094909944,14.569409353000083
kinetics_noise__lstm_nake__neural__siso__1__9001,ff49d012db6101d7a6222e44b0428a4827a1eee7d1f03f21ab1523f47582eb2e,kinetics_noise,lstm_nake,neural,siso,True,9001,complete,,400,10.0,0.10482603104612417,0.09828576399214138,0.00202844647723898,0.759667214394181,6.101036060816664,164.26526401387704,0.0,0.01446970218218824,0.30104918035513967,0.2811881710812569,0.0199413129045643,0,0,0,0,0,32.193176999498974,50.5124500491547,15.700203409000096
kinetics_noise__lstm_nake__neural__siso__1__9002,ff49d012db6101d7a6222e44b0428a4827a1eee7d1f03f21ab1523f47582eb2e,kinetics_noise,lstm_nake,neural,siso,True,9002,complete,,400,10.0,0.10671818196993149,0.09918630027859561,0.0020928039586280887,0.771155347213835,6.784361267003255,164.6548946652136,0.0,0.014710091205532442,0.30175242892653814,0.2811379622529992,0.020644561475962775,0,0,0,0,0,31.284095499358955,49.26962380004625,15.114720479001335
kinetics_noise__lstm_nake__neural__siso__1__9003,ff49d012db6101d7a6222e44b0428a4827a1eee7d1f03f21ab1523f47582eb2e,kinetics_noise,lstm_nake,neural,siso,True,9003,complete,,400,10.0,0.1082074869097488,0.1019789142150776,0.002198429870366259,0.7862425051947115,6.322591988712634,164.2361221005507,0.0,0.01508016312480971,0.3036663211230975,0.28128683876679167,0.022558453672522127,0,0,0,0,0,30.774973500228953,49.299937099840456,14.917365431001599
kinetics_noise__lstm_nake__physical__mimo__0__9001,ff49d012db6101d7a6222e44b0428a4827a1eee7d1f03f21ab1523f47582eb2e,kinetics_noise,lstm_nake,physical,mimo,False,9001,complete,,400,10.0,0.10585934574908565,0.098404439826544,0.0020447601881564553,0.7609383775797317,2.8888173744723757,162.06127597242536,0.0,0.014485052228876654,0.30111705795644167,0.2812031592878546,0.020009190505866303,0,0,0,0,0,14.729598999110749,25.551097400330036,8.181443417000992
kinetics_noise__lstm_nake__physical__mimo__0__9002,ff49d012db6101d7a6222e44b0428a4827a1eee7d1f03f21ab1523f47582eb2e,kinetics_noise,lstm_nake,physical,mimo,False,9002,complete,,400,10.0,0.10740298703268467,0.09924384319177253,0.002104936911261902,0.7717430754772407,3.2829660523647575,162.98251142433344,0.0,0.014718705320383408,0.3017664465713511,0.28113380468528937,0.020658579120775733,0,0,0,0,0,14.928440499716089,26.08316619998731,8.217721070999687
kinetics_noise__lstm_nake__physical__mimo__0__9003,ff49d012db6101d7a6222e44b0428a4827a1eee7d1f03f21ab1523f47582eb2e,kinetics_noise,lstm_nake,physical,mimo,False,9003,complete,,400,10.0,0.10921071435068254,0.10206770788593485,0.00221481052833037,0.7871298242570857,3.600344980544945,162.54793501838637,0.0,0.015096112163172493,0.30364791212437986,0.28128855911162337,0.022540044673804494,0,0,0,0,0,14.907474499523232,26.805633699223108,8.362219255999662
kinetics_noise__lstm_nake__physical__mimo__1__9001,ff49d012db6101d7a6222e44b0428a4827a1eee7d1f03f21ab1523f47582eb2e,kinetics_noise,lstm_nake,physical,mimo,True,9001,complete,,400,10.0,0.10585945708653732,0.09840455230334383,0.002044765353257877,0.7609388413298441,2.889077750310606,162.06130420841748,0.0,0.014485047997946374,0.30111706049626774,0.28120317795750427,0.020009193045692375,0,0,0,0,0,14.257926500249596,26.751970448731292,7.801491734000592
kinetics_noise__lstm_nake__physical__mimo__1__9002,ff49d012db6101d7a6222e44b0428a4827a1eee7d1f03f21ab1523f47582eb2e,kinetics_noise,lstm_nake,physical,mimo,True,9002,complete,,400,10.0,0.10740307364014563,0.09924386680726761,0.0021049375000751313,0.7717431846447707,3.2829812083511816,162.9825162481356,0.0,0.014718707938398242,0.3017659098162572,0.2811332987446914,0.02065804236568186,0,0,0,0,0,15.137784999751602,26.75798454974938,8.763015177999478
kinetics_noise__lstm_nake__physical__mimo__1__9003,ff49d012db6101d7a6222e44b0428a4827a1eee7d1f03f21ab1523f47582eb2e,kinetics_noise,lstm_nake,physical,mimo,True,9003,complete,,400,10.0,0.10920991631553517,0.10206716439217849,0.00221478678854443,0.7871248898436691,3.600345854883085,162.54790777732129,0.0,0.015096095924559207,0.3036477273348166,0.2812884330485961,0.02253985988424123,0,0,0,0,0,14.665379500002018,26.536018699971464,8.235750342999381
kinetics_noise__lstm_nake__physical__siso__0__9001,ff49d012db6101d7a6222e44b0428a4827a1eee7d1f03f21ab1523f47582eb2e,kinetics_noise,lstm_nake,physical,siso,False,9001,complete,,400,10.0,0.10564728151550225,0.098273594498701,0.0020389315618478967,0.7597573833120357,6.542104098591603,165.3881966347695,0.19875000000000004,0.01446507110533747,0.30104366903992086,0.28118334314472804,0.019935801589345492,0,0,0,0,0,7.225756499792624,12.148936801258966,4.623727144000441
kinetics_noise__lstm_nake__physical__siso__0__9002,ff49d012db6101d7a6222e44b0428a4827a1eee7d1f03f21ab1523f47582eb2e,kinetics_noise,lstm_nake,physical,siso,False,9002,complete,,400,10.0,0.10735493256763359,0.09918099726927734,0.0021019141817068773,0.7712463765577311,7.126040414646058,165.42364477420418,0.21875,0.014706151122844287,0.30175045254507665,0.2811362840111421,0.020642585094501287,0,0,0,0,0,7.68007500028034,14.017166549365356,5.237599244999728
kinetics_noise__lstm_nake__physical__siso__0__9003,ff49d012db6101d7a6222e44b0428a4827a1eee7d1f03f21ab1523f47582eb2e,kinetics_noise,lstm_nake,physical,siso,False,9003,complete,,400,10.0,0.10902067126981355,0.10197268891404904,0.002209967342701477,0.786416051347728,6.753737167354598,165.56424077915406,0.20125,0.015076326954921494,0.3036676074691298,0.2812879029018477,0.02255974001855443,0,0,0,0,0,7.254203999764286,13.03517449960054,4.669117306000771
kinetics_noise__lstm_nake__physical__siso__1__9001,ff49d012db6101d7a6222e44b0428a4827a1eee7d1f03f21ab1523f47582eb2e,kinetics_noise,lstm_nake,physical,siso,True,9001,complete,,400,10.0,0.10480608341295305,0.09827375756094339,0.002027958491833836,0.7595566521179695,6.090021382775323,164.2683186162083,0.0,0.014469449871188627,0.3010438013044931,0.28118346979339465,0.01993593385391773,0,0,0,0,0,7.381886499388202,14.48828010034049,5.022799010999734
kinetics_noise__lstm_nake__physical__siso__1__9002,ff49d012db6101d7a6222e44b0428a4827a1eee7d1f03f21ab1523f47582eb2e,kinetics_noise,lstm_nake,physical,siso,True,9002,complete,,400,10.0,0.10670618315845667,0.09918179044756396,0.002092593083076707,0.7711022544751437,6.776070305867926,164.66160050674995,0.0,0.014709930636170637,0.30175060342999027,0.2811364038994778,0.020642735979414906,0,0,0,0,0,7.2051004999593715,13.583307200406123,4.639844027000436
kinetics_noise__lstm_nake__physical__siso__1__9003,ff49d012db6101d7a6222e44b0428a4827a1eee7d1f03f21ab1523f47582eb2e,kinetics_noise,lstm_nake,physical,siso,True,9003,complete,,400,10.0,0.10820301388902875,0.10197337419870528,0.0021982254121253467,0.7862122784258954,6.317392842675435,164.2479397893506,0.0,0.015079957526429471,0.30366760168796586,0.2812879068018989,0.022559734237390494,0,0,0,0,0,7.675808999920264,14.007574500374172,5.103906745998756
kinetics_noise__lstm_ukf__neural__mimo__0__9001,ff49d012db6101d7a6222e44b0428a4827a1eee7d1f03f21ab1523f47582eb2e,kinetics_noise,lstm_ukf,neural,mimo,False,9001,complete,,400,10.0,0.10579896712962623,0.09842831270340567,0.0020458521784756244,0.7609397470276753,2.8795294669230684,162.08111808397567,0.0,0.014490014994965822,0.30110027181990795,0.28120468357541695,0.019992404369332584,0,0,0,0,0,56.52848850149894,92.53395965024538,25.31042000100024
kinetics_noise__lstm_ukf__neural__mimo__0__9002,ff49d012db6101d7a6222e44b0428a4827a1eee7d1f03f21ab1523f47582eb2e,kinetics_noise,lstm_ukf,neural,mimo,False,9002,complete,,400,10.0,0.10745857472403847,0.09946802222409025,0.002113038388777963,0.773075809958914,3.3229934753888504,163.01109878048993,0.0,0.014746475972136575,0.3017697717744141,0.2811342244375147,0.020661904323838742,0,0,0,0,0,56.3595855010135,86.25692155046632,24.432332283000505
kinetics_noise__lstm_ukf__neural__mimo__0__9003,ff49d012db6101d7a6222e44b0428a4827a1eee7d1f03f21ab1523f47582eb2e,kinetics_noise,lstm_ukf,neural,mimo,False,9003,complete,,400,10.0,0.10925097433595733,0.10219696611668487,0.0022199245091495665,0.788013025431147,3.623897442701579,162.54333370818298,0.0,0.015114954120911541,0.3036466228505135,0.28129971930884734,0.02253875539993816,0,0,0,0,0,57.09950199980085,92.67624304984564,25.133586439000283
kinetics_noise__lstm_ukf__neural__mimo__1__9001,ff49d012db6101d7a6222e44b0428a4827a1eee7d1f03f21ab1523f47582eb2e,kinetics_noise,lstm_ukf,neural,mimo,True,9001,complete,,400,10.0,0.10579878466067374,0.09842785236307633,0.0020458333379819644,0.7609370454623288,2.880014961640952,162.08116612199427,0.0,0.01448999870919015,0.3011001777355211,0.28120463277725494,0.019992310284945747,0,0,0,0,0,56.212436998976045,89.2671791010798,24.64024307300133
kinetics_noise__lstm_ukf__neural__mimo__1__9002,ff49d012db6101d7a6222e44b0428a4827a1eee7d1f03f21ab1523f47582eb2e,kinetics_noise,lstm_ukf,neural,mimo,True,9002,complete,,400,10.0,0.10745866650961823,0.09946805156062231,0.002113041146204032,0.7730761769103816,3.3231274306952066,163.01108243417664,0.0,0.014746468805623315,0.3017700700348519,0.2811345028382274,0.020662202584276534,0,0,0,0,0,57.03909599924373,90.38976560077572,25.043927744998655
kinetics_noise__lstm_ukf__neural__mimo__1__9003,ff49d012db6101d7a6222e44b0428a4827a1eee7d1f03f21ab1523f47582eb2e,kinetics_noise,lstm_ukf,neural,mimo,True,9003,complete,,400,10.0,0.10925075122209392,0.10219668175475388,0.002219911419344344,0.7880101498956612,3.623465894048594,162.5434737514057,0.0,0.01511495470612568,0.3036463114353363,0.28129947921341214,0.02253844398476096,0,0,0,0,0,56.52730499878089,89.09571555059301,24.940940930999204
kinetics_noise__lstm_ukf__neural__siso__0__9001,ff49d012db6101d7a6222e44b0428a4827a1eee7d1f03f21ab1523f47582eb2e,kinetics_noise,lstm_ukf,neural,siso,False,9001,complete,,400,10.0,0.10557475264201191,0.09826822587593537,0.0020390855652639103,0.7595044731778141,6.48075922862072,165.41612109860665,0.20625,0.014464485545651372,0.3010184490638685,0.28119061186644684,0.01991058161329312,0,0,0,0,0,30.91875199970673,49.43854955081406,14.61043846999928
kinetics_noise__lstm_ukf__neural__siso__0__9002,ff49d012db6101d7a6222e44b0428a4827a1eee7d1f03f21ab1523f47582eb2e,kinetics_noise,lstm_ukf,neural,siso,False,9002,complete,,400,10.0,0.10743615575702604,0.09939557283147321,0.002110212764573333,0.7724896975094299,7.074982967374914,165.41037580907772,0.21625,0.014734605164639147,0.30174592844021497,0.2811410407603133,0.020638060989639606,0,0,0,0,0,30.238912499953585,48.585692700635256,14.228084088999822
kinetics_noise__lstm_ukf__neural__siso__0__9003,ff49d012db6101d7a6222e44b0428a4827a1eee7d1f03f21ab1523f47582eb2e,kinetics_noise,lstm_ukf,neural,siso,False,9003,complete,,400,10.0,0.10913113786860909,0.1020815164907168,0.002214986476246601,0.7872352373341778,6.755079091232395,165.585488609223,0.20750000000000002,0.01509484476319769,0.30367699863730585,0.2812955516703064,0.022569131186730484,0,0,0,0,0,30.603001499912352,49.409304400433015,14.816312906999883
kinetics_noise__lstm_ukf__neural__siso__1__9001,ff49d012db6101d7a6222e44b0428a4827a1eee7d1f03f21ab1523f47582eb2e,kinetics_noise,lstm_ukf,neural,siso,True,9001,complete,,400,10.0,0.10471866840282247,0.09826852115511585,0.002027874615865294,0.7593023427383898,6.020875058047022,164.28473840746983,0.0,0.014468559756274224,0.30101856287240875,0.2811907242795432,0.01991069542183338,0,0,0,0,0,30.362079999576963,47.32078439974429,13.79490861100021
kinetics_noise__lstm_ukf__neural__siso__1__9002,ff49d012db6101d7a6222e44b0428a4827a1eee7d1f03f21ab1523f47582eb2e,kinetics_noise,lstm_ukf,neural,siso,True,9002,complete,,400,10.0,0.10678312525972121,0.09939641849264547,0.002100875014287825,0.7723447245749355,6.722705939655893,164.64830627882537,0.0,0.014738554547529061,0.30174610039259103,0.2811411879376816,0.020638232942015666,0,0,0,0,0,30.266704000496247,48.30682345027526,14.04209575599998
kinetics_noise__lstm_ukf__neural__siso__1__9003,ff49d012db6101d7a6222e44b0428a4827a1eee7d1f03f21ab1523f47582eb2e,kinetics_noise,lstm_ukf,neural,siso,True,9003,complete,,400,10.0,0.10828043274076904,0.10208228940715844,0.002202851650601885,0.7870154012158053,6.300676821972055,164.24506100500562,0.0,0.01509763174751921,0.3036770128437176,0.2812955753855454,0.022569145393142254,0,0,0,0,0,30.599538500609924,49.19750714907423,13.975272407000375
kinetics_noise__lstm_ukf__physical__mimo__0__9001,ff49d012db6101d7a6222e44b0428a4827a1eee7d1f03f21ab1523f47582eb2e,kinetics_noise,lstm_ukf,physical,mimo,False,9001,complete,,400,10.0,0.10578845461361744,0.09842484007990429,0.0020456663281903805,0.7609067981648978,2.8736165891142287,162.0816812649574,0.0,0.014489931942211666,0.30109866456679935,0.2812032750032207,0.01999079711622398,0,0,0,0,0,14.520929000354954,25.71540614962941,7.972243005000564
kinetics_noise__lstm_ukf__physical__mimo__0__9002,ff49d012db6101d7a6222e44b0428a4827a1eee7d1f03f21ab1523f47582eb2e,kinetics_noise,lstm_ukf,physical,mimo,False,9002,complete,,400,10.0,0.10745225409783239,0.09946720280865158,0.0021129459304571963,0.7730648450070626,3.3186022642143893,163.01085057939713,0.0,0.014746445023280753,0.301770209433854,0.28113463857235016,0.020662341983278654,0,0,0,0,0,14.747424999768555,25.40266185114887,8.105632601998877
kinetics_noise__lstm_ukf__physical__mimo__0__9003,ff49d012db6101d7a6222e44b0428a4827a1eee7d1f03f21ab1523f47582eb2e,kinetics_noise,lstm_ukf,physical,mimo,False,9003,complete,,400,10.0,0.10924510443961467,0.10219560471202162,0.0022198183840958525,0.7880047224711574,3.619071151834757,162.54323500950423,0.0,0.01511489857917046,0.3036462809041912,0.28129942071669983,0.022538413453615846,0,0,0,0,0,14.240552000046591,26.04044094996425,7.705412696999701
kinetics_noise__lstm_ukf__physical__mimo__1__9001,ff49d012db6101d7a6222e44b0428a4827a1eee7d1f03f21ab1523f47582eb2e,kinetics_noise,lstm_ukf,physical,mimo,True,9001,complete,,400,10.0,0.10578749893730749,0.09842399809845553,0.002045634656697321,0.7609010220237451,2.8738429548620705,162.08175205159236,0.0,0.014489912801244164,0.30109861613477357,0.2812032560924383,0.0199907486841982,0,0,0,0,0,14.436839500376664,22.804004800946128,7.525138212000456
kinetics_noise__lstm_ukf__physical__mimo__1__9002,ff49d012db6101d7a6222e44b0428a4827a1eee7d1f03f21ab1523f47582eb2e,kinetics_noise,lstm_ukf,physical,mimo,True,9002,complete,,400,10.0,0.10745216955334314,0.09946707331231128,0.0021129400778144266,0.773063549958809,3.318641533423164,163.0108515010709,0.0,0.014746439902016942,0.30177037291559083,0.28113481296922666,0.020662505465015468,0,0,0,0,0,15.089324499967915,26.537533001373955,8.379674596000768
kinetics_noise__lstm_ukf__physical__mimo__1__9003,ff49d012db6101d7a6222e44b0428a4827a1eee7d1f03f21ab1523f47582eb2e,kinetics_noise,lstm_ukf,physical,mimo,True,9003,complete,,400,10.0,0.10924464425791057,0.1021953584023169,0.0022198075476614005,0.7880006774385533,3.618992533009045,162.54322260387235,0.0,0.015114891603325782,0.30364528687743836,0.28129862495405583,0.022537419426862992,0,0,0,0,0,14.717499999278516,25.363950150858724,7.954616533999797
kinetics_noise__lstm_ukf__physical__siso__0__9001,ff49d012db6101d7a6222e44b0428a4827a1eee7d1f03f21ab1523f47582eb2e,kinetics_noise,lstm_ukf,physical,siso,False,9001,complete,,400,10.0,0.10554157812120873,0.09825595952613664,0.002038433197502878,0.7593898400750146,6.462819295495217,165.40931789900623,0.20375,0.014464317899108159,0.30101293702602244,0.2811856745036979,0.019905069575447076,0,0,0,0,0,7.550913999693876,12.636834000750234,4.89520264299972
kinetics_noise__lstm_ukf__physical__siso__0__9002,ff49d012db6101d7a6222e44b0428a4827a1eee7d1f03f21ab1523f47582eb2e,kinetics_noise,lstm_ukf,physical,siso,False,9002,complete,,400,10.0,0.10740923330290884,0.09939107386577557,0.0021097791891347807,0.7724341857930662,7.058347976184997,165.4024172791328,0.215,0.014734527155852332,0.3017446538578157,0.2811399393984865,0.020636786407240315,0,0,0,0,0,7.204816000012215,13.435110049704228,4.539419041000656
kinetics_noise__lstm_ukf__physical__siso__0__9003,ff49d012db6101d7a6222e44b0428a4827a1eee7d1f03f21ab1523f47582eb2e,kinetics_noise,lstm_ukf,physical,siso,False,9003,complete,,400,10.0,0.10911132608297068,0.10207657358579376,0.0022145817148101783,0.7872072354158743,6.740529246463611,165.57940975498218,0.20375000000000001,0.015094752551167562,0.30367820039528437,0.28129664565782475,0.022570332944709004,0,0,0,0,0,8.03609700051311,14.44147064903518,5.388264798999444
kinetics_noise__lstm_ukf__physical__siso__1__9001,ff49d012db6101d7a6222e44b0428a4827a1eee7d1f03f21ab1523f47582eb2e,kinetics_noise,lstm_ukf,physical,siso,True,9001,complete,,400,10.0,0.10469899280905301,0.09825625154809128,0.0020273816545825314,0.7591909331757419,6.010094865223593,164.28816098560972,0.0,0.014468365027125639,0.301013149676153,0.2811858699764954,0.019905282225577636,0,0,0,0,0,7.748752000225068,13.549422049345592,4.820997976001308
kinetics_noise__lstm_ukf__physical__siso__1__9002,ff49d012db6101d7a6222e44b0428a4827a1eee7d1f03f21ab1523f47582eb2e,kinetics_noise,lstm_ukf,physical,siso,True,9002,complete,,400,10.0,0.1067719691774736,0.09939175933916558,0.0021006577786903667,0.7722923437443071,6.714757754763565,164.65515403885715,0.0,0.014738397159376629,0.30174482084431414,0.2811400856516331,0.020636953393738777,0,0,0,0,0,7.383404499705648,11.945921900223766,4.545895819001089
kinetics_noise__lstm_ukf__physical__siso__1__9003,ff49d012db6101d7a6222e44b0428a4827a1eee7d1f03f21ab1523f47582eb2e,kinetics_noise,lstm_ukf,physical,siso,True,9003,complete,,400,10.0,0.10827767218159612,0.10207719713143792,0.002202667160773177,0.7869907425932405,6.2954650795869735,164.2572102819214,0.0,0.015097490511043997,0.30367816914141005,0.2812966186530911,0.022570301690834682,0,0,0,0,0,7.735119000244595,14.533301599567494,5.363533830000961
kinetics_noise__nake__neural__mimo__0__9001,ff49d012db6101d7a6222e44b0428a4827a1eee7d1f03f21ab1523f47582eb2e,kinetics_noise,nake,neural,mimo,False,9001,complete,,400,10.0,0.10664908787242855,0.09926565684803962,0.002079828894800183,0.7674677768707027,3.433441887929502,162.02758233938474,0.0,0.014623025083559822,0.30145792031681556,0.28116261809401716,0.020350052866240198,0,0,0,0,0,59.251407999909134,95.07404055020743,25.925341946998742
kinetics_noise__nake__neural__mimo__0__9002,ff49d012db6101d7a6222e44b0428a4827a1eee7d1f03f21ab1523f47582eb2e,kinetics_noise,nake,neural,mimo,False,9002,complete,,400,10.0,0.10807529792440136,0.0998141648909616,0.0021316302749092267,0.7763239585640649,3.5075281429494556,162.78223712385142,0.0,0.014821598792270112,0.3018888240950833,0.2811190351684383,0.02078095664450791,0,0,0,0,0,59.76833299973805,96.39673460133054,27.328705103000175
kinetics_noise__nake__neural__mimo__0__9003,ff49d012db6101d7a6222e44b0428a4827a1eee7d1f03f21ab1523f47582eb2e,kinetics_noise,nake,neural,mimo,False,9003,complete,,400,10.0,0.1097129936766011,0.10271315023006808,0.002244739919488477,0.7907424000878488,4.060868168933158,162.52025558056187,0.0,0.01520357949431236,0.30354795153441266,0.281163564805169,0.022440084083837297,0,0,0,0,0,58.746357999552856,95.90587550001146,25.717717630999687
kinetics_noise__nake__neural__mimo__1__9001,ff49d012db6101d7a6222e44b0428a4827a1eee7d1f03f21ab1523f47582eb2e,kinetics_noise,nake,neural,mimo,True,9001,complete,,400,10.0,0.1066491593219922,0.09926558573818522,0.0020798298372146943,0.7674682012529723,3.4338918089267176,162.02765403898513,0.0,0.01462302579112276,0.3014578198312538,0.2811624895945498,0.020349952380678438,0,0,0,0,0,58.9523079997889,92.57230489956783,26.14935355000125
kinetics_noise__nake__neural__mimo__1__9002,ff49d012db6101d7a6222e44b0428a4827a1eee7d1f03f21ab1523f47582eb2e,kinetics_noise,nake,neural,mimo,True,9002,complete,,400,10.0,0.10807521855162926,0.09981410840424913,0.0021316342282786654,0.7763245241956318,3.5076528359164025,162.78259738840666,0.0,0.014821609279083355,0.30188918081783245,0.2811193163356386,0.02078131336725708,0,0,0,0,0,57.269792499937466,92.26361769960928,25.013766668000244
kinetics_noise__nake__neural__mimo__1__9003,ff49d012db6101d7a6222e44b0428a4827a1eee7d1f03f21ab1523f47582eb2e,kinetics_noise,nake,neural,mimo,True,9003,complete,,400,10.0,0.10971289797052738,0.10271341929124278,0.002244756251024137,0.7907432192329306,4.060853873829529,162.52055385123606,0.0,0.015203578157088367,0.3035480665595021,0.28116366791063113,0.02244019910892675,0,0,0,0,0,58.594850500412576,92.76183084994045,25.951245247999395
kinetics_noise__nake__neural__siso__0__9001,ff49d012db6101d7a6222e44b0428a4827a1eee7d1f03f21ab1523f47582eb2e,kinetics_noise,nake,neural,siso,False,9001,complete,,400,10.0,0.10643357554726027,0.09917024155944687,0.002075305436186152,0.766526692250354,6.937012204905878,165.40130837015639,0.19875,0.014604613809384822,0.30141090500260814,0.28115456467087985,0.020303037552032777,0,0,0,0,0,28.41166800044448,45.25494689987681,12.97198761600157
kinetics_noise__nake__neural__siso__0__9002,ff49d012db6101d7a6222e44b0428a4827a1eee7d1f03f21ab1523f47582eb2e,kinetics_noise,nake,neural,siso,False,9002,complete,,400,10.0,0.10800137049500852,0.09977818778332921,0.002129559778424088,0.7759679833159857,7.449692507167219,165.4198730288938,0.21375,0.014809714788875803,0.3018752615115009,0.28112008718983234,0.020767394060925537,0,0,0,0,0,28.549428499900387,44.82222954911776,12.937535413999285
kinetics_noise__nake__neural__siso__0__9003,ff49d012db6101d7a6222e44b0428a4827a1eee7d1f03f21ab1523f47582eb2e,kinetics_noise,nake,neural,siso,False,9003,complete,,400,10.0,0.10949558767907898,0.10265318053970456,0.0022410544016881534,0.7901806000205045,7.09364694438477,165.57682638996562,0.1975,0.015185564352485824,0.30357146212941793,0.2811610868448019,0.02246359467884257,0,0,0,0,0,28.16458249981224,44.47312819993384,12.802177530000336
kinetics_noise__nake__neural__siso__1__9001,ff49d012db6101d7a6222e44b0428a4827a1eee7d1f03f21ab1523f47582eb2e,kinetics_noise,nake,neural,siso,True,9001,complete,,400,10.0,0.10559660482263483,0.09917081758891169,0.002064261300976886,0.7663441905137331,6.487405226611166,164.233164633424,0.0,0.014609129406436864,0.3014109875464253,0.28115462067231534,0.020303120095849947,0,0,0,0,0,29.860690499845077,47.04918205034118,13.854307661998973
kinetics_noise__nake__neural__siso__1__9002,ff49d012db6101d7a6222e44b0428a4827a1eee7d1f03f21ab1523f47582eb2e,kinetics_noise,nake,neural,siso,True,9002,complete,,400,10.0,0.10732998859298885,0.09977846215394788,0.0021199315460408395,0.7758155339408014,7.087752624875801,164.60189879790687,0.0,0.014813587300820151,0.30187531150222946,0.2811201110112751,0.020767444051654094,0,0,0,0,0,28.85953149962006,44.939221149434154,12.918340573998648
kinetics_noise__nake__neural__siso__1__9003,ff49d012db6101d7a6222e44b0428a4827a1eee7d1f03f21ab1523f47582eb2e,kinetics_noise,nake,neural,siso,True,9003,complete,,400,10.0,0.10866558347164765,0.1026534861633583,0.0022290427717686894,0.7899797347272708,6.649574451114647,164.15935251541592,0.0,0.015189397634066765,0.30357145215533055,0.2811610848161409,0.02246358470475518,0,0,0,0,0,28.285805999985314,43.999384599374025,12.663590352000028
kinetics_noise__nake__physical__mimo__0__9001,ff49d012db6101d7a6222e44b0428a4827a1eee7d1f03f21ab1523f47582eb2e,kinetics_noise,nake,physical,mimo,False,9001,complete,,400,10.0,0.10664103608506655,0.09926407168907844,0.002079715663428783,0.7674490753130312,3.4277631552950663,162.02735817177177,0.0,0.014622972472984967,0.30145693983225175,0.28116172281781565,0.02034907238167638,0,0,0,0,0,14.258062999033427,24.382385299213638,7.387410526998792
kinetics_noise__nake__physical__mimo__0__9002,ff49d012db6101d7a6222e44b0428a4827a1eee7d1f03f21ab1523f47582eb2e,kinetics_noise,nake,physical,mimo,False,9002,complete,,400,10.0,0.10806915161570457,0.0998137548707348,0.0021315639163964413,0.7763148904646473,3.5023707225397085,162.78088146467522,0.0,0.014821584694830857,0.30188889308629263,0.28111911711934756,0.020781025635717265,0,0,0,0,0,14.393563500561868,24.479870100003595,7.485743487999571
kinetics_noise__nake__physical__mimo__0__9003,ff49d012db6101d7a6222e44b0428a4827a1eee7d1f03f21ab1523f47582eb2e,kinetics_noise,nake,physical,mimo,False,9003,complete,,400,10.0,0.10970776645443016,0.10271304879895703,0.0022446893742109684,0.790737995110102,4.057382450923969,162.52033163477668,0.0,0.015203537555819647,0.3035479898624135,0.2811635810237813,0.022440122411838126,0,0,0,0,0,15.023816999928385,26.621744250587653,7.679633649000607
kinetics_noise__nake__physical__mimo__1__9001,ff49d012db6101d7a6222e44b0428a4827a1eee7d1f03f21ab1523f47582eb2e,kinetics_noise,nake,physical,mimo,True,9001,complete,,400,10.0,0.10664078138858539,0.09926358918211863,0.0020796977227277103,0.7674473621727458,3.427983165219768,162.0274038577643,0.0,0.014622960467222293,0.3014570952930133,0.28116183557841384,0.020349227842437922,0,0,0,0,0,13.980732500385784,23.45532349909262,7.152773440999226
kinetics_noise__nake__physical__mimo__1__9002,ff49d012db6101d7a6222e44b0428a4827a1eee7d1f03f21ab1523f47582eb2e,kinetics_noise,nake,physical,mimo,True,9002,complete,,400,10.0,0.10806956360991621,0.09981404769849367,0.0021315786634740733,0.7763178574382813,3.5024556396723763,162.78118531112676,0.0,0.01482159791348514,0.30188905129441856,0.28111923945602724,0.0207811838438432,0,0,0,0,0,14.515376500639832,22.712331700313367,7.360598252000273
kinetics_noise__nake__physical__mimo__1__9003,ff49d012db6101d7a6222e44b0428a4827a1eee7d1f03f21ab1523f47582eb2e,kinetics_noise,nake,physical,mimo,True,9003,complete,,400,10.0,0.1097082048447486,0.10271374554403069,0.0022447168031584737,0.7907422247733039,4.057050006824576,162.52048485059404,0.0,0.01520354961095801,0.30354811024478123,0.28116367292485067,0.022440242794205867,0,0,0,0,0,13.960250000309316,20.950597899263812,6.836413682000057
kinetics_noise__nake__physical__siso__0__9001,ff49d012db6101d7a6222e44b0428a4827a1eee7d1f03f21ab1523f47582eb2e,kinetics_noise,nake,physical,siso,False,9001,complete,,400,10.0,0.10640312820782932,0.09916201768867278,0.002074806966348509,0.7664379246892704,6.9211346505744045,165.3944361851181,0.1975,0.014604477803030277,0.3014073573896623,0.2811514643636905,0.020299489939086923,0,0,0,0,0,6.61004999983561,10.435484100435131,4.152246105999438
kinetics_noise__nake__physical__siso__0__9002,ff49d012db6101d7a6222e44b0428a4827a1eee7d1f03f21ab1523f47582eb2e,kinetics_noise,nake,physical,siso,False,9002,complete,,400,10.0,0.10797502669905223,0.09977533725346821,0.002129210234221246,0.7759210208936853,7.434760712831367,165.41204732349647,0.2125,0.014809664767317722,0.3018736704252921,0.28111873633121004,0.02076580297471675,0,0,0,0,0,6.72827799917286,10.918302650770782,4.344237761999466
kinetics_noise__nake__physical__siso__0__9003,ff49d012db6101d7a6222e44b0428a4827a1eee7d1f03f21ab1523f47582eb2e,kinetics_noise,nake,physical,siso,False,9003,complete,,400,10.0,0.10947360037967264,0.10264998541509464,0.0022407276063647523,0.7901489081006355,7.08033344659843,165.57078390251164,0.19625,0.01518548742163029,0.30357331554314115,0.281162694087439,0.022465448092565787,0,0,0,0,0,6.663770999693952,8.58825064988191,3.9823060909984633
kinetics_noise__nake__physical__siso__1__9001,ff49d012db6101d7a6222e44b0428a4827a1eee7d1f03f21ab1523f47582eb2e,kinetics_noise,nake,physical,siso,True,9001,complete,,400,10.0,0.10558364470254793,0.09916234106867619,0.0020639621753643267,0.7662585617683448,6.480777766829982,164.24572922837217,0.0,0.014608904451980638,0.3014074545523914,0.28115154336499354,0.020299587101816008,0,0,0,0,0,7.088694999765721,13.282193350096348,4.64927178400103
kinetics_noise__nake__physical__siso__1__9002,ff49d012db6101d7a6222e44b0428a4827a1eee7d1f03f21ab1523f47582eb2e,kinetics_noise,nake,physical,siso,True,9002,complete,,400,10.0,0.10732002492176973,0.09977543133208125,0.0021198043832427924,0.775771915747783,7.081738478815736,164.6133612330654,0.0,0.0148134748379113,0.3018737019892971,0.2811187373453864,0.020765834538721717,0,0,0,0,0,7.37389850019099,13.56947690119341,4.951020701000743
kinetics_noise__nake__physical__siso__1__9003,ff49d012db6101d7a6222e44b0428a4827a1eee7d1f03f21ab1523f47582eb2e,kinetics_noise,nake,physical,siso,True,9003,complete,,400,10.0,0.108661495753743,0.10265021313680467,0.0022289486711660525,0.7899527367909978,6.645877054596243,164.17564638968733,0.0,0.015189251197862881,0.3035732946002987,0.2811626896585236,0.022465427149723327,0,0,0,0,0,7.055475000015576,12.663031699139534,4.53773110900147
kinetics_noise__ukf__neural__mimo__0__9001,ff49d012db6101d7a6222e44b0428a4827a1eee7d1f03f21ab1523f47582eb2e,kinetics_noise,ukf,neural,mimo,False,9001,complete,,400,10.0,0.10659001245438512,0.09939460893539824,0.0020847745456909535,0.7682698236286429,3.610020441540483,162.09854118222526,0.0,0.014642966806994222,0.30150399794812427,0.28115716629915644,0.020396130497548903,0,0,0,0,0,59.12885300040216,92.6012135984819,24.731693556999744
kinetics_noise__ukf__neural__mimo__0__9002,ff49d012db6101d7a6222e44b0428a4827a1eee7d1f03f21ab1523f47582eb2e,kinetics_noise,ukf,neural,mimo,False,9002,complete,,400,10.0,0.10789617444012162,0.09984561955770485,0.002131512139825889,0.7764079270081434,3.559102442932652,162.76492114510836,0.0,0.014818439924022929,0.3019119817143169,0.28111880147960405,0.020804114263741513,0,0,0,0,0,59.34456899922225,92.92066220004925,25.176915062000262
kinetics_noise__ukf__neural__mimo__0__9003,ff49d012db6101d7a6222e44b0428a4827a1eee7d1f03f21ab1523f47582eb2e,kinetics_noise,ukf,neural,mimo,False,9003,complete,,400,10.0,0.10951383213956857,0.10273513071535263,0.002244785372408297,0.7905687122958206,4.117204912327489,162.4742617926478,0.0,0.015202840922623383,0.3035135199906167,0.28114729305065056,0.022405652540041343,0,0,0,0,0,58.69024299954617,92.4433886493716,24.591280011998606
kinetics_noise__ukf__neural__mimo__1__9001,ff49d012db6101d7a6222e44b0428a4827a1eee7d1f03f21ab1523f47582eb2e,kinetics_noise,ukf,neural,mimo,True,9001,complete,,400,10.0,0.1065898329118505,0.09939445435359802,0.0020847683430599557,0.7682696141356953,3.610257663899429,162.09850783512624,0.0,0.014642974381716243,0.301503630153677,0.28115681582188373,0.020395762703101616,0,0,0,0,0,58.76647349941777,94.31297305127372,25.932074668000496
kinetics_noise__ukf__neural__mimo__1__9002,ff49d012db6101d7a6222e44b0428a4827a1eee7d1f03f21ab1523f47582eb2e,kinetics_noise,ukf,neural,mimo,True,9002,complete,,400,10.0,0.10789618658353056,0.09984535327442104,0.002131501537060573,0.7764067272325345,3.559231800718984,162.76487082896386,0.0,0.014818416083584047,0.3019120615354048,0.281118876915153,0.02080419408482942,0,0,0,0,0,58.69670800075255,93.71235244880154,25.482674999000665
kinetics_noise__ukf__neural__mimo__1__9003,ff49d012db6101d7a6222e44b0428a4827a1eee7d1f03f21ab1523f47582eb2e,kinetics_noise,ukf,neural,mimo,True,9003,complete,,400,10.0,0.10951481307625811,0.10273576141193783,0.002244821761183119,0.7905743181715621,4.117394447571042,162.4747238355689,0.0,0.01520284893946362,0.3035140305765533,0.2811477815979422,0.02240616312597793,0,0,0,0,0,56.591895499877864,91.85464624924859,23.612677058999907
kinetics_noise__ukf__neural__siso__0__9001,ff49d012db6101d7a6222e44b0428a4827a1eee7d1f03f21ab1523f47582eb2e,kinetics_noise,ukf,neural,siso,False,9001,complete,,400,10.0,0.10645320991737071,0.09929543990108433,0.0020805459703832608,0.7673706558492641,6.939915412359697,165.4200075636183,0.20249999999999999,0.01462531299750586,0.3014538896202953,0.2811513805203245,0.020346022169719924,0,0,0,0,0,27.9884410001614,45.21805325002787,12.625092688998848
kinetics_noise__ukf__neural__siso__0__9002,ff49d012db6101d7a6222e44b0428a4827a1eee7d1f03f21ab1523f47582eb2e,kinetics_noise,ukf,neural,siso,False,9002,complete,,400,10.0,0.1079142456017935,0.09981144151704419,0.002130556062381441,0.7761131700184624,7.402899086525189,165.40353432575887,0.21125,0.014812573872067893,0.30189448716247674,0.2811208283155234,0.020786619711901377,0,0,0,0,0,27.824374500596605,44.86096235114019,12.779897462000008
kinetics_noise__ukf__neural__siso__0__9003,ff49d012db6101d7a6222e44b0428a4827a1eee7d1f03f21ab1523f47582eb2e,kinetics_noise,ukf,neural,siso,False,9003,complete,,400,10.0,0.10945626877359421,0.10265809384063672,0.002241669020245711,0.7900184981114846,7.119900225962849,165.58959134846768,0.2025,0.01518894511197579,0.30354186612158146,0.28114500749463534,0.022433998671006095,0,0,0,0,0,27.628669500700198,45.0357306001024,12.319001056999696
kinetics_noise__ukf__neural__siso__1__9001,ff49d012db6101d7a6222e44b0428a4827a1eee7d1f03f21ab1523f47582eb2e,kinetics_noise,ukf,neural,siso,True,9001,complete,,400,10.0,0.10558875549792981,0.0992957976526967,0.0020693049713944346,0.7671557301911892,6.475506906991089,164.24793090609052,0.0,0.014629083075298116,0.3014537917310662,0.2811513004865984,0.020345924280490812,0,0,0,0,0,28.024510000250302,43.96571644911091,12.511102395001217
kinetics_noise__ukf__neural__siso__1__9002,ff49d012db6101d7a6222e44b0428a4827a1eee7d1f03f21ab1523f47582eb2e,kinetics_noise,ukf,neural,siso,True,9002,complete,,400,10.0,0.1072528852289705,0.09981135340338147,0.0021210969031339815,0.7759602729540873,7.046709406031237,164.61072306761108,0.0,0.014816436340435795,0.3018946254636124,0.2811209706674086,0.020786758013037032,0,0,0,0,0,28.676379500211624,45.093934549731785,13.044918966001205
kinetics_noise__ukf__neural__siso__1__9003,ff49d012db6101d7a6222e44b0428a4827a1eee7d1f03f21ab1523f47582eb2e,kinetics_noise,ukf,neural,siso,True,9003,complete,,400,10.0,0.10859460117960776,0.10265827133931939,0.0022294009045792386,0.7897896422020598,6.659112770063205,164.1710281006397,0.0,0.015191518925224985,0.30354186969815583,0.28114500754887006,0.022434002247580465,0,0,0,0,0,28.40743150045455,42.41219929945145,12.519267429999672
kinetics_noise__ukf__physical__mimo__0__9001,ff49d012db6101d7a6222e44b0428a4827a1eee7d1f03f21ab1523f47582eb2e,kinetics_noise,ukf,physical,mimo,False,9001,complete,,400,10.0,0.10658179664509132,0.09939351828103347,0.0020846808568213897,0.7682537326659518,3.603671634698783,162.09835892149255,0.0,0.01464294254775208,0.30150378267321004,0.2811569308804576,0.020395915222634675,0,0,0,0,0,14.309296499050106,25.72569940020912,7.14990564800064
kinetics_noise__ukf__physical__mimo__0__9002,ff49d012db6101d7a6222e44b0428a4827a1eee7d1f03f21ab1523f47582eb2e,kinetics_noise,ukf,physical,mimo,False,9002,complete,,400,10.0,0.10788958968341013,0.0998452032184123,0.0021314405829635083,0.776398523108437,3.5543516701595372,162.76496453798674,0.0,0.014818439180894328,0.30191188703760174,0.28111872812378214,0.02080401958702638,0,0,0,0,0,14.390763999472256,22.64913880053427,7.065198240999962
kinetics_noise__ukf__physical__mimo__0__9003,ff49d012db6101d7a6222e44b0428a4827a1eee7d1f03f21ab1523f47582eb2e,kinetics_noise,ukf,physical,mimo,False,9003,complete,,400,10.0,0.10950867584781715,0.10273530192262548,0.002244747276483372,0.7905669886631335,4.112727362158951,162.4745414705035,0.0,0.015202826694106478,0.3035134195477243,0.2811472549676549,0.02240555209714895,0,0,0,0,0,14.009686000463262,22.554342950388666,6.749806781001098
kinetics_noise__ukf__physical__mimo__1__9001,ff49d012db6101d7a6222e44b0428a4827a1eee7d1f03f21ab1523f47582eb2e,kinetics_noise,ukf,physical,mimo,True,9001,complete,,400,10.0,0.10658229495201342,0.09939393737407827,0.002084697435018183,0.7682575623699293,3.604055250700688,162.09842907240596,0.0,0.014642951458734656,0.3015032533455303,0.2811564223281802,0.02039538589495493,0,0,0,0,0,13.846816000295803,23.92833495005106,6.913946692000536
kinetics_noise__ukf__physical__mimo__1__9002,ff49d012db6101d7a6222e44b0428a4827a1eee7d1f03f21ab1523f47582eb2e,kinetics_noise,ukf,physical,mimo,True,9002,complete,,400,10.0,0.1078897203717298,0.09984502632955465,0.0021314311634648094,0.776398245707104,3.5542700524790196,162.76514943852462,0.0,0.01481841092117004,0.3019123385560131,0.2811191127890932,0.02080447110543776,0,0,0,0,0,13.768612999228935,21.41337829862095,6.6567976440001075
kinetics_noise__ukf__physical__mimo__1__9003,ff49d012db6101d7a6222e44b0428a4827a1eee7d1f03f21ab1523f47582eb2e,kinetics_noise,ukf,physical,mimo,True,9003,complete,,400,10.0,0.10950886587418067,0.10273537102281226,0.002244751825157757,0.7905685943558,4.112718438001984,162.47468249902994,0.0,0.015202827231148476,0.3035139551408304,0.2811477119632676,0.02240608769025504,0,0,0,0,0,14.33713650021673,21.40638799928638,6.782531001999814
kinetics_noise__ukf__physical__siso__0__9001,ff49d012db6101d7a6222e44b0428a4827a1eee7d1f03f21ab1523f47582eb2e,kinetics_noise,ukf,physical,siso,False,9001,complete,,400,10.0,0.10642291704436822,0.09928758749318342,0.0020800627861098857,0.767286955723796,6.924193378867281,165.4131625555954,0.20125,0.014625208522445986,0.301450654570718,0.28114847786061126,0.020342787120142647,0,0,0,0,0,6.943840000531054,10.306866798873669,4.147837927999717
kinetics_noise__ukf__physical__siso__0__9002,ff49d012db6101d7a6222e44b0428a4827a1eee7d1f03f21ab1523f47582eb2e,kinetics_noise,ukf,physical,siso,False,9002,complete,,400,10.0,0.1078882229253617,0.09980880422724245,0.002130218147085366,0.7760682310256758,7.388444835032533,165.39558915698936,0.20875000000000002,0.014812554047361232,0.3018931150693664,0.28111960658322643,0.020785247618791025,0,0,0,0,0,6.746507000571,12.310814899046818,4.2842302469998685
kinetics_noise__ukf__physical__siso__0__9003,ff49d012db6101d7a6222e44b0428a4827a1eee7d1f03f21ab1523f47582eb2e,kinetics_noise,ukf,physical,siso,False,9003,complete,,400,10.0,0.109434333942108,0.10265460183916661,0.0022413299387705143,0.7899849400982156,7.106606254197718,165.58356164830434,0.2,0.015188894586128559,0.30354341609252256,0.28114641561502174,0.02243554864194719,0,0,0,0,0,6.644574499659939,13.067846498961442,4.171224882000388
kinetics_noise__ukf__physical__siso__1__9001,ff49d012db6101d7a6222e44b0428a4827a1eee7d1f03f21ab1523f47582eb2e,kinetics_noise,ukf,physical,siso,True,9001,complete,,400,10.0,0.10557650843615285,0.09928776114302545,0.002069026668127907,0.7670763445969353,6.4695521574183505,164.26071807147483,0.0,0.014628903516100536,0.3014506821860337,0.2811485153199513,0.020342814735458348,0,0,0,0,0,6.687443000373605,10.88347124950814,3.99728037100067
kinetics_noise__ukf__physical__siso__1__9002,ff49d012db6101d7a6222e44b0428a4827a1eee7d1f03f21ab1523f47582eb2e,kinetics_noise,ukf,physical,siso,True,9002,complete,,400,10.0,0.10724348293583126,0.09980876097561757,0.0021209852456963722,0.7759216436527472,7.041000431311877,164.61852151343248,0.0,0.014816340398928823,0.3018932796086611,0.28111978293390816,0.020785412158085714,0,0,0,0,0,6.94691549961135,11.566427149773515,4.31991273300082
kinetics_noise__ukf__physical__siso__1__9003,ff49d012db6101d7a6222e44b0428a4827a1eee7d1f03f21ab1523f47582eb2e,kinetics_noise,ukf,physical,siso,True,9003,complete,,400,10.0,0.10859122227123505,0.10265474165378854,0.002229300367282486,0.7897611865245099,6.655816243885153,164.18791139303173,0.0,0.015191424047902228,0.3035434353680099,0.28114641555565734,0.022435567917434507,0,0,0,0,0,6.9140649993642,10.939948099985475,4.1716348600002675
recycle_minus50__lstm_nake__neural__mimo__0__9001,ff49d012db6101d7a6222e44b0428a4827a1eee7d1f03f21ab1523f47582eb2e,recycle_minus50,lstm_nake,neural,mimo,False,9001,complete,,400,10.0,0.010038784668866839,0.0026157477420159668,4.5160541656520866e-05,0.024088436985905605,1.8301826132851169,161.39188012063914,0.0,0.003270958114936087,0.2807306539114745,0.28143078330991894,0.0003772135391008624,0,0,0,0,0,57.93909849944612,92.7135994499622,26.50786103700011
recycle_minus50__lstm_nake__neural__mimo__0__9002,ff49d012db6101d7a6222e44b0428a4827a1eee7d1f03f21ab1523f47582eb2e,recycle_minus50,lstm_nake,neural,mimo,False,9002,complete,,400,10.0,0.010822772506910768,0.003278388388176898,4.363578162748181e-05,0.03145971919647768,2.609718133293443,161.3363823896462,0.0,0.003180745633972048,0.2798987003680712,0.2811260584864915,0.0012091670825041811,0,0,0,0,0,58.25174250003329,93.14661779990273,26.512624130000404
recycle_minus50__lstm_nake__neural__mimo__0__9003,ff49d012db6101d7a6222e44b0428a4827a1eee7d1f03f21ab1523f47582eb2e,recycle_minus50,lstm_nake,neural,mimo,False,9003,complete,,400,10.0,0.010793871965850441,0.003355285463366822,4.3255414630881846e-05,0.032497207975826385,2.1264279707071467,161.237019328474,0.0,0.0032417177226874627,0.28022751410285157,0.2813245881792851,0.0008803533477237946,0,0,0,0,0,57.424112500484625,95.59059859957414,26.21630711599937
recycle_minus50__lstm_nake__neural__mimo__1__9001,ff49d012db6101d7a6222e44b0428a4827a1eee7d1f03f21ab1523f47582eb2e,recycle_minus50,lstm_nake,neural,mimo,True,9001,complete,,400,10.0,0.010038739628742197,0.002615707166879686,4.516036588657125e-05,0.02408838837283491,1.8302275324949417,161.39190126440576,0.0,0.003270958267857763,0.2807305558577369,0.2814306843552483,0.0003773115928384918,0,0,0,0,0,58.19111799974053,95.68787655098275,27.339509928000552
recycle_minus50__lstm_nake__neural__mimo__1__9002,ff49d012db6101d7a6222e44b0428a4827a1eee7d1f03f21ab1523f47582eb2e,recycle_minus50,lstm_nake,neural,mimo,True,9002,complete,,400,10.0,0.010823090338533927,0.0032785278483256483,4.363686113214037e-05,0.031461244480715085,2.609676451843426,161.3363764702826,0.0,0.003180746230915701,0.27989862324976444,0.2811259833275122,0.0012092442008109217,0,0,0,0,0,57.97666249964095,92.31754150023333,26.952760779000528
recycle_minus50__lstm_nake__neural__mimo__1__9003,ff49d012db6101d7a6222e44b0428a4827a1eee7d1f03f21ab1523f47582eb2e,recycle_minus50,lstm_nake,neural,mimo,True,9003,complete,,400,10.0,0.010794549121010395,0.0033557540899319806,4.3256887464490215e-05,0.032502253294116074,2.126504142643032,161.23707923260403,0.0,0.003241716912501785,0.2802275297210179,0.28132459658904374,0.0008803377295574788,0,0,0,0,0,57.741735000490735,91.5384394505054,26.67389449500115
recycle_minus50__lstm_nake__neural__siso__0__9001,ff49d012db6101d7a6222e44b0428a4827a1eee7d1f03f21ab1523f47582eb2e,recycle_minus50,lstm_nake,neural,siso,False,9001,complete,,400,10.0,0.03165146073399347,0.024198454212452387,0.0002328604557102288,0.2095198851896709,222.72620697656924,165.68164974584374,0.24375,0.006068298851180366,0.2908671270804595,0.27914414974201496,0.00975925962988411,0,0,0,0,0,30.028082500393793,46.306020649262784,13.653746574000252
recycle_minus50__lstm_nake__neural__siso__0__9002,ff49d012db6101d7a6222e44b0428a4827a1eee7d1f03f21ab1523f47582eb2e,recycle_minus50,lstm_nake,neural,siso,False,9002,complete,,400,10.0,0.036914133851525886,0.029429749895032036,0.0003653814481971247,0.254586614231012,224.2732434411645,165.58054790409668,0.22125,0.0065376980116424,0.28427401731130697,0.2765956065390498,0.003166149860731604,0,0,0,0,0,30.546672999662405,47.41604534910948,14.195064378000097
recycle_minus50__lstm_nake__neural__siso__0__9003,ff49d012db6101d7a6222e44b0428a4827a1eee7d1f03f21ab1523f47582eb2e,recycle_minus50,lstm_nake,neural,siso,False,9003,complete,,400,10.0,0.035349725403783,0.027911210839563758,0.00031386556834857803,0.24240439374073744,224.59467272025552,165.40764055157746,0.14875000000000002,0.006386847387766756,0.2862280798853998,0.2776759571869309,0.005120212434824412,0,0,0,0,0,30.69208599936246,49.0454920502998,14.103703458000382
recycle_minus50__lstm_nake__neural__siso__1__9001,ff49d012db6101d7a6222e44b0428a4827a1eee7d1f03f21ab1523f47582eb2e,recycle_minus50,lstm_nake,neural,siso,True,9001,complete,,400,10.0,0.030983673409243795,0.02419855349163006,0.00022290235973645214,0.20935799330642796,222.3695784778746,164.73391239512253,0.0,0.0060755856751914545,0.29086706694474046,0.27914413538527144,0.009759199494165094,0,0,0,0,0,30.365835000338848,45.44612180134207,13.587932329999603
recycle_minus50__lstm_nake__neural__siso__1__9002,ff49d012db6101d7a6222e44b0428a4827a1eee7d1f03f21ab1523f47582eb2e,recycle_minus50,lstm_nake,neural,siso,True,9002,complete,,400,10.0,0.03584169587084241,0.0294296010182763,0.0003504148038020171,0.2543395771814636,223.69774721243638,164.12471252899934,0.0,0.006553094288117796,0.2842740580214179,0.2765956182056214,0.003166190570842553,0,0,0,0,0,31.383811499836156,49.6262545502759,14.515232132000165
recycle_minus50__lstm_nake__neural__siso__1__9003,ff49d012db6101d7a6222e44b0428a4827a1eee7d1f03f21ab1523f47582eb2e,recycle_minus50,lstm_nake,neural,siso,True,9003,complete,,400,10.0,0.03479471892786212,0.027911354244590778,0.00030539665263749677,0.24226344603440272,224.29736969170673,164.55354040456183,0.0,0.00639315251508543,0.2862280387752734,0.277675946049552,0.005120171324698053,0,0,0,0,0,30.901674999768147,48.66014264989644,13.89196947399978
recycle_minus50__lstm_nake__physical__mimo__0__9001,ff49d012db6101d7a6222e44b0428a4827a1eee7d1f03f21ab1523f47582eb2e,recycle_minus50,lstm_nake,physical,mimo,False,9001,complete,,400,10.0,0.009708569932923832,0.0022897414578094705,4.486360383534038e-05,0.021354433881597693,1.83752535981748,161.42079529672895,0.0,0.0032708640584954212,0.2808274795292685,0.2815257189835647,0.0002803879213068572,0,0,0,0,0,14.629728500040073,26.118569599930186,8.23831965700083
recycle_minus50__lstm_nake__physical__mimo__0__9002,ff49d012db6101d7a6222e44b0428a4827a1eee7d1f03f21ab1523f47582eb2e,recycle_minus50,lstm_nake,physical,mimo,False,9002,complete,,400,10.0,0.010456784790238859,0.002919295933822877,4.316985470645612e-05,0.028596949747764333,2.538287345017182,161.336894777714,0.0,0.0031805609115430314,0.27999617845459984,0.2812219036272419,0.0011116889959755238,0,0,0,0,0,14.040932999705547,25.51695329921131,7.785419736999756
recycle_minus50__lstm_nake__physical__mimo__0__9003,ff49d012db6101d7a6222e44b0428a4827a1eee7d1f03f21ab1523f47582eb2e,recycle_minus50,lstm_nake,physical,mimo,False,9003,complete,,400,10.0,0.010398133632431611,0.0029635398158666688,4.276739604030942e-05,0.029375615771892107,2.0164582019235606,161.2515624859191,0.0,0.0032415215747902014,0.2803245321065813,0.2814198348889284,0.0007833353439940516,0,0,0,0,0,13.882724500035692,24.857538399555775,7.408794586001022
recycle_minus50__lstm_nake__physical__mimo__1__9001,ff49d012db6101d7a6222e44b0428a4827a1eee7d1f03f21ab1523f47582eb2e,recycle_minus50,lstm_nake,physical,mimo,True,9001,complete,,400,10.0,0.009708350075846086,0.0022895422819948852,4.486237151549794e-05,0.021352844166982386,1.8375943712063778,161.42078655124038,0.0,0.0032708643849996355,0.280827737173149,0.2815259754431725,0.0002801302774263492,0,0,0,0,0,15.19771900075284,25.87185259853868,8.268224553999971
recycle_minus50__lstm_nake__physical__mimo__1__9002,ff49d012db6101d7a6222e44b0428a4827a1eee7d1f03f21ab1523f47582eb2e,recycle_minus50,lstm_nake,physical,mimo,True,9002,complete,,400,10.0,0.010457196159413769,0.0029194565551233813,4.31719942717343e-05,0.0285985452399445,2.538285994900399,161.33692109371714,0.0,0.0031805622402846794,0.27999614235074854,0.28122185962705537,0.0011117250998268213,0,0,0,0,0,13.948743498986005,24.33543985016513,7.545620498000062
recycle_minus50__lstm_nake__physical__mimo__1__9003,ff49d012db6101d7a6222e44b0428a4827a1eee7d1f03f21ab1523f47582eb2e,recycle_minus50,lstm_nake,physical,mimo,True,9003,complete,,400,10.0,0.01039871583380821,0.0029641126681804507,4.276827889433201e-05,0.029381156820118673,2.0164953439889137,161.2515757425524,0.0,0.003241520861099965,0.2803242537007744,0.281419547877124,0.0007836137498009599,0,0,0,0,0,14.40330949935742,24.539288250070967,7.750327754001773
recycle_minus50__lstm_nake__physical__siso__0__9001,ff49d012db6101d7a6222e44b0428a4827a1eee7d1f03f21ab1523f47582eb2e,recycle_minus50,lstm_nake,physical,siso,False,9001,complete,,400,10.0,0.04141798548278499,0.03398229661721865,0.00046590998661128234,0.3014809903089252,210.5293438756415,165.67360829058998,0.2425,0.005641075335294467,0.29695651367950754,0.2864085138644857,0.015848646228932173,0,0,0,0,0,7.715878499766404,12.165576099505412,4.546225473999584
recycle_minus50__lstm_nake__physical__siso__0__9002,ff49d012db6101d7a6222e44b0428a4827a1eee7d1f03f21ab1523f47582eb2e,recycle_minus50,lstm_nake,physical,siso,False,9002,complete,,400,10.0,0.03949857248350553,0.03203692255949759,0.00041680265011536326,0.28520996679872523,212.26664248222457,165.57557726387947,0.22,0.005290724183384789,0.29556439782359833,0.28495563108062816,0.014456530373022969,0,0,0,0,0,7.575211000585114,11.910611500388756,4.362174466999932
recycle_minus50__lstm_nake__physical__siso__0__9003,ff49d012db6101d7a6222e44b0428a4827a1eee7d1f03f21ab1523f47582eb2e,recycle_minus50,lstm_nake,physical,siso,False,9003,complete,,400,10.0,0.04004922225283412,0.03263000961834684,0.0004280388191718307,0.2915100120982223,212.0547569011578,165.3992945534255,0.14750000000000002,0.005367671184598607,0.2968162713773761,0.2859578204793587,0.01570840392680073,0,0,0,0,0,7.378355499895406,13.715266701638024,4.459227768000346
recycle_minus50__lstm_nake__physical__siso__1__9001,ff49d012db6101d7a6222e44b0428a4827a1eee7d1f03f21ab1523f47582eb2e,recycle_minus50,lstm_nake,physical,siso,True,9001,complete,,400,10.0,0.04076688007775876,0.033982233808624,0.00045619312544014864,0.30132265101886163,210.18167438172875,164.74952036685312,0.0,0.005648720822265721,0.29695657147748755,0.2864085359699453,0.015848704026912186,0,0,0,0,0,7.449873000950902,13.462432000960689,4.385814424000273
recycle_minus50__lstm_nake__physical__siso__1__9002,ff49d012db6101d7a6222e44b0428a4827a1eee7d1f03f21ab1523f47582eb2e,recycle_minus50,lstm_nake,physical,siso,True,9002,complete,,400,10.0,0.03843927392123949,0.032036992084450766,0.00040199961493561247,0.2849678704028926,211.69822845151924,164.12854892023108,0.0,0.005309527429081293,0.2955643825622334,0.28495563032281485,0.01445651511165802,0,0,0,0,0,7.616468000378518,13.798659100666555,4.717324887000359
recycle_minus50__lstm_nake__physical__siso__1__9003,ff49d012db6101d7a6222e44b0428a4827a1eee7d1f03f21ab1523f47582eb2e,recycle_minus50,lstm_nake,physical,siso,True,9003,complete,,400,10.0,0.03950754582511295,0.03263008982163037,0.00041976459725164174,0.29137064717323957,211.76466131501033,164.5709388325843,0.0,0.0053749876716712025,0.2968161382974617,0.28595779611993966,0.015708270846886307,0,0,0,0,0,7.235255000523466,10.821440099698506,4.01719138000044
recycle_minus50__lstm_ukf__neural__mimo__0__9001,ff49d012db6101d7a6222e44b0428a4827a1eee7d1f03f21ab1523f47582eb2e,recycle_minus50,lstm_ukf,neural,mimo,False,9001,complete,,400,10.0,0.00917456066923978,0.0018666351532365924,4.361860107397647e-05,0.01811178284938529,1.8605289865871815,161.42404572469187,0.0,0.003237584974186074,0.2813039893961216,0.28137601518857425,0.00019612194554624596,0,0,0,0,0,56.36014050014637,87.90919979928728,25.22716443600075
recycle_minus50__lstm_ukf__neural__mimo__0__9002,ff49d012db6101d7a6222e44b0428a4827a1eee7d1f03f21ab1523f47582eb2e,recycle_minus50,lstm_ukf,neural,mimo,False,9002,complete,,400,10.0,0.0093651368649575,0.0019100969729534385,4.203497888718913e-05,0.0202891959812565,2.5106885805556924,161.37294631015786,0.0,0.0031568439423582933,0.2804435078488033,0.28105242774265693,0.0006643596017720799,0,0,0,0,0,57.17690700021194,87.77728369987013,25.400215352001396
recycle_minus50__lstm_ukf__neural__mimo__0__9003,ff49d012db6101d7a6222e44b0428a4827a1eee7d1f03f21ab1523f47582eb2e,recycle_minus50,lstm_ukf,neural,mimo,False,9003,complete,,400,10.0,0.009094950525053755,0.0016784053129263994,4.1223663262560544e-05,0.018607258129271154,1.9379503351697007,161.23744815633074,0.0,0.0032089799908312172,0.28080468851219886,0.28126044757054375,0.00030317893837650267,0,0,0,0,0,56.19833749915415,91.98135329988867,25.256471579999925
recycle_minus50__lstm_ukf__neural__mimo__1__9001,ff49d012db6101d7a6222e44b0428a4827a1eee7d1f03f21ab1523f47582eb2e,recycle_minus50,lstm_ukf,neural,mimo,True,9001,complete,,400,10.0,0.009174094183332565,0.0018661781603910258,4.3617209849627576e-05,0.018108693106256617,1.8605889667232596,161.42398575651424,0.0,0.0032375862172295063,0.28130391359315415,0.28137594015841566,0.00019604614257878739,0,0,0,0,0,58.72253799952887,92.66335430083927,27.030931334998968
recycle_minus50__lstm_ukf__neural__mimo__1__9002,ff49d012db6101d7a6222e44b0428a4827a1eee7d1f03f21ab1523f47582eb2e,recycle_minus50,lstm_ukf,neural,mimo,True,9002,complete,,400,10.0,0.009364976748396462,0.0019100866854554173,4.203611165346987e-05,0.0202890553065417,2.5106023248053813,161.37278914773907,0.0,0.0031568439737997894,0.28044343047382114,0.2810523546336914,0.0006644369767542235,0,0,0,0,0,56.10707399955572,88.16714864906315,24.950930679999146
recycle_minus50__lstm_ukf__neural__mimo__1__9003,ff49d012db6101d7a6222e44b0428a4827a1eee7d1f03f21ab1523f47582eb2e,recycle_minus50,lstm_ukf,neural,mimo,True,9003,complete,,400,10.0,0.009095463709713798,0.0016787001609701406,4.122427347271593e-05,0.018610110002573295,1.938080910835223,161.23752593178253,0.0,0.003208978636115863,0.28080467369934115,0.2812604320054999,0.0003031937512342209,0,0,0,0,0,57.48409349962458,90.44068819921449,25.920519825000156
recycle_minus50__lstm_ukf__neural__siso__0__9001,ff49d012db6101d7a6222e44b0428a4827a1eee7d1f03f21ab1523f47582eb2e,recycle_minus50,lstm_ukf,neural,siso,False,9001,complete,,400,10.0,0.39774364093906966,0.39041292728477256,0.06981386328787313,3.5269281130863828,381.9125963467408,165.6570391532019,0.23750000000000002,0.003252467772889359,0.03605586313889689,0.035850550398995824,0.24505200431167848,0,0,0,0,0,30.199763000382518,46.18809054982193,13.738901036000243
recycle_minus50__lstm_ukf__neural__siso__0__9002,ff49d012db6101d7a6222e44b0428a4827a1eee7d1f03f21ab1523f47582eb2e,recycle_minus50,lstm_ukf,neural,siso,False,9002,complete,,400,10.0,0.3986081056227452,0.39117317398173457,0.07024578792468637,3.5358252128682968,383.08860069726757,165.59281197345146,0.2275,0.003153036919499172,0.035850692000221944,0.03574789394746952,0.24525717545035342,0,0,0,0,0,30.91523950024566,47.91734685004482,14.071130739001092
recycle_minus50__lstm_ukf__neural__siso__0__9003,ff49d012db6101d7a6222e44b0428a4827a1eee7d1f03f21ab1523f47582eb2e,recycle_minus50,lstm_ukf,neural,siso,False,9003,complete,,400,10.0,0.4119741068776351,0.404552624751293,0.07364420273095199,3.649010904137122,388.822137108494,165.40255379097871,0.14875000000000002,0.003202996005531124,0.033958717779326075,0.03400537783659079,0.2471491496712493,0,0,0,0,0,30.327701000715024,47.00740679963927,13.742779628999415
recycle_minus50__lstm_ukf__neural__siso__1__9001,ff49d012db6101d7a6222e44b0428a4827a1eee7d1f03f21ab1523f47582eb2e,recycle_minus50,lstm_ukf,neural,siso,True,9001,complete,,400,10.0,0.3971019400682519,0.39041310941749396,0.06980429808860347,3.526781876009757,381.56863596802054,164.74039730440563,0.0,0.003269876664143287,0.03605583984864067,0.0358505305980248,0.2450520276019347,0,0,0,0,0,30.35674450075021,46.05790520063233,13.464600948000225
recycle_minus50__lstm_ukf__neural__siso__1__9002,ff49d012db6101d7a6222e44b0428a4827a1eee7d1f03f21ab1523f47582eb2e,recycle_minus50,lstm_ukf,neural,siso,True,9002,complete,,400,10.0,0.39749462984879114,0.39117260795480036,0.07023037603309892,3.535525421502039,382.49189358283485,164.15570208888508,0.0,0.003175184842880424,0.03585077497876813,0.03574796543453106,0.24525709247180724,0,0,0,0,0,30.74292999917816,47.10735785001816,14.038356007000402
recycle_minus50__lstm_ukf__neural__siso__1__9003,ff49d012db6101d7a6222e44b0428a4827a1eee7d1f03f21ab1523f47582eb2e,recycle_minus50,lstm_ukf,neural,siso,True,9003,complete,,400,10.0,0.4114332210431309,0.4045526294573798,0.07363591999879322,3.648872996009073,388.53359071884927,164.55775896802044,0.0,0.0032175223023016954,0.03395871987674022,0.03400538238002052,0.24714914757383516,0,0,0,0,0,30.75338000053307,49.37720605003051,14.424328245999277
recycle_minus50__lstm_ukf__physical__mimo__0__9001,ff49d012db6101d7a6222e44b0428a4827a1eee7d1f03f21ab1523f47582eb2e,recycle_minus50,lstm_ukf,physical,mimo,False,9001,complete,,400,10.0,0.009333551129858371,0.0020302197978495262,4.369512965360339e-05,0.019557479207179377,1.8898746107075655,161.45150238337774,0.0,0.003237587649527214,0.28139802821997745,0.2814699888642733,0.00029016076940208135,0,0,0,0,0,14.357363998897199,25.66537084940137,7.688830864999545
recycle_minus50__lstm_ukf__physical__mimo__0__9002,ff49d012db6101d7a6222e44b0428a4827a1eee7d1f03f21ab1523f47582eb2e,recycle_minus50,lstm_ukf,physical,mimo,False,9002,complete,,400,10.0,0.009281797834148751,0.0018336078258443628,4.1950339328989844e-05,0.019562184739727113,2.4468987890372653,161.37350941367473,0.0,0.0031567872491087725,0.28053834822551743,0.2811474965189411,0.0005695192250579351,0,0,0,0,0,13.600774499536783,19.49020380088767,6.969879358000981
recycle_minus50__lstm_ukf__physical__mimo__0__9003,ff49d012db6101d7a6222e44b0428a4827a1eee7d1f03f21ab1523f47582eb2e,recycle_minus50,lstm_ukf,physical,mimo,False,9003,complete,,400,10.0,0.009029751092771536,0.0016173161274015183,4.1121199319028596e-05,0.01783589996355517,1.8410239524741068,161.25200712118163,0.0,0.0032089216884174858,0.2808988899061288,0.28135469939549823,0.00020897754444654248,0,0,0,0,0,14.179157000398845,26.343943951178517,7.673049727000034
recycle_minus50__lstm_ukf__physical__mimo__1__9001,ff49d012db6101d7a6222e44b0428a4827a1eee7d1f03f21ab1523f47582eb2e,recycle_minus50,lstm_ukf,physical,mimo,True,9001,complete,,400,10.0,0.009333034261908504,0.0020297165075528795,4.369384036839537e-05,0.01955409008878085,1.8899535075206275,161.45159604044616,0.0,0.0032375889813996105,0.28139796655491733,0.28146993007957305,0.0002900991043419676,0,0,0,0,0,14.398179999261629,23.401743099293522,7.460091372999159
recycle_minus50__lstm_ukf__physical__mimo__1__9002,ff49d012db6101d7a6222e44b0428a4827a1eee7d1f03f21ab1523f47582eb2e,recycle_minus50,lstm_ukf,physical,mimo,True,9002,complete,,400,10.0,0.009281769297894074,0.0018336882356967035,4.195057031677649e-05,0.019562706415787272,2.4467625236833856,161.37338974507895,0.0,0.003156787212892241,0.28053825451644393,0.28114741251702025,0.000569612934131436,0,0,0,0,0,14.755903001059778,26.60177139941879,7.989481666998472
recycle_minus50__lstm_ukf__physical__mimo__1__9003,ff49d012db6101d7a6222e44b0428a4827a1eee7d1f03f21ab1523f47582eb2e,recycle_minus50,lstm_ukf,physical,mimo,True,9003,complete,,400,10.0,0.009030015199625482,0.0016172836883518588,4.1122768301596636e-05,0.017836394240049448,1.8411235180176742,161.25202697657136,0.0,0.0032089212245169224,0.2808985846290688,0.28135438166527726,0.0002092828215065623,0,0,0,0,0,13.850791000550089,23.09696889924453,7.295769025000482
recycle_minus50__lstm_ukf__physical__siso__0__9001,ff49d012db6101d7a6222e44b0428a4827a1eee7d1f03f21ab1523f47582eb2e,recycle_minus50,lstm_ukf,physical,siso,False,9001,complete,,400,10.0,0.011819101363634335,0.004505270641782409,4.862966793104258e-05,0.039575957082984205,224.5941236131505,165.64888868080632,0.23500000000000001,0.0032708494693595045,0.2829409240326811,0.2844944652706281,0.001833056582105752,0,0,0,0,0,7.603644500704831,11.215678150165326,4.337651543999527
recycle_minus50__lstm_ukf__physical__siso__0__9002,ff49d012db6101d7a6222e44b0428a4827a1eee7d1f03f21ab1523f47582eb2e,recycle_minus50,lstm_ukf,physical,siso,False,9002,complete,,400,10.0,0.01262428907697794,0.005211515520481727,4.84823697066708e-05,0.04792520827272254,226.46859596947965,165.58768594066782,0.22625,0.00320135489212175,0.2808333018467596,0.28192853164300935,0.00027456560381577955,0,0,0,0,0,7.2604674996910035,11.394345949975104,4.075041357998998
recycle_minus50__lstm_ukf__physical__siso__0__9003,ff49d012db6101d7a6222e44b0428a4827a1eee7d1f03f21ab1523f47582eb2e,recycle_minus50,lstm_ukf,physical,siso,False,9003,complete,,400,10.0,0.01185571384967876,0.004453747399306205,4.642890412500858e-05,0.04208407306663573,226.8874313952996,165.3941852581428,0.14625000000000002,0.0032313744774819884,0.28096227384672956,0.2831596605777966,0.0001455936038458061,0,0,0,0,0,7.628135999766528,11.880669899892382,4.311429910998413
recycle_minus50__lstm_ukf__physical__siso__1__9001,ff49d012db6101d7a6222e44b0428a4827a1eee7d1f03f21ab1523f47582eb2e,recycle_minus50,lstm_ukf,physical,siso,True,9001,complete,,400,10.0,0.01119309398699097,0.004505371959980547,3.924852890993115e-05,0.03943314422723007,224.2584976341965,164.75643162869684,0.0,0.003287809593833478,0.2829409367123944,0.2844944785635915,0.0018330692618190314,0,0,0,0,0,7.2847540004659095,11.186592850026498,4.076980342999377
recycle_minus50__lstm_ukf__physical__siso__1__9002,ff49d012db6101d7a6222e44b0428a4827a1eee7d1f03f21ab1523f47582eb2e,recycle_minus50,lstm_ukf,physical,siso,True,9002,complete,,400,10.0,0.011524913307523484,0.005211423991937062,3.338491506325351e-05,0.04763363061852589,225.8794894954678,164.159746223801,0.0,0.0032228513102416792,0.2808334186202244,0.2819286465025092,0.0002744488303509929,0,0,0,0,0,7.57294300092326,11.850889050492695,4.326342736998413
recycle_minus50__lstm_ukf__physical__siso__1__9003,ff49d012db6101d7a6222e44b0428a4827a1eee7d1f03f21ab1523f47582eb2e,recycle_minus50,lstm_ukf,physical,siso,True,9003,complete,,400,10.0,0.011328872929477027,0.004453851199420348,3.83503221578899e-05,0.041951498890244125,226.6062915414033,164.57539689086133,0.0,0.0032455150099243383,0.2809621259650288,0.2831595133862034,0.00014574148554657995,0,0,0,0,0,7.205950500974723,11.252881649215851,3.899404350000623
recycle_minus50__nake__neural__mimo__0__9001,ff49d012db6101d7a6222e44b0428a4827a1eee7d1f03f21ab1523f47582eb2e,recycle_minus50,nake,neural,mimo,False,9001,complete,,400,10.0,0.010274008558572953,0.0030255017582272573,4.4991599556914915e-05,0.027638870186616826,1.9161612647894337,161.2554100245175,0.0,0.0032593856543612146,0.2804771953995267,0.2811850368527353,0.0006306720510486641,0,0,0,0,0,57.605455000157235,82.13535774957558,24.379127500000322
recycle_minus50__nake__neural__mimo__0__9002,ff49d012db6101d7a6222e44b0428a4827a1eee7d1f03f21ab1523f47582eb2e,recycle_minus50,nake,neural,mimo,False,9002,complete,,400,10.0,0.010869271993780147,0.0032326611429316972,4.327308231071556e-05,0.03171719463922845,2.199115536258574,161.21908278924292,0.0,0.0031720832111617817,0.2798423614469337,0.2811081929714781,0.0012655060036416699,0,0,0,0,0,59.3387110002368,93.66039130118222,25.986975501000416
recycle_minus50__nake__neural__mimo__0__9003,ff49d012db6101d7a6222e44b0428a4827a1eee7d1f03f21ab1523f47582eb2e,recycle_minus50,nake,neural,mimo,False,9003,complete,,400,10.0,0.011350335083346761,0.0038193398263061907,4.3918353815649226e-05,0.03698978289741905,2.5912711909112667,161.2370117769655,0.0,0.00325025406900623,0.279982293599533,0.2811556135131873,0.0011255738510423385,0,0,0,0,0,57.88074249994679,88.19184479925747,24.670158237000578
recycle_minus50__nake__neural__mimo__1__9001,ff49d012db6101d7a6222e44b0428a4827a1eee7d1f03f21ab1523f47582eb2e,recycle_minus50,nake,neural,mimo,True,9001,complete,,400,10.0,0.01027410969891912,0.0030258124076987824,4.499128728726206e-05,0.02764149896025924,1.9157693591005027,161.25544693733713,0.0,0.0032593860885188996,0.2804763781799449,0.2811842259016893,0.0006314892706304476,0,0,0,0,0,56.61508249977487,77.14637184999444,23.714715217998673
recycle_minus50__nake__neural__mimo__1__9002,ff49d012db6101d7a6222e44b0428a4827a1eee7d1f03f21ab1523f47582eb2e,recycle_minus50,nake,neural,mimo,True,9002,complete,,400,10.0,0.01086944487245527,0.003232527714450995,4.327427576034987e-05,0.0317168028846563,2.199098025372674,161.21934039586014,0.0,0.0031720830089757303,0.2798423340297472,0.28110815114517423,0.001265533420828191,0,0,0,0,0,58.49169249904662,89.12040209988842,25.278494914000476
recycle_minus50__nake__neural__mimo__1__9003,ff49d012db6101d7a6222e44b0428a4827a1eee7d1f03f21ab1523f47582eb2e,recycle_minus50,nake,neural,mimo,True,9003,complete,,400,10.0,0.011350700175952355,0.0038196084802838795,4.39208522034974e-05,0.03699283736238013,2.5916357758802513,161.23707712383793,0.0,0.0032502535927579623,0.27998222021602537,0.2811555422537864,0.001125647234549998,0,0,0,0,0,58.06647699955647,82.86162959957427,24.85445665000043
recycle_minus50__nake__neural__siso__0__9001,ff49d012db6101d7a6222e44b0428a4827a1eee7d1f03f21ab1523f47582eb2e,recycle_minus50,nake,neural,siso,False,9001,complete,,400,10.0,0.15810654315906514,0.1508616221570656,0.008835694120479557,1.3393264972146757,273.2036430274394,165.66710678927922,0.24125,0.02618760027641697,0.18996258509945407,0.2716104574894229,0.09114528235112129,0,0,0,0,0,28.63778299979458,45.39751724860252,13.238088336998771
recycle_minus50__nake__neural__siso__0__9002,ff49d012db6101d7a6222e44b0428a4827a1eee7d1f03f21ab1523f47582eb2e,recycle_minus50,nake,neural,siso,False,9002,complete,,400,10.0,0.25633017651886547,0.2488591936982987,0.029906764280839524,2.260114206082884,306.1448168015972,165.59831997544572,0.22125,0.0491323062239019,0.08177030053342232,0.25731898469999415,0.19933756691715304,0,0,0,0,0,28.81203050037584,44.501742499687666,12.633732274000067
recycle_minus50__nake__neural__siso__0__9003,ff49d012db6101d7a6222e44b0428a4827a1eee7d1f03f21ab1523f47582eb2e,recycle_minus50,nake,neural,siso,False,9003,complete,,400,10.0,0.25255115749641865,0.24503170360260285,0.028597259038396217,2.2217764897196823,305.122736785193,165.39135721503382,0.14750000000000002,0.04794828349596103,0.08412248871029014,0.25786080619732216,0.1969853787402852,0,0,0,0,0,28.824259499742766,46.88417180059329,12.954918408000594
recycle_minus50__nake__neural__siso__1__9001,ff49d012db6101d7a6222e44b0428a4827a1eee7d1f03f21ab1523f47582eb2e,recycle_minus50,nake,neural,siso,True,9001,complete,,400,10.0,0.15744845416300363,0.15087541922413725,0.008827771528403713,1.3392976954514368,272.8486354433763,164.70784703531876,0.0,0.026192735105826367,0.18993241301879185,0.2716086799092441,0.09117545443178351,0,0,0,0,0,29.434408499582787,47.88531734957357,13.536821977000727
recycle_minus50__nake__neural__siso__1__9002,ff49d012db6101d7a6222e44b0428a4827a1eee7d1f03f21ab1523f47582eb2e,recycle_minus50,nake,neural,siso,True,9002,complete,,400,10.0,0.2552832479554945,0.2488597809572392,0.029892201908180257,2.2598822003789283,305.5830339994598,164.05800834624316,0.0,0.049134566131245914,0.08176989958825892,0.2573189375488409,0.19933796786231645,0,0,0,0,0,28.995666500122752,46.41162400030224,13.074019589999807
recycle_minus50__nake__neural__siso__1__9003,ff49d012db6101d7a6222e44b0428a4827a1eee7d1f03f21ab1523f47582eb2e,recycle_minus50,nake,neural,siso,True,9003,complete,,400,10.0,0.25202187383242297,0.24503396624456172,0.028589625682577155,2.2216658738327375,304.83937429587775,164.51006907800505,0.0,0.04794950865053711,0.0841213149487804,0.2578605711677591,0.19698655250179498,0,0,0,0,0,28.51883400035149,44.929674750892424,12.521721053000874
recycle_minus50__nake__physical__mimo__0__9001,ff49d012db6101d7a6222e44b0428a4827a1eee7d1f03f21ab1523f47582eb2e,recycle_minus50,nake,physical,mimo,False,9001,complete,,400,10.0,0.009958493209130755,0.002714674073528541,4.461003206632946e-05,0.024980767624213814,1.8901256611676946,161.28147079883325,0.0,0.0032592398358988342,0.28057487726880526,0.28128064284726634,0.0005329901817701099,0,0,0,0,0,14.400239499991585,26.397841148809672,7.439925063999908
recycle_minus50__nake__physical__mimo__0__9002,ff49d012db6101d7a6222e44b0428a4827a1eee7d1f03f21ab1523f47582eb2e,recycle_minus50,nake,physical,mimo,False,9002,complete,,400,10.0,0.010477621177467618,0.002848145760192875,4.2808184988727835e-05,0.02862210278654666,2.120149836259485,161.2187361578536,0.0,0.003171854285401805,0.2799402123577259,0.281204245402657,0.00116765509284944,0,0,0,0,0,14.578957500816614,22.491534500568374,7.459644140000819
recycle_minus50__nake__physical__mimo__0__9003,ff49d012db6101d7a6222e44b0428a4827a1eee7d1f03f21ab1523f47582eb2e,recycle_minus50,nake,physical,mimo,False,9003,complete,,400,10.0,0.01096706868698013,0.003440272073620055,4.333967125335928e-05,0.03394719909738999,2.4622868352937055,161.2515509565354,0.0,0.0032500154548312245,0.28007989941803696,0.2812512941634228,0.0010279680325384066,0,0,0,0,0,14.521621999847412,24.573113951100787,7.3292909160009
recycle_minus50__nake__physical__mimo__1__9001,ff49d012db6101d7a6222e44b0428a4827a1eee7d1f03f21ab1523f47582eb2e,recycle_minus50,nake,physical,mimo,True,9001,complete,,400,10.0,0.009959216154436913,0.002715311978364012,4.461095512000269e-05,0.024986070863174246,1.8898852730024607,161.2819580040753,0.0,0.0032592405723386613,0.280574123664538,0.28127989510640944,0.0005337437860373773,0,0,0,0,0,14.241751000554359,23.46140924855716,7.238273709999703
recycle_minus50__nake__physical__mimo__1__9002,ff49d012db6101d7a6222e44b0428a4827a1eee7d1f03f21ab1523f47582eb2e,recycle_minus50,nake,physical,mimo,True,9002,complete,,400,10.0,0.010477679678888342,0.0028483552915049212,4.2808769453928e-05,0.028624334271843677,2.120009012193424,161.21891141175,0.0,0.003171854491016073,0.2799400198340424,0.28120405951605354,0.001167847616532991,0,0,0,0,0,14.457164499617647,26.353807500618128,7.726543541000865
recycle_minus50__nake__physical__mimo__1__9003,ff49d012db6101d7a6222e44b0428a4827a1eee7d1f03f21ab1523f47582eb2e,recycle_minus50,nake,physical,mimo,True,9003,complete,,400,10.0,0.010966853816072595,0.003440226629527399,4.334036149894046e-05,0.033946448730455506,2.4624281114714086,161.2516234869018,0.0,0.003250015012145871,0.28007957870806993,0.2812509749302554,0.0010282887425054343,0,0,0,0,0,14.110773499851348,25.135420049627978,7.425428652000846
recycle_minus50__nake__physical__siso__0__9001,ff49d012db6101d7a6222e44b0428a4827a1eee7d1f03f21ab1523f47582eb2e,recycle_minus50,nake,physical,siso,False,9001,complete,,400,10.0,0.037704195917043326,0.030478961429301413,0.00036703015928907527,0.26407552457671396,217.76455996580447,165.6590477484361,0.23875000000000002,0.004960778372530393,0.2976715649478209,0.2871037844593512,0.01656369749724551,0,0,0,0,0,6.765537998944637,8.76039664963173,3.732960527000614
recycle_minus50__nake__physical__siso__0__9002,ff49d012db6101d7a6222e44b0428a4827a1eee7d1f03f21ab1523f47582eb2e,recycle_minus50,nake,physical,siso,False,9002,complete,,400,10.0,0.034678388324724765,0.027231820178855705,0.00028041938642968584,0.23434049517981742,220.20007597308057,165.59319541346747,0.21875,0.004533189524224194,0.2942654973286898,0.28728273080979916,0.013157629878114419,0,0,0,0,0,6.9826039998588385,8.547979601280524,3.7448023079996346
recycle_minus50__nake__physical__siso__0__9003,ff49d012db6101d7a6222e44b0428a4827a1eee7d1f03f21ab1523f47582eb2e,recycle_minus50,nake,physical,siso,False,9003,complete,,400,10.0,0.03417894626322731,0.026678642280974253,0.00026103395011911205,0.23213154346087583,220.14068880544693,165.38302114713898,0.14625000000000002,0.004315152737694017,0.29595511897450066,0.28771887980402305,0.014847251523925298,0,0,0,0,0,7.221820001177548,10.889370050063006,3.998308934000306
recycle_minus50__nake__physical__siso__1__9001,ff49d012db6101d7a6222e44b0428a4827a1eee7d1f03f21ab1523f47582eb2e,recycle_minus50,nake,physical,siso,True,9001,complete,,400,10.0,0.037048681565329755,0.030478882660049632,0.0003572365416871293,0.2639188908867968,217.4139590149757,164.72420601266734,0.0,0.004969458128834143,0.29767162630061805,0.28710379663856733,0.016563758850042687,0,0,0,0,0,7.089500500114809,10.681834299612083,3.8674199390006834
recycle_minus50__nake__physical__siso__1__9002,ff49d012db6101d7a6222e44b0428a4827a1eee7d1f03f21ab1523f47582eb2e,recycle_minus50,nake,physical,siso,True,9002,complete,,400,10.0,0.03364746446013366,0.027231629573151457,0.0002658914550410549,0.23410730617582723,219.64713594876693,164.0682880529289,0.0,0.004555935973217228,0.2942655248648811,0.2872827496062607,0.013157657414305746,0,0,0,0,0,6.939258500096912,8.04856204895259,3.6003646980007034
recycle_minus50__nake__physical__siso__1__9003,ff49d012db6101d7a6222e44b0428a4827a1eee7d1f03f21ab1523f47582eb2e,recycle_minus50,nake,physical,siso,True,9003,complete,,400,10.0,0.033664500024264,0.02667855906872959,0.0002531440730345493,0.2320048142838535,219.86583086832664,164.5273861593974,0.0,0.004323915237590787,0.29595521976684774,0.28771893067448445,0.014847352316272378,0,0,0,0,0,7.160172000112652,8.811772349508828,3.822915237000416
recycle_minus50__ukf__neural__mimo__0__9001,ff49d012db6101d7a6222e44b0428a4827a1eee7d1f03f21ab1523f47582eb2e,recycle_minus50,ukf,neural,mimo,False,9001,complete,,400,10.0,0.008714654847371214,0.001557892167195585,4.2868881579045784e-05,0.015330572441025826,1.884080040429205,161.34919161616108,0.0,0.0032152719791438186,0.28112845361398464,0.28108932839222267,2.0586163409275215e-05,0,0,0,0,0,58.334350500445,92.69805089898,25.721797944001082
recycle_minus50__ukf__neural__mimo__0__9002,ff49d012db6101d7a6222e44b0428a4827a1eee7d1f03f21ab1523f47582eb2e,recycle_minus50,ukf,neural,mimo,False,9002,complete,,400,10.0,0.009077078936404323,0.0015940875890866723,4.111966942007603e-05,0.017757517349368836,1.8876359383597217,161.2090978556328,0.0,0.0031381732530178456,0.2805146742034411,0.2810237569085301,0.0005931932471342494,0,0,0,0,0,58.769510500496835,96.09421700088204,25.603706584000975
recycle_minus50__ukf__neural__mimo__0__9003,ff49d012db6101d7a6222e44b0428a4827a1eee7d1f03f21ab1523f47582eb2e,recycle_minus50,ukf,neural,mimo,False,9003,complete,,400,10.0,0.009496225177544764,0.0019493722741329136,4.124158553049155e-05,0.02131554488149136,2.239824123071004,161.23742928306604,0.0,0.003204995919844534,0.28062899847257883,0.28106360335369357,0.00047886897799653827,0,0,0,0,0,58.18915100007871,84.84465915016695,24.006131631000244
recycle_minus50__ukf__neural__mimo__1__9001,ff49d012db6101d7a6222e44b0428a4827a1eee7d1f03f21ab1523f47582eb2e,recycle_minus50,ukf,neural,mimo,True,9001,complete,,400,10.0,0.008714816876931326,0.001557880245091832,4.28688751040189e-05,0.015330777409977571,1.8836031733580396,161.34918354634019,0.0,0.0032152733949337106,0.2811283589129589,0.2810892333177501,2.0491462383531722e-05,0,0,0,0,0,59.46428549941629,94.53042644936431,26.28484891199878
recycle_minus50__ukf__neural__mimo__1__9002,ff49d012db6101d7a6222e44b0428a4827a1eee7d1f03f21ab1523f47582eb2e,recycle_minus50,ukf,neural,mimo,True,9002,complete,,400,10.0,0.009077424759655605,0.001594275052256474,4.112154092162636e-05,0.0177585534297206,1.887540317691919,161.20915631328515,0.0,0.0031381721397041977,0.28051456160641963,0.2810236485762343,0.0005933058441557337,0,0,0,0,0,57.73124799998186,96.4004613499128,25.931110334999175
recycle_minus50__ukf__neural__mimo__1__9003,ff49d012db6101d7a6222e44b0428a4827a1eee7d1f03f21ab1523f47582eb2e,recycle_minus50,ukf,neural,mimo,True,9003,complete,,400,10.0,0.009497084986256314,0.0019498966714505998,4.1242936140013614e-05,0.02132040465881964,2.2398865508606614,161.23748755032352,0.0,0.0032049963416719905,0.2806290425504317,0.28106364669936207,0.00047882490014367063,0,0,0,0,0,58.3564535008918,96.8036782492163,25.29439191900019
recycle_minus50__ukf__neural__siso__0__9001,ff49d012db6101d7a6222e44b0428a4827a1eee7d1f03f21ab1523f47582eb2e,recycle_minus50,ukf,neural,siso,False,9001,complete,,400,10.0,0.39600502094995244,0.38881238418313674,0.06943660938941665,3.5130705738420827,380.9950491208796,165.64808328889848,0.23500000000000001,0.0032299894836505224,0.03627228661186192,0.03603554524818888,0.24483558083871343,0,0,0,0,0,28.921465999701468,47.31946965048336,13.495635290999417
recycle_minus50__ukf__neural__siso__0__9002,ff49d012db6101d7a6222e44b0428a4827a1eee7d1f03f21ab1523f47582eb2e,recycle_minus50,ukf,neural,siso,False,9002,complete,,400,10.0,0.3949177076916334,0.3874598694001835,0.06945607890810188,3.505270476327975,381.4476161736232,165.6063101269037,0.22625,0.003120099195462222,0.03625977146539498,0.0362141502035641,0.24484809598518037,0,0,0,0,0,29.383511000560247,48.06121874962628,13.30261347600026
recycle_minus50__ukf__neural__siso__0__9003,ff49d012db6101d7a6222e44b0428a4827a1eee7d1f03f21ab1523f47582eb2e,recycle_minus50,ukf,neural,siso,False,9003,complete,,400,10.0,0.41393845985210553,0.40638424530383277,0.07407395971165963,3.6647408790575504,389.5594906309089,165.3899730691677,0.14750000000000002,0.0032002983190997083,0.03374554716144268,0.03380216268154995,0.2473623202891327,0,0,0,0,0,29.7544344994094,47.626249949735204,13.906163911000476
recycle_minus50__ukf__neural__siso__1__9001,ff49d012db6101d7a6222e44b0428a4827a1eee7d1f03f21ab1523f47582eb2e,recycle_minus50,ukf,neural,siso,True,9001,complete,,400,10.0,0.39535166785730175,0.38881266122253266,0.06942695614076788,3.5129177009744157,380.64628263051327,164.7215888128306,0.0,0.003247105602239876,0.03627224935488521,0.036035511879878156,0.24483561809569016,0,0,0,0,0,30.612786499659705,48.638900600508336,13.983732154998506
recycle_minus50__ukf__neural__siso__1__9002,ff49d012db6101d7a6222e44b0428a4827a1eee7d1f03f21ab1523f47582eb2e,recycle_minus50,ukf,neural,siso,True,9002,complete,,400,10.0,0.3938165109265074,0.38745910374477704,0.06944074393136335,3.5049728069444845,380.8572812603158,164.0840065550878,0.0,0.0031415954783943173,0.03625988338258228,0.03621424821268941,0.24484798406799307,0,0,0,0,0,30.856328499794472,50.33238740015804,14.296100778999971
recycle_minus50__ukf__neural__siso__1__9003,ff49d012db6101d7a6222e44b0428a4827a1eee7d1f03f21ab1523f47582eb2e,recycle_minus50,ukf,neural,siso,True,9003,complete,,400,10.0,0.4134186070449087,0.40638435016903723,0.07406598612985602,3.664615553747862,389.2820770637649,164.52119700231697,0.0,0.003214225300232748,0.03374554423589866,0.0338021611165202,0.24736232321467672,0,0,0,0,0,31.563807500788243,50.79057755001486,14.526787726999828
recycle_minus50__ukf__physical__mimo__0__9001,ff49d012db6101d7a6222e44b0428a4827a1eee7d1f03f21ab1523f47582eb2e,recycle_minus50,ukf,physical,mimo,False,9001,complete,,400,10.0,0.00886142936836277,0.0017092657077388506,4.29234559766676e-05,0.016503755072358118,1.9056319262848764,161.37403373468314,0.0,0.0032152805363198497,0.2812230960991611,0.2811840417724687,0.00011522864858570792,0,0,0,0,0,14.188149999426969,21.69872140084407,7.071092311000029
recycle_minus50__ukf__physical__mimo__0__9002,ff49d012db6101d7a6222e44b0428a4827a1eee7d1f03f21ab1523f47582eb2e,recycle_minus50,ukf,physical,mimo,False,9002,complete,,400,10.0,0.009140675560942382,0.001665235194614068,4.109207152192969e-05,0.01805871196618544,1.8322099111761887,161.20893179642516,0.0,0.003138118728619327,0.2806096020130108,0.2811189208012285,0.0004982654375645934,0,0,0,0,0,14.517249999698834,22.680006199425385,7.147758737999538
recycle_minus50__ukf__physical__mimo__0__9003,ff49d012db6101d7a6222e44b0428a4827a1eee7d1f03f21ab1523f47582eb2e,recycle_minus50,ukf,physical,mimo,False,9003,complete,,400,10.0,0.009350958541192746,0.0018082182910245733,4.109703745414148e-05,0.019963233354644675,2.1189163926125674,161.25196232688108,0.0,0.00320494353588616,0.2807229357923864,0.28115776354743127,0.00038493165818898056,0,0,0,0,0,15.166047000093386,23.764119050883888,7.8329858260003675
recycle_minus50__ukf__physical__mimo__1__9001,ff49d012db6101d7a6222e44b0428a4827a1eee7d1f03f21ab1523f47582eb2e,recycle_minus50,ukf,physical,mimo,True,9001,complete,,400,10.0,0.008861806729093074,0.0017097318056695239,4.292311952537882e-05,0.016506395183707362,1.9055224843030039,161.37429729013752,0.0,0.0032152819026690107,0.2812229641987714,0.28118390917960645,0.00011509674819604188,0,0,0,0,0,14.09379800043098,22.41365245099587,7.1470273779996205
recycle_minus50__ukf__physical__mimo__1__9002,ff49d012db6101d7a6222e44b0428a4827a1eee7d1f03f21ab1523f47582eb2e,recycle_minus50,ukf,physical,mimo,True,9002,complete,,400,10.0,0.009141188018209312,0.0016653373985080608,4.109430905008571e-05,0.01806016135601694,1.8321195232572483,161.2094043325192,0.0,0.003138118124781112,0.28060941387694954,0.2811187296544546,0.0004984535736258233,0,0,0,0,0,14.369923499543802,23.419168800046464,7.5062877609998395
recycle_minus50__ukf__physical__mimo__1__9003,ff49d012db6101d7a6222e44b0428a4827a1eee7d1f03f21ab1523f47582eb2e,recycle_minus50,ukf,physical,mimo,True,9003,complete,,400,10.0,0.009351434571740367,0.0018083886344475366,4.109860566173038e-05,0.01996451557794685,2.119019548351889,161.2520035461722,0.0,0.0032049437811148204,0.2807230956947053,0.2811579214231774,0.0003847717558700392,0,0,0,0,0,14.252907499212597,24.13267635001829,7.214276999999129
recycle_minus50__ukf__physical__siso__0__9001,ff49d012db6101d7a6222e44b0428a4827a1eee7d1f03f21ab1523f47582eb2e,recycle_minus50,ukf,physical,siso,False,9001,complete,,400,10.0,0.012065704760967773,0.004892704693560488,4.7991371757127376e-05,0.04247970768889604,224.78536977087344,165.63999464428628,0.23125,0.003238281973207146,0.28147389588335653,0.2828290350722342,0.0003660284327811625,0,0,0,0,0,6.9749984995723935,8.593295401442447,3.587560198000574
recycle_minus50__ukf__physical__siso__0__9002,ff49d012db6101d7a6222e44b0428a4827a1eee7d1f03f21ab1523f47582eb2e,recycle_minus50,ukf,physical,siso,False,9002,complete,,400,10.0,0.012547179399341116,0.005113054068293581,4.649696968297424e-05,0.04747261448763658,226.55065990986554,165.60111321088473,0.225,0.0031601944950204863,0.27985354228528164,0.281124119119975,0.0012543251652937237,0,0,0,0,0,7.243186999403406,11.670322898771698,3.9932210229999328
recycle_minus50__ukf__physical__siso__0__9003,ff49d012db6101d7a6222e44b0428a4827a1eee7d1f03f21ab1523f47582eb2e,recycle_minus50,ukf,physical,siso,False,9003,complete,,400,10.0,0.013704792721145167,0.006169640313186882,5.157478119085366e-05,0.058273928112333416,227.98157684472773,165.38160811249745,0.14375000000000002,0.003234448756387085,0.2794896201348152,0.2818603014358571,0.0016182473157601573,0,0,0,0,0,7.526177500039921,11.088583200307767,4.110849013000916
recycle_minus50__ukf__physical__siso__1__9001,ff49d012db6101d7a6222e44b0428a4827a1eee7d1f03f21ab1523f47582eb2e,recycle_minus50,ukf,physical,siso,True,9001,complete,,400,10.0,0.011428436861167375,0.004892918038722336,3.8504293434979205e-05,0.04233043414901906,224.44504938097506,164.7379563172089,0.0,0.0032550082499528715,0.28147366735317936,0.2828288085784108,0.00036579990260399153,0,0,0,0,0,7.824936999895726,11.571508249471657,4.2512982719999854
recycle_minus50__ukf__physical__siso__1__9002,ff49d012db6101d7a6222e44b0428a4827a1eee7d1f03f21ab1523f47582eb2e,recycle_minus50,ukf,physical,siso,True,9002,complete,,400,10.0,0.011462203169425698,0.0051133617400189275,3.154967496297234e-05,0.04718847671931621,225.96869806087247,164.09249870579401,0.0,0.0031810345971462297,0.27985345432796954,0.2811240292406571,0.0012544131226058242,0,0,0,0,0,7.7636255000470555,13.58259259977785,4.395355164000648
recycle_minus50__ukf__physical__siso__1__9003,ff49d012db6101d7a6222e44b0428a4827a1eee7d1f03f21ab1523f47582eb2e,recycle_minus50,ukf,physical,siso,True,9003,complete,,400,10.0,0.013202155034605787,0.006169803494950164,4.3847421250378644e-05,0.058153552009889156,227.71322581044828,164.53880283198555,0.0,0.0032478810436912943,0.2794896298095044,0.28186030864268474,0.001618237641070941,0,0,0,0,0,7.304659499823174,14.184738501262467,4.187699733000045
servo_down__lstm_nake__neural__mimo__0__9001,ff49d012db6101d7a6222e44b0428a4827a1eee7d1f03f21ab1523f47582eb2e,servo_down,lstm_nake,neural,mimo,False,9001,complete,,400,10.0,0.02003926183062046,0.013039737219226726,0.0002627016870048764,0.07465304140919214,1.7353753332231725,161.69543563106186,0.0,0.0032297485990167548,0.28115032186316613,0.28093272428991417,4.2454412590764434e-05,0,0,0,0,0,59.438204499201674,94.19111579863964,26.96036666299915
servo_down__lstm_nake__neural__mimo__0__9002,ff49d012db6101d7a6222e44b0428a4827a1eee7d1f03f21ab1523f47582eb2e,servo_down,lstm_nake,neural,mimo,False,9002,complete,,400,10.0,0.02003471509428944,0.012805048999267907,0.00025323789340468044,0.07352395036323275,2.3940083690598613,161.63101812728132,0.0,0.00327836829282405,0.2804941760195833,0.28115091716841767,0.0006136914309920471,0,0,0,0,0,57.731536499886715,92.46637049973286,26.875816182000563
servo_down__lstm_nake__neural__mimo__0__9003,ff49d012db6101d7a6222e44b0428a4827a1eee7d1f03f21ab1523f47582eb2e,servo_down,lstm_nake,neural,mimo,False,9003,complete,,400,10.0,0.020241310431198298,0.013305644971182395,0.00026044066469896836,0.07602169200607925,1.9286192114501182,161.44156574301644,0.0,0.003209657006201552,0.28085029482445206,0.28098270394052954,0.00025757262612330356,0,0,0,0,0,57.43408249963977,86.6825716506355,25.19310418399982
servo_down__lstm_nake__neural__mimo__1__9001,ff49d012db6101d7a6222e44b0428a4827a1eee7d1f03f21ab1523f47582eb2e,servo_down,lstm_nake,neural,mimo,True,9001,complete,,400,10.0,0.020039033810647162,0.013039676817294394,0.0002626939416185629,0.07465236086677292,1.7352274464152189,161.6955850724761,0.0,0.0032297474479315836,0.2811499345859275,0.28093234284413854,4.2067135352152896e-05,0,0,0,0,0,56.45059050038981,90.744604500378,25.19409580899992
servo_down__lstm_nake__neural__mimo__1__9002,ff49d012db6101d7a6222e44b0428a4827a1eee7d1f03f21ab1523f47582eb2e,servo_down,lstm_nake,neural,mimo,True,9002,complete,,400,10.0,0.020034826843858926,0.01280513950943856,0.0002532333483677276,0.07352476876557607,2.393827951952294,161.63098646351784,0.0,0.003278368897928516,0.2804942744038124,0.28115100434043,0.0006135930467629502,0,0,0,0,0,56.77748500056623,93.29185755086655,25.93423606900069
servo_down__lstm_nake__neural__mimo__1__9003,ff49d012db6101d7a6222e44b0428a4827a1eee7d1f03f21ab1523f47582eb2e,servo_down,lstm_nake,neural,mimo,True,9003,complete,,400,10.0,0.02024156240205126,0.013305992934458128,0.00026044020856833656,0.07602373521554065,1.9284292888044516,161.44145222613523,0.0,0.0032096576399693014,0.28085039296524955,0.280982795518605,0.00025747448532581485,0,0,0,0,0,57.24895450020995,93.56846064883939,26.501196913000967
servo_down__lstm_nake__neural__siso__0__9001,ff49d012db6101d7a6222e44b0428a4827a1eee7d1f03f21ab1523f47582eb2e,servo_down,lstm_nake,neural,siso,False,9001,complete,,400,10.0,0.019910354960081894,0.012845040826815502,0.0002610915915463404,0.07364651420845247,69.00451316543537,165.82311813873812,0.2875,0.003219060909718069,0.2811515552069342,0.2809386884239911,4.368775635882338e-05,0,0,0,0,0,30.68875500048307,46.511877301145425,13.59256333600024
servo_down__lstm_nake__neural__siso__0__9002,ff49d012db6101d7a6222e44b0428a4827a1eee7d1f03f21ab1523f47582eb2e,servo_down,lstm_nake,neural,siso,False,9002,complete,,400,10.0,0.0198734646595766,0.012571050797336994,0.00025221749825382855,0.07226295716737044,69.16951315198148,165.8277658457988,0.28250000000000003,0.003269893904307745,0.2804947772062623,0.28115635557810364,0.0006130902443130526,0,0,0,0,0,30.142307999994955,45.84036840033149,13.39175398000043
servo_down__lstm_nake__neural__siso__0__9003,ff49d012db6101d7a6222e44b0428a4827a1eee7d1f03f21ab1523f47582eb2e,servo_down,lstm_nake,neural,siso,False,9003,complete,,400,10.0,0.01964355755216932,0.012777575443118359,0.000257845599149385,0.07286137415574559,69.42611818722513,165.49610110475237,0.21125,0.0031666549059230407,0.2808426252854138,0.28098739546894824,0.00026524216516154997,0,0,0,0,0,29.838671000106842,45.03437199891777,13.262385667001581
servo_down__lstm_nake__neural__siso__1__9001,ff49d012db6101d7a6222e44b0428a4827a1eee7d1f03f21ab1523f47582eb2e,servo_down,lstm_nake,neural,siso,True,9001,complete,,400,10.0,0.019192472818981347,0.012844243715564186,0.0002507708709306099,0.07345380731705684,68.62176500746969,165.00893357746796,0.0125,0.0032313488577864454,0.281151738030365,0.2809388658727355,4.387057978960662e-05,0,0,0,0,0,30.57405250001466,42.216617999838476,13.305017815999236
servo_down__lstm_nake__neural__siso__1__9002,ff49d012db6101d7a6222e44b0428a4827a1eee7d1f03f21ab1523f47582eb2e,servo_down,lstm_nake,neural,siso,True,9002,complete,,400,10.0,0.01935210296743874,0.012570931695673646,0.00024404440745793348,0.072138818239937,68.89215591417481,164.95051740831698,0.0,0.0032858717276249955,0.2804946731050251,0.2811562582939627,0.0006131943455502387,0,0,0,0,0,30.14821650049271,37.91680079848443,13.236531037999157
servo_down__lstm_nake__neural__siso__1__9003,ff49d012db6101d7a6222e44b0428a4827a1eee7d1f03f21ab1523f47582eb2e,servo_down,lstm_nake,neural,siso,True,9003,complete,,400,10.0,0.01885650638347808,0.0127776312106413,0.00024672136317455405,0.07267026196266689,69.00454231626011,164.36552069614808,0.0,0.0031875804455360414,0.2808429712694582,0.2809877364350612,0.00026489618111719127,0,0,0,0,0,30.01857649996964,37.56586204899577,13.083660245001738
servo_down__lstm_nake__physical__mimo__0__9001,ff49d012db6101d7a6222e44b0428a4827a1eee7d1f03f21ab1523f47582eb2e,servo_down,lstm_nake,physical,mimo,False,9001,complete,,400,10.0,0.019971045887433488,0.012976802115755711,0.0002623619795960979,0.07416171763440196,1.7413324842802436,161.69575343423364,0.0,0.003229730701671607,0.2811511486431885,0.2809335025960983,4.3281192613153774e-05,0,0,0,0,0,13.952306499959377,22.214699650794497,7.283939118999115
servo_down__lstm_nake__physical__mimo__0__9002,ff49d012db6101d7a6222e44b0428a4827a1eee7d1f03f21ab1523f47582eb2e,servo_down,lstm_nake,physical,mimo,False,9002,complete,,400,10.0,0.019970075779313607,0.01274523807632119,0.0002528552015294587,0.07305861853630478,2.4057804993315166,161.64916644654053,0.0,0.0032783302584148705,0.28049489896414875,0.2811515758280568,0.0006129684864266127,0,0,0,0,0,13.757327999883273,25.817118950271826,7.460939992999556
servo_down__lstm_nake__physical__mimo__0__9003,ff49d012db6101d7a6222e44b0428a4827a1eee7d1f03f21ab1523f47582eb2e,servo_down,lstm_nake,physical,mimo,False,9003,complete,,400,10.0,0.020100066746937713,0.013169260197402775,0.0002600241157456953,0.07520458928896845,1.8994274199174688,161.45616350898771,0.0,0.003209496225442029,0.2808511189067766,0.28098346671500607,0.0002567485437987571,0,0,0,0,0,13.970855500701873,26.95057624923719,7.649270997000713
servo_down__lstm_nake__physical__mimo__1__9001,ff49d012db6101d7a6222e44b0428a4827a1eee7d1f03f21ab1523f47582eb2e,servo_down,lstm_nake,physical,mimo,True,9001,complete,,400,10.0,0.019970740660598875,0.012976694174591187,0.0002623516565467969,0.07416040407611414,1.7411345501964712,161.6959546276965,0.0,0.003229732917141441,0.2811507220176989,0.2809330823049374,4.28545671235514e-05,0,0,0,0,0,13.676668500011147,18.357554949579935,7.007882009000241
servo_down__lstm_nake__physical__mimo__1__9002,ff49d012db6101d7a6222e44b0428a4827a1eee7d1f03f21ab1523f47582eb2e,servo_down,lstm_nake,physical,mimo,True,9002,complete,,400,10.0,0.019970080734273303,0.01274523706368489,0.0002528515324762738,0.07305878368437695,2.4058077089668704,161.64912248845008,0.0,0.00327832983410262,0.28049482190793046,0.28115150156274404,0.0006130455426449077,0,0,0,0,0,14.033097500941949,25.16315894990839,7.29181954699925
servo_down__lstm_nake__physical__mimo__1__9003,ff49d012db6101d7a6222e44b0428a4827a1eee7d1f03f21ab1523f47582eb2e,servo_down,lstm_nake,physical,mimo,True,9003,complete,,400,10.0,0.020100141204126048,0.013169748809905082,0.0002600246436178447,0.07520664401349265,1.8991787734932473,161.45602010835483,0.0,0.0032094961905889123,0.2808511220683187,0.2809834627493314,0.0002567453822566734,0,0,0,0,0,13.680433999979869,19.434810349594027,6.897049838000385
servo_down__lstm_nake__physical__siso__0__9001,ff49d012db6101d7a6222e44b0428a4827a1eee7d1f03f21ab1523f47582eb2e,servo_down,lstm_nake,physical,siso,False,9001,complete,,400,10.0,0.01988496160192534,0.01284047936108518,0.0002607838289740415,0.07347048778690209,68.93000260873556,165.8158317396019,0.28625,0.0032191789319753255,0.2811518436689029,0.2809389100177949,4.397621832752385e-05,0,0,0,0,0,7.046114499644318,10.776719199657236,4.031749377998494
servo_down__lstm_nake__physical__siso__0__9002,ff49d012db6101d7a6222e44b0428a4827a1eee7d1f03f21ab1523f47582eb2e,servo_down,lstm_nake,physical,siso,False,9002,complete,,400,10.0,0.01983555339144872,0.012553185353473049,0.00025200690868301245,0.07205046360707866,69.10343496690729,165.81933754005317,0.28125,0.0032700291874964943,0.28049523026624085,0.28115677748706347,0.0006126371843345191,0,0,0,0,0,7.257769000716507,13.053537949690504,4.281518099000095
servo_down__lstm_nake__physical__siso__0__9003,ff49d012db6101d7a6222e44b0428a4827a1eee7d1f03f21ab1523f47582eb2e,servo_down,lstm_nake,physical,siso,False,9003,complete,,400,10.0,0.01957354471881001,0.012727881650324095,0.0002575848073400253,0.07250700898513109,69.3449052842844,165.489057907635,0.21,0.003166777222666218,0.2808454668838678,0.28099006522933084,0.00026240056670756573,0,0,0,0,0,7.3976180001409375,13.652693850053758,4.716043592999995
servo_down__lstm_nake__physical__siso__1__9001,ff49d012db6101d7a6222e44b0428a4827a1eee7d1f03f21ab1523f47582eb2e,servo_down,lstm_nake,physical,siso,True,9001,complete,,400,10.0,0.019181074406717832,0.012839472576216326,0.0002506638848200431,0.07327973418487345,68.5548630419381,165.0249743965109,0.020000000000000004,0.0032312179447025672,0.28115199922803513,0.2809390591162995,4.413177745976604e-05,0,0,0,0,0,7.76447000043845,14.012434799224138,4.798921077999694
servo_down__lstm_nake__physical__siso__1__9002,ff49d012db6101d7a6222e44b0428a4827a1eee7d1f03f21ab1523f47582eb2e,servo_down,lstm_nake,physical,siso,True,9002,complete,,400,10.0,0.019327087918979448,0.01255307674392782,0.00024402751682459832,0.07193003325763805,68.83293602030032,164.95177539097577,0.0,0.003285705226716866,0.2804951326973925,0.28115668958502277,0.0006127347531828531,0,0,0,0,0,7.40418199893611,13.295041649689663,4.521621740001137
servo_down__lstm_nake__physical__siso__1__9003,ff49d012db6101d7a6222e44b0428a4827a1eee7d1f03f21ab1523f47582eb2e,servo_down,lstm_nake,physical,siso,True,9003,complete,,400,10.0,0.018803659705577198,0.012728108151587534,0.00024668343490379585,0.07232263198338902,68.93238737285215,164.3670037746786,0.0,0.0031873756316871905,0.280845946806057,0.28099054053342537,0.0002619206445183542,0,0,0,0,0,7.174461500653706,13.413060600123556,4.489343376000761
servo_down__lstm_ukf__neural__mimo__0__9001,ff49d012db6101d7a6222e44b0428a4827a1eee7d1f03f21ab1523f47582eb2e,servo_down,lstm_ukf,neural,mimo,False,9001,complete,,400,10.0,0.019559235563532378,0.012687780568410677,0.00025818096433216837,0.071895885369958,1.821970592783756,161.72982042486151,0.0,0.003197050799895869,0.2811663881615362,0.28091888851613245,5.8520710960852096e-05,0,0,0,0,0,57.59114850025071,90.00442859987743,25.7976744030002
servo_down__lstm_ukf__neural__mimo__0__9002,ff49d012db6101d7a6222e44b0428a4827a1eee7d1f03f21ab1523f47582eb2e,servo_down,lstm_ukf,neural,mimo,False,9002,complete,,400,10.0,0.01956793136016667,0.012335384525201479,0.0002501205118698868,0.07032160426441145,2.5336426212654457,161.65645277925316,0.0,0.0032715817629577104,0.2805143421462731,0.281155864728004,0.0005935253043022892,0,0,0,0,0,57.61919799988391,89.38210255082595,25.643814938001015
servo_down__lstm_ukf__neural__mimo__0__9003,ff49d012db6101d7a6222e44b0428a4827a1eee7d1f03f21ab1523f47582eb2e,servo_down,lstm_ukf,neural,mimo,False,9003,complete,,400,10.0,0.019273135808805086,0.012444998605275466,0.00025592421599117854,0.0709601511835427,1.9475212228949699,161.5076234883808,0.0,0.0031838846157350876,0.2808849776867247,0.2809762756340702,0.0002228897638506533,0,0,0,0,0,57.38190350075456,89.33721999992484,25.619752107999375
servo_down__lstm_ukf__neural__mimo__1__9001,ff49d012db6101d7a6222e44b0428a4827a1eee7d1f03f21ab1523f47582eb2e,servo_down,lstm_ukf,neural,mimo,True,9001,complete,,400,10.0,0.019559022594333012,0.012687700426294125,0.00025817510877027775,0.07189550616503541,1.8219176339538574,161.72982190405654,0.0,0.0031970457627957627,0.28116602207723923,0.280918525072016,5.8154626663864395e-05,0,0,0,0,0,56.680957000025955,90.28942029999595,25.664495342998634
servo_down__lstm_ukf__neural__mimo__1__9002,ff49d012db6101d7a6222e44b0428a4827a1eee7d1f03f21ab1523f47582eb2e,servo_down,lstm_ukf,neural,mimo,True,9002,complete,,400,10.0,0.019567403797208956,0.012334918589207006,0.00025011504076425663,0.07031928653542253,2.5334894686260125,161.6564139301906,0.0,0.0032715829649721997,0.28051455273264253,0.28115607881333193,0.0005933147179328357,0,0,0,0,0,57.408020999901055,89.77221184932205,25.338289897999857
servo_down__lstm_ukf__neural__mimo__1__9003,ff49d012db6101d7a6222e44b0428a4827a1eee7d1f03f21ab1523f47582eb2e,servo_down,lstm_ukf,neural,mimo,True,9003,complete,,400,10.0,0.01927282832909155,0.012444846645811263,0.00025592328707998215,0.07095972866848757,1.9473920766816586,161.50770508141557,0.0,0.003183885512920769,0.28088490486549933,0.28097619598020385,0.0002229625850760364,0,0,0,0,0,58.096302499507146,90.76338564991602,26.12421440199978
servo_down__lstm_ukf__neural__siso__0__9001,ff49d012db6101d7a6222e44b0428a4827a1eee7d1f03f21ab1523f47582eb2e,servo_down,lstm_ukf,neural,siso,False,9001,complete,,400,10.0,0.019582293101553083,0.012682513903588556,0.00025833289886243756,0.0718276790996933,68.36928523631438,165.80318321137682,0.28125,0.0031902331992676226,0.28117385335693446,0.28092900508542873,6.598590635908952e-05,0,0,0,0,0,30.665734499962127,48.89720589872013,14.187883243001124
servo_down__lstm_ukf__neural__siso__0__9002,ff49d012db6101d7a6222e44b0428a4827a1eee7d1f03f21ab1523f47582eb2e,servo_down,lstm_ukf,neural,siso,False,9002,complete,,400,10.0,0.01958367895658314,0.012343731079423735,0.00025057678158987764,0.07035199279963764,68.70599249944362,165.8211754851189,0.28250000000000003,0.003255573148040919,0.2805170173114867,0.28116216753685663,0.0005908501390886611,0,0,0,0,0,30.44876049989398,47.95197969906437,13.616824189999534
servo_down__lstm_ukf__neural__siso__0__9003,ff49d012db6101d7a6222e44b0428a4827a1eee7d1f03f21ab1523f47582eb2e,servo_down,lstm_ukf,neural,siso,False,9003,complete,,400,10.0,0.01917917919390057,0.012349953765437668,0.0002561445081524759,0.07035488839854949,68.75209501414402,165.5019611463617,0.21125,0.003164225895056387,0.28088987414370514,0.2809784611924496,0.00021799330687022334,0,0,0,0,0,29.885234000175842,45.737458300118305,13.14943811000012
servo_down__lstm_ukf__neural__siso__1__9001,ff49d012db6101d7a6222e44b0428a4827a1eee7d1f03f21ab1523f47582eb2e,servo_down,lstm_ukf,neural,siso,True,9001,complete,,400,10.0,0.018910465709485083,0.012682246312007017,0.000248528717204815,0.07167053714683869,68.01066966000634,165.0142268069371,0.015,0.0032093424388581135,0.28117397641565844,0.2809291237865607,6.610896508307817e-05,0,0,0,0,0,30.899932000465924,49.08900780073964,14.27316927299944
servo_down__lstm_ukf__neural__siso__1__9002,ff49d012db6101d7a6222e44b0428a4827a1eee7d1f03f21ab1523f47582eb2e,servo_down,lstm_ukf,neural,siso,True,9002,complete,,400,10.0,0.01907796400807123,0.012343573759735264,0.00024262952928641226,0.07023510139558962,68.4367894456649,164.96615843639427,0.0,0.003272716420253733,0.2805169695739057,0.28116212195585044,0.0005908978766696604,0,0,0,0,0,31.107084500035853,49.34018490075687,14.897153534999234
servo_down__lstm_ukf__neural__siso__1__9003,ff49d012db6101d7a6222e44b0428a4827a1eee7d1f03f21ab1523f47582eb2e,servo_down,lstm_ukf,neural,siso,True,9003,complete,,400,10.0,0.01837320459364531,0.012350136308137144,0.0002448665237639772,0.07014622435930061,68.32046058499832,164.37214912173135,0.0,0.0031803860336016504,0.2808902953801712,0.28097888613201333,0.0002175720704041817,0,0,0,0,0,30.303605999506544,44.29141159880593,13.42491934499958
servo_down__lstm_ukf__physical__mimo__0__9001,ff49d012db6101d7a6222e44b0428a4827a1eee7d1f03f21ab1523f47582eb2e,servo_down,lstm_ukf,physical,mimo,False,9001,complete,,400,10.0,0.019627759393006268,0.012761704745485925,0.0002579432541305466,0.07219477991960599,1.8340873433889657,161.7302820911651,0.0,0.003197079918959617,0.281167322413493,0.2809198298939113,5.9454962917648846e-05,0,0,0,0,0,15.017095000985137,26.221283749509894,8.425178621999294
servo_down__lstm_ukf__physical__mimo__0__9002,ff49d012db6101d7a6222e44b0428a4827a1eee7d1f03f21ab1523f47582eb2e,servo_down,lstm_ukf,physical,mimo,False,9002,complete,,400,10.0,0.019583277219618275,0.012355612776438119,0.00024982797564244877,0.07027816172008838,2.548881291485134,161.6744228609883,0.0,0.003271531995608334,0.28051498108455036,0.281156502885836,0.0005928863660250028,0,0,0,0,0,14.750343999367033,26.505239950711257,8.271547411999563
servo_down__lstm_ukf__physical__mimo__0__9003,ff49d012db6101d7a6222e44b0428a4827a1eee7d1f03f21ab1523f47582eb2e,servo_down,lstm_ukf,physical,mimo,False,9003,complete,,400,10.0,0.01922898658110216,0.012406205238107005,0.0002556092654243513,0.07062280925797494,1.9245100965343989,161.52211046660685,0.0,0.0031838006325910365,0.2808855716691506,0.2809768846241868,0.0002222957814247417,0,0,0,0,0,13.551559999541496,24.76701350005896,7.0858755280005425
servo_down__lstm_ukf__physical__mimo__1__9001,ff49d012db6101d7a6222e44b0428a4827a1eee7d1f03f21ab1523f47582eb2e,servo_down,lstm_ukf,physical,mimo,True,9001,complete,,400,10.0,0.019627187562997365,0.012761361279549233,0.00025793739113208556,0.07219249058817996,1.8339318556887403,161.73026722786895,0.0,0.00319708124443352,0.2811669913555769,0.28091949775873737,5.9123905001512433e-05,0,0,0,0,0,14.623462500821915,26.74117784872578,8.148971131000508
servo_down__lstm_ukf__physical__mimo__1__9002,ff49d012db6101d7a6222e44b0428a4827a1eee7d1f03f21ab1523f47582eb2e,servo_down,lstm_ukf,physical,mimo,True,9002,complete,,400,10.0,0.019583146620512703,0.012355393127392136,0.00024982942339561915,0.07027669652017608,2.5488643180658097,161.67440138950826,0.0,0.003271531369116596,0.2805151886405892,0.28115671323954755,0.0005926788099861469,0,0,0,0,0,14.296249500148406,26.047155349897366,7.971299288001319
servo_down__lstm_ukf__physical__mimo__1__9003,ff49d012db6101d7a6222e44b0428a4827a1eee7d1f03f21ab1523f47582eb2e,servo_down,lstm_ukf,physical,mimo,True,9003,complete,,400,10.0,0.01922861416717471,0.012406077891199246,0.0002556088435808135,0.07062218087626869,1.924345209416441,161.52209314749186,0.0,0.003183801036870648,0.28088562175018134,0.28097692526726237,0.00022224570039403035,0,0,0,0,0,14.105671999459446,25.41345749878018,7.586821742999746
servo_down__lstm_ukf__physical__siso__0__9001,ff49d012db6101d7a6222e44b0428a4827a1eee7d1f03f21ab1523f47582eb2e,servo_down,lstm_ukf,physical,siso,False,9001,complete,,400,10.0,0.01957616587140014,0.012695864996113073,0.0002580321189705196,0.07175230644129954,68.28875787837562,165.79574423712418,0.27875000000000005,0.0031903683505007207,0.281174042594337,0.2809292030292295,6.617514376161537e-05,0,0,0,0,0,7.069414499710547,12.814548300502791,4.1411868929990305
servo_down__lstm_ukf__physical__siso__0__9002,ff49d012db6101d7a6222e44b0428a4827a1eee7d1f03f21ab1523f47582eb2e,servo_down,lstm_ukf,physical,siso,False,9002,complete,,400,10.0,0.01956382427187726,0.012343094779465437,0.0002503746725100097,0.07022112892151892,68.63507085027865,165.81268100949293,0.28,0.0032557152898003328,0.28051771829373323,0.28116286252066786,0.0005901491568421346,0,0,0,0,0,7.101592999788409,13.173923399972407,4.129164924001088
servo_down__lstm_ukf__physical__siso__0__9003,ff49d012db6101d7a6222e44b0428a4827a1eee7d1f03f21ab1523f47582eb2e,servo_down,lstm_ukf,physical,siso,False,9003,complete,,400,10.0,0.019158991915998798,0.01234985578267771,0.0002558923538354969,0.0702662110904835,68.66423561488878,165.4949079538569,0.21125,0.0031643323600415297,0.2808925133225701,0.28098111943797827,0.00021535412800527398,0,0,0,0,0,7.5934730002700235,13.235772400821586,4.484602652999456
servo_down__lstm_ukf__physical__siso__1__9001,ff49d012db6101d7a6222e44b0428a4827a1eee7d1f03f21ab1523f47582eb2e,servo_down,lstm_ukf,physical,siso,True,9001,complete,,400,10.0,0.018918911573345094,0.0126956334628698,0.0002484347666463448,0.07159926199437687,67.93800627426029,165.03072299197066,0.020000000000000004,0.0032091281765605183,0.28117413356142984,0.2809292875905032,6.626611085447376e-05,0,0,0,0,0,7.774635500027216,14.227547899554336,4.808021943001222
servo_down__lstm_ukf__physical__siso__1__9002,ff49d012db6101d7a6222e44b0428a4827a1eee7d1f03f21ab1523f47582eb2e,servo_down,lstm_ukf,physical,siso,True,9002,complete,,400,10.0,0.019074265732542877,0.012342800142721278,0.00024267837758087412,0.07010763941558508,68.37452413066895,164.9729991419121,0.0,0.0032724271945619855,0.2805176739342874,0.2811628214040662,0.0005901935162879735,0,0,0,0,0,7.4695710000014515,14.24175565061887,4.7961165819997404
servo_down__lstm_ukf__physical__siso__1__9003,ff49d012db6101d7a6222e44b0428a4827a1eee7d1f03f21ab1523f47582eb2e,servo_down,lstm_ukf,physical,siso,True,9003,complete,,400,10.0,0.01837022827777031,0.012350056705391832,0.0002448379242480152,0.07006259212417412,68.24162890506749,164.3736327221365,0.0,0.0031802123910912804,0.28089294427888767,0.2809815461446935,0.0002149231716876976,0,0,0,0,0,7.625866999660502,13.444818848438437,4.512622165000721
servo_down__nake__neural__mimo__0__9001,ff49d012db6101d7a6222e44b0428a4827a1eee7d1f03f21ab1523f47582eb2e,servo_down,nake,neural,mimo,False,9001,complete,,400,10.0,0.02006999372778345,0.013227331091522932,0.00026371749347050503,0.07558424603704779,1.5204945004713064,161.37721460975382,0.0,0.003221090534444015,0.2811879226558144,0.28105947282954086,8.005520523901577e-05,0,0,0,0,0,57.65713099935965,81.11504270045769,23.891697699998986
servo_down__nake__neural__mimo__0__9002,ff49d012db6101d7a6222e44b0428a4827a1eee7d1f03f21ab1523f47582eb2e,servo_down,nake,neural,mimo,False,9002,complete,,400,10.0,0.020200315238101774,0.013091063788271538,0.0002573312452941555,0.07499551279152,1.9088654935005944,161.5434121870733,0.0,0.0032801191557322367,0.28048834647248927,0.2811159119898109,0.0006195209780860966,0,0,0,0,0,57.586367500334745,71.45805894842852,23.587620938000327
servo_down__nake__neural__mimo__0__9003,ff49d012db6101d7a6222e44b0428a4827a1eee7d1f03f21ab1523f47582eb2e,servo_down,nake,neural,mimo,False,9003,complete,,400,10.0,0.02043153303255346,0.013478448791681384,0.0002593994323460525,0.07801347842918319,2.0421497878565424,161.2729429316466,0.0,0.003195057970844806,0.280685288618442,0.2810613223702653,0.000422578832133369,0,0,0,0,0,57.90464749952662,87.1788986008141,24.47309069699986
servo_down__nake__neural__mimo__1__9001,ff49d012db6101d7a6222e44b0428a4827a1eee7d1f03f21ab1523f47582eb2e,servo_down,nake,neural,mimo,True,9001,complete,,400,10.0,0.020069880006292416,0.013227301627548477,0.00026371992470312027,0.0755846794259412,1.5202447992083532,161.37768844219283,0.0,0.0032210911955464438,0.28118808984982896,0.281059639613427,8.022239925359331e-05,0,0,0,0,0,56.587949498862145,77.20179705038387,23.5197222830011
servo_down__nake__neural__mimo__1__9002,ff49d012db6101d7a6222e44b0428a4827a1eee7d1f03f21ab1523f47582eb2e,servo_down,nake,neural,mimo,True,9002,complete,,400,10.0,0.02020046135188224,0.013091356936392597,0.00025733094684169956,0.07499682817622948,1.9087558480402687,161.543377122023,0.0,0.0032801199500331595,0.2804885185878456,0.2811160792082756,0.0006193488627297405,0,0,0,0,0,56.75573099961184,85.61705385027378,24.125519789000464
servo_down__nake__neural__mimo__1__9003,ff49d012db6101d7a6222e44b0428a4827a1eee7d1f03f21ab1523f47582eb2e,servo_down,nake,neural,mimo,True,9003,complete,,400,10.0,0.020431475705671658,0.013478811041018633,0.0002594004492713176,0.07801455071481858,2.0418956243038067,161.2728770211093,0.0,0.003195059088815713,0.28068511956664544,0.28106114116352626,0.00042274788392993035,0,0,0,0,0,55.79297500025859,74.83729475070504,23.270203469999615
servo_down__nake__neural__siso__0__9001,ff49d012db6101d7a6222e44b0428a4827a1eee7d1f03f21ab1523f47582eb2e,servo_down,nake,neural,siso,False,9001,complete,,400,10.0,0.019635165056296994,0.012735514123335007,0.0002608441217647824,0.0726852440379116,68.86106417028472,165.81665760647266,0.28500000000000003,0.003206433139775013,0.28118348281485456,0.2810610764904031,7.561536427919124e-05,0,0,0,0,0,28.646304000176315,43.924351399800734,12.662043338999865
servo_down__nake__neural__siso__0__9002,ff49d012db6101d7a6222e44b0428a4827a1eee7d1f03f21ab1523f47582eb2e,servo_down,nake,neural,siso,False,9002,complete,,400,10.0,0.01969538707764867,0.012490007500170701,0.00025506226603140444,0.07133104846799483,69.30101127846451,165.83481282596415,0.28500000000000003,0.003269169653166034,0.28048918469994316,0.2811187089251248,0.0006186827506322046,0,0,0,0,0,29.094333500324865,39.99206175012652,12.580274789001123
servo_down__nake__neural__siso__0__9003,ff49d012db6101d7a6222e44b0428a4827a1eee7d1f03f21ab1523f47582eb2e,servo_down,nake,neural,siso,False,9003,complete,,400,10.0,0.019622498130487703,0.012821682086343092,0.0002553112280999813,0.07421218261630812,69.55087803559547,165.49707576355235,0.20875,0.0031383294227952684,0.2806762255095718,0.2810651932051172,0.000431641941003591,0,0,0,0,0,28.202723499816784,45.499196748642134,12.250190636999832
servo_down__nake__neural__siso__1__9001,ff49d012db6101d7a6222e44b0428a4827a1eee7d1f03f21ab1523f47582eb2e,servo_down,nake,neural,siso,True,9001,complete,,400,10.0,0.01894111610856888,0.012735130223776753,0.00025089052039396564,0.07251043836313659,68.4904160640149,164.94771330141566,0.0,0.003218343295123873,0.2811839667149477,0.2810615600102035,7.609926437235348e-05,0,0,0,0,0,28.894804500851023,45.83362515058979,12.816191521000292
servo_down__nake__neural__siso__1__9002,ff49d012db6101d7a6222e44b0428a4827a1eee7d1f03f21ab1523f47582eb2e,servo_down,nake,neural,siso,True,9002,complete,,400,10.0,0.01918129356923589,0.012489750547071637,0.0002470148878595485,0.07120822913140612,69.02741274987399,164.99616240714542,0.0,0.0032850075700967844,0.2804893073502886,0.2811188313122121,0.0006185601002867691,0,0,0,0,0,29.835688499588287,45.50265354855583,13.145555744999001
servo_down__nake__neural__siso__1__9003,ff49d012db6101d7a6222e44b0428a4827a1eee7d1f03f21ab1523f47582eb2e,servo_down,nake,neural,siso,True,9003,complete,,400,10.0,0.01884353574287025,0.012821774996932418,0.00024424610653491993,0.07402841877385248,69.1344923430002,164.3152540033436,0.0,0.0031604965859836427,0.2806761620561413,0.2810651333129705,0.00043170539443404543,0,0,0,0,0,30.093401500380423,42.14710605001528,12.73392658299963
servo_down__nake__physical__mimo__0__9001,ff49d012db6101d7a6222e44b0428a4827a1eee7d1f03f21ab1523f47582eb2e,servo_down,nake,physical,mimo,False,9001,complete,,400,10.0,0.019972137130413865,0.013135041228042488,0.00026335785159791543,0.07492404836416176,1.511798781665732,161.37712393417232,0.0,0.0032210811973942747,0.2811883016309955,0.28105981227842697,8.043418042014139e-05,0,0,0,0,0,14.298233499175694,26.75111539983845,7.427688409001348
servo_down__nake__physical__mimo__0__9002,ff49d012db6101d7a6222e44b0428a4827a1eee7d1f03f21ab1523f47582eb2e,servo_down,nake,physical,mimo,False,9002,complete,,400,10.0,0.02008054173556383,0.012976180718145033,0.00025690254924226103,0.07427031195904088,1.8929793262818218,161.55924006508653,0.0,0.003280088171597445,0.2804887416884519,0.28111625804119283,0.0006191257621234736,0,0,0,0,0,13.879392999115225,20.08135499891063,6.798286749999534
servo_down__nake__physical__mimo__0__9003,ff49d012db6101d7a6222e44b0428a4827a1eee7d1f03f21ab1523f47582eb2e,servo_down,nake,physical,mimo,False,9003,complete,,400,10.0,0.0202800894529353,0.013332011235849537,0.0002589626923618791,0.07714093080446995,2.001029024210133,161.28769834136713,0.0,0.0031948839459712114,0.2806856730892476,0.28106163162816405,0.00042219436132778787,0,0,0,0,0,13.87398499991832,23.350311950434822,6.884729011999298
servo_down__nake__physical__mimo__1__9001,ff49d012db6101d7a6222e44b0428a4827a1eee7d1f03f21ab1523f47582eb2e,servo_down,nake,physical,mimo,True,9001,complete,,400,10.0,0.019971829807928384,0.013134937082832428,0.00026335810607735664,0.07492328298726228,1.511850228785066,161.3776594165917,0.0,0.0032210823558520615,0.28118858748278386,0.2810601098474906,8.072003220849222e-05,0,0,0,0,0,14.70277550015453,25.460631950318195,7.563706421999086
servo_down__nake__physical__mimo__1__9002,ff49d012db6101d7a6222e44b0428a4827a1eee7d1f03f21ab1523f47582eb2e,servo_down,nake,physical,mimo,True,9002,complete,,400,10.0,0.020080029963395377,0.012975965593579246,0.00025689327296724734,0.07426783580170362,1.892622695206406,161.5591272845763,0.0,0.0032800886745005973,0.28048891686497435,0.2811164287987905,0.0006189505856010191,0,0,0,0,0,14.550442499967176,25.182075849897956,7.259056826998858
servo_down__nake__physical__mimo__1__9003,ff49d012db6101d7a6222e44b0428a4827a1eee7d1f03f21ab1523f47582eb2e,servo_down,nake,physical,mimo,True,9003,complete,,400,10.0,0.020280642993356104,0.01333283902773708,0.00025896236586767687,0.07714472400319948,2.00081750544899,161.2876335509743,0.0,0.0031948856151030143,0.28068562564190624,0.28106158633796774,0.00042224180866912153,0,0,0,0,0,13.854865499524749,19.429499499710793,6.790674226998817
servo_down__nake__physical__siso__0__9001,ff49d012db6101d7a6222e44b0428a4827a1eee7d1f03f21ab1523f47582eb2e,servo_down,nake,physical,siso,False,9001,complete,,400,10.0,0.019605115381514184,0.012726775777480966,0.0002605780067421528,0.07248239636776133,68.78562011662767,165.8093436667113,0.28250000000000003,0.0032065531427378966,0.28118349951384536,0.2810610132568184,7.56320632699925e-05,0,0,0,0,0,6.578344499757804,7.719038499726593,3.6372087899999315
servo_down__nake__physical__siso__0__9002,ff49d012db6101d7a6222e44b0428a4827a1eee7d1f03f21ab1523f47582eb2e,servo_down,nake,physical,siso,False,9002,complete,,400,10.0,0.019644971125528373,0.012460763932426984,0.00025483389711241906,0.07106742698973394,69.2312387142378,165.8263581891385,0.28375,0.0032693265567809416,0.2804890790878094,0.2811185525136657,0.0006187883627659652,0,0,0,0,0,6.960390499443747,8.288033350345358,3.8479191070000525
servo_down__nake__physical__siso__0__9003,ff49d012db6101d7a6222e44b0428a4827a1eee7d1f03f21ab1523f47582eb2e,servo_down,nake,physical,siso,False,9003,complete,,400,10.0,0.019545431292354178,0.012763540837271513,0.0002550600528301076,0.07378037585514617,69.47220916705079,165.49001521775784,0.2075,0.003138445916370314,0.2806780644070862,0.28106687917218104,0.0004298030434891631,0,0,0,0,0,7.220946999950684,11.66832000162685,4.404000663000261
servo_down__nake__physical__siso__1__9001,ff49d012db6101d7a6222e44b0428a4827a1eee7d1f03f21ab1523f47582eb2e,servo_down,nake,physical,siso,True,9001,complete,,400,10.0,0.01892758479043823,0.012726517321558228,0.0002508588646898081,0.07231267645286002,68.4236711510113,164.96359190114111,0.0,0.0032181985665460113,0.2811837180666749,0.28106122874923756,7.585061609954868e-05,0,0,0,0,0,7.420071499836922,9.077680151131052,4.034877654999946
servo_down__nake__physical__siso__1__9002,ff49d012db6101d7a6222e44b0428a4827a1eee7d1f03f21ab1523f47582eb2e,servo_down,nake,physical,siso,True,9002,complete,,400,10.0,0.019147215779172087,0.012460677712939943,0.0002470331759429333,0.07095069503525565,68.96632848509263,165.00126988438564,0.0075,0.0032847591475640738,0.28048922519794367,0.2811186929777476,0.0006186422526316959,0,0,0,0,0,7.215438499770244,10.51268609917315,4.01616135400036
servo_down__nake__physical__siso__1__9003,ff49d012db6101d7a6222e44b0428a4827a1eee7d1f03f21ab1523f47582eb2e,servo_down,nake,physical,siso,True,9003,complete,,400,10.0,0.018783060625817492,0.012763705362284302,0.00024421246018317596,0.07360133416375765,69.0646536255477,164.32809194707932,0.0,0.0031602680472373693,0.280678192068902,0.28106700907544047,0.0004296753816733778,0,0,0,0,0,7.144736999180168,10.487556949647113,4.026546351000434
servo_down__ukf__neural__mimo__0__9001,ff49d012db6101d7a6222e44b0428a4827a1eee7d1f03f21ab1523f47582eb2e,servo_down,ukf,neural,mimo,False,9001,complete,,400,10.0,0.019254124011866422,0.012559019143893546,0.00025867048069386044,0.07082163451166044,1.5404057074944966,161.36607121258174,0.0,0.0031866986882767593,0.28121094082655046,0.2810661800200232,0.00010307337597509347,0,0,0,0,0,57.59520900028292,76.46037845051978,23.120526323000377
servo_down__ukf__neural__mimo__0__9002,ff49d012db6101d7a6222e44b0428a4827a1eee7d1f03f21ab1523f47582eb2e,servo_down,ukf,neural,mimo,False,9002,complete,,400,10.0,0.01940388245363648,0.012282927905725103,0.00025373551817763404,0.069969907781842,1.8535342328916131,161.5563758033788,0.0,0.003272163990159502,0.28051751301497857,0.2811147233593702,0.000590354435596796,0,0,0,0,0,56.464562500877946,73.69151664925081,22.920524639001087
servo_down__ukf__neural__mimo__0__9003,ff49d012db6101d7a6222e44b0428a4827a1eee7d1f03f21ab1523f47582eb2e,servo_down,ukf,neural,mimo,False,9003,complete,,400,10.0,0.019174855755024766,0.012371489060760667,0.000253428739609562,0.07123826853131962,1.9712123912878476,161.3444648353866,0.0,0.0031560952650672384,0.28069346768936326,0.28106649495591385,0.0004143997612121031,0,0,0,0,0,57.556040998861135,81.95211555048444,23.427057123999475
servo_down__ukf__neural__mimo__1__9001,ff49d012db6101d7a6222e44b0428a4827a1eee7d1f03f21ab1523f47582eb2e,servo_down,ukf,neural,mimo,True,9001,complete,,400,10.0,0.019254338758814465,0.012558982083102566,0.0002586729490609118,0.0708216790021634,1.5405042343333766,161.366078789364,0.0,0.003186696424433812,0.28121059573731555,0.2810658493482738,0.00010272828674018353,0,0,0,0,0,55.94144450060412,72.83810724966315,22.527258264999546
servo_down__ukf__neural__mimo__1__9002,ff49d012db6101d7a6222e44b0428a4827a1eee7d1f03f21ab1523f47582eb2e,servo_down,ukf,neural,mimo,True,9002,complete,,400,10.0,0.019404228006846623,0.012283096456080356,0.000253738771756235,0.06997212456954953,1.8532460700527968,161.5564212547549,0.0,0.0032721653546348064,0.2805174131935943,0.28111462049870206,0.0005904542569810656,0,0,0,0,0,56.18659399988246,71.77479665024293,22.66092946599929
servo_down__ukf__neural__mimo__1__9003,ff49d012db6101d7a6222e44b0428a4827a1eee7d1f03f21ab1523f47582eb2e,servo_down,ukf,neural,mimo,True,9003,complete,,400,10.0,0.01917514895773305,0.012371971228130206,0.0002534303142063178,0.07124134450523967,1.9710330964325955,161.34442190712963,0.0,0.003156097361425691,0.28069314870221856,0.28106618238925696,0.00041471874835680156,0,0,0,0,0,55.95372849893465,77.76252919975369,22.96236854000017
servo_down__ukf__neural__siso__0__9001,ff49d012db6101d7a6222e44b0428a4827a1eee7d1f03f21ab1523f47582eb2e,servo_down,ukf,neural,siso,False,9001,complete,,400,10.0,0.019250738721696452,0.01251525796068513,0.0002581940344488489,0.07050713396020207,68.23875514867706,165.80069405381707,0.27875000000000005,0.003181564844792366,0.2812121406646254,0.2810678712502028,0.00010427321405004353,0,0,0,0,0,28.560890999870026,44.75038710079388,12.421095136000076
servo_down__ukf__neural__siso__0__9002,ff49d012db6101d7a6222e44b0428a4827a1eee7d1f03f21ab1523f47582eb2e,servo_down,ukf,neural,siso,False,9002,complete,,400,10.0,0.01931019644506421,0.012177951237654572,0.00025369272770624354,0.06923351859898337,68.8736201669858,165.82854897298122,0.28375,0.0032544334102298767,0.2805196358623303,0.2811173676841566,0.0005882315882450584,0,0,0,0,0,29.054001499389415,44.38027200021679,12.54611501799991
servo_down__ukf__neural__siso__0__9003,ff49d012db6101d7a6222e44b0428a4827a1eee7d1f03f21ab1523f47582eb2e,servo_down,ukf,neural,siso,False,9003,complete,,400,10.0,0.019042994591567185,0.012225630918833252,0.0002532509897103254,0.07032771651657273,69.00717823392502,165.50285782393706,0.21,0.003140998356692846,0.28069555701945564,0.2810685686920207,0.0004123104311197223,0,0,0,0,0,28.231687500010594,36.837507550444556,11.967522222999833
servo_down__ukf__neural__siso__1__9001,ff49d012db6101d7a6222e44b0428a4827a1eee7d1f03f21ab1523f47582eb2e,servo_down,ukf,neural,siso,True,9001,complete,,400,10.0,0.01859661696379888,0.012515140535427622,0.0002486900063749866,0.0703596416920395,67.8896969757295,164.9589281930323,0.0,0.0032005502254325528,0.2812122372752915,0.2810679690690511,0.00010436982471612177,0,0,0,0,0,29.094868998981838,45.56503494941353,12.55076839800131
servo_down__ukf__neural__siso__1__9002,ff49d012db6101d7a6222e44b0428a4827a1eee7d1f03f21ab1523f47582eb2e,servo_down,ukf,neural,siso,True,9002,complete,,400,10.0,0.01881207737490801,0.012177779798928538,0.0002458457217309675,0.06912020099785358,68.60839818778533,165.00444445181387,0.01375,0.00327173597565007,0.28051974464302987,0.2811174746792844,0.0005881228075454992,0,0,0,0,0,29.84113099955721,46.13485655108887,12.834351064000657
servo_down__ukf__neural__siso__1__9003,ff49d012db6101d7a6222e44b0428a4827a1eee7d1f03f21ab1523f47582eb2e,servo_down,ukf,neural,siso,True,9003,complete,,400,10.0,0.018233799910824716,0.012226146964211227,0.0002419548676395505,0.07011824380697859,68.57408123208012,164.33156970949955,0.0,0.0031562424578864103,0.2806955658654583,0.2810685722460867,0.0004123015851170697,0,0,0,0,0,29.616381500090938,42.13434764978955,12.48776795699996
servo_down__ukf__physical__mimo__0__9001,ff49d012db6101d7a6222e44b0428a4827a1eee7d1f03f21ab1523f47582eb2e,servo_down,ukf,physical,mimo,False,9001,complete,,400,10.0,0.019336666271179723,0.012647091571818921,0.0002584158656378538,0.07117650630711504,1.5483681253698574,161.380763462322,0.0,0.0031867363123207725,0.2812109611494371,0.28106620362248785,0.0001030936988617448,0,0,0,0,0,13.77663850053068,18.157199300912854,6.581864733998373
servo_down__ukf__physical__mimo__0__9002,ff49d012db6101d7a6222e44b0428a4827a1eee7d1f03f21ab1523f47582eb2e,servo_down,ukf,physical,mimo,False,9002,complete,,400,10.0,0.019358848146603422,0.012242995415796336,0.0002534093420832706,0.06960186330081763,1.8476278088089788,161.5723696659053,0.0,0.0032721025186864586,0.2805178839397648,0.2811151011941619,0.0005899835108105767,0,0,0,0,0,13.983435499540064,23.41719639925939,6.734362606001014
servo_down__ukf__physical__mimo__0__9003,ff49d012db6101d7a6222e44b0428a4827a1eee7d1f03f21ab1523f47582eb2e,servo_down,ukf,physical,mimo,False,9003,complete,,400,10.0,0.019138267815585797,0.012340194611462123,0.00025309713456591785,0.07092682662788954,1.9515108215917554,161.35934115798213,0.0,0.0031560209361862594,0.28069357978434895,0.2810666100563736,0.00041428766622642055,0,0,0,0,0,13.850966000063636,24.581403149568352,6.796929985001043
servo_down__ukf__physical__mimo__1__9001,ff49d012db6101d7a6222e44b0428a4827a1eee7d1f03f21ab1523f47582eb2e,servo_down,ukf,physical,mimo,True,9001,complete,,400,10.0,0.019336389438060847,0.012646836497079105,0.0002584169003537926,0.07117551111378859,1.5487833760907803,161.3807577415914,0.0,0.0031867345776554227,0.28121177315564905,0.2810670129800799,0.00010390570507368135,0,0,0,0,0,14.279075499871396,18.610825549603742,6.799108962000901
servo_down__ukf__physical__mimo__1__9002,ff49d012db6101d7a6222e44b0428a4827a1eee7d1f03f21ab1523f47582eb2e,servo_down,ukf,physical,mimo,True,9002,complete,,400,10.0,0.01935933833313427,0.01224328678681229,0.00025341390940042836,0.06960463994423623,1.8475033669988583,161.57240545013192,0.0,0.0032721016968277118,0.2805178150679987,0.2811150290061252,0.0005900523825766446,0,0,0,0,0,13.679605500328762,16.021441450357088,6.497957614999905
servo_down__ukf__physical__mimo__1__9003,ff49d012db6101d7a6222e44b0428a4827a1eee7d1f03f21ab1523f47582eb2e,servo_down,ukf,physical,mimo,True,9003,complete,,400,10.0,0.01913822451701956,0.012340396076260562,0.0002530982733833405,0.07092817598706944,1.9514218562011547,161.35934310015466,0.0,0.0031560221789506625,0.28069322925121953,0.28106625934915597,0.00041463819935583235,0,0,0,0,0,13.800816500406654,18.533123400447924,6.666520623999531
servo_down__ukf__physical__siso__0__9001,ff49d012db6101d7a6222e44b0428a4827a1eee7d1f03f21ab1523f47582eb2e,servo_down,ukf,physical,siso,False,9001,complete,,400,10.0,0.01925693753510881,0.012541766889153877,0.00025793825284097215,0.07049482459814543,68.15688716744306,165.7932404772357,0.2775,0.0031816978613370566,0.2812119879198074,0.2810677239966311,0.00010412046923202745,0,0,0,0,0,6.705416501063155,10.889774849238165,3.8475114580014633
servo_down__ukf__physical__siso__0__9002,ff49d012db6101d7a6222e44b0428a4827a1eee7d1f03f21ab1523f47582eb2e,servo_down,ukf,physical,siso,False,9002,complete,,400,10.0,0.019280055301187857,0.012168300603282422,0.0002534594944255831,0.0690571611078038,68.797290773568,165.82003385532988,0.28250000000000003,0.0032545746727682913,0.28051938093874357,0.2811171111766081,0.0005884865118317983,0,0,0,0,0,6.772828000066511,12.952247150133186,3.941669873000137
servo_down__ukf__physical__siso__0__9003,ff49d012db6101d7a6222e44b0428a4827a1eee7d1f03f21ab1523f47582eb2e,servo_down,ukf,physical,siso,False,9003,complete,,400,10.0,0.019020452267799498,0.012222243523278664,0.0002529968742347163,0.07017318650317202,68.92268173256628,165.49579441065322,0.20875,0.003141107116657425,0.2806970234920159,0.2810700385659296,0.0004108439585594481,0,0,0,0,0,6.6666980001173215,8.79174464898822,3.656019973999719
servo_down__ukf__physical__siso__1__9001,ff49d012db6101d7a6222e44b0428a4827a1eee7d1f03f21ab1523f47582eb2e,servo_down,ukf,physical,siso,True,9001,complete,,400,10.0,0.018618878303408932,0.012541658922081271,0.0002486640168897433,0.07035173361246584,67.81631367876743,164.97547245343193,0.0,0.003200312279472156,0.2812122349199841,0.28106797706734865,0.00010436746940872821,0,0,0,0,0,7.173565999437415,11.229379400265314,3.9363936690006085
servo_down__ukf__physical__siso__1__9002,ff49d012db6101d7a6222e44b0428a4827a1eee7d1f03f21ab1523f47582eb2e,servo_down,ukf,physical,siso,True,9002,complete,,400,10.0,0.018797309594826967,0.012168171533302572,0.0002458519305145869,0.06894821717268207,68.54025922992764,165.0082971975166,0.018750000000000003,0.0032714369520409044,0.2805195130732642,0.28111724029135926,0.0005883543773111399,0,0,0,0,0,7.30749649937934,14.076307551476928,4.322614360000443
servo_down__ukf__physical__siso__1__9003,ff49d012db6101d7a6222e44b0428a4827a1eee7d1f03f21ab1523f47582eb2e,servo_down,ukf,physical,siso,True,9003,complete,,400,10.0,0.01822815890093451,0.012222846982992428,0.00024192184061019365,0.0699685984394741,68.49851408140961,164.34438301531628,0.0,0.0031560854953915094,0.28069703783114364,0.2810700478597775,0.0004108296194317296,0,0,0,0,0,7.120219999706023,11.79116904950206,3.896788578000269
servo_up__lstm_nake__neural__mimo__0__9001,ff49d012db6101d7a6222e44b0428a4827a1eee7d1f03f21ab1523f47582eb2e,servo_up,lstm_nake,neural,mimo,False,9001,complete,,400,10.0,0.021089456711307374,0.013703697949729853,0.00026171854711511496,0.07991301857989966,2.2461613278896566,161.51960977411082,0.0,0.0032608470848999455,0.28116532430105406,0.2812076404617493,5.745685047869875e-05,0,0,0,0,0,54.99528700056544,76.79212710072532,23.699437946001126
servo_up__lstm_nake__neural__mimo__0__9002,ff49d012db6101d7a6222e44b0428a4827a1eee7d1f03f21ab1523f47582eb2e,servo_up,lstm_nake,neural,mimo,False,9002,complete,,400,10.0,0.021268012137811917,0.013737296089230147,0.0002676177270067644,0.08143505275306125,1.9325022818799182,161.3949790351966,0.0,0.0031893780018216952,0.2814296006556225,0.2813585123828953,0.00032173320504713665,0,0,0,0,0,55.425041500711814,79.36476024970024,23.863059862000227
servo_up__lstm_nake__neural__mimo__0__9003,ff49d012db6101d7a6222e44b0428a4827a1eee7d1f03f21ab1523f47582eb2e,servo_up,lstm_nake,neural,mimo,False,9003,complete,,400,10.0,0.019800124963124367,0.012718340284768832,0.00025669246954215195,0.0713899179815371,2.2851368860398855,161.6049274331441,0.0,0.003268429869272625,0.28140688690825394,0.2809567706013107,0.0002990194576785732,0,0,0,0,0,55.43585550003627,81.07470135028046,23.87593964000007
servo_up__lstm_nake__neural__mimo__1__9001,ff49d012db6101d7a6222e44b0428a4827a1eee7d1f03f21ab1523f47582eb2e,servo_up,lstm_nake,neural,mimo,True,9001,complete,,400,10.0,0.021089399643370844,0.013703824746695053,0.0002617144538039375,0.07991380586244522,2.2462570524586907,161.51965165874984,0.0,0.0032608468582147267,0.28116584086827795,0.2812081631127581,5.7973417702583685e-05,0,0,0,0,0,55.29396650035778,76.6928791493228,23.839434178000374
servo_up__lstm_nake__neural__mimo__1__9002,ff49d012db6101d7a6222e44b0428a4827a1eee7d1f03f21ab1523f47582eb2e,servo_up,lstm_nake,neural,mimo,True,9002,complete,,400,10.0,0.02126776854977838,0.013736952362182296,0.0002676155597058976,0.08143325281845913,1.9324500388224493,161.3949324101607,0.0,0.003189377334777671,0.28142951565038815,0.281358423295528,0.00032164819981278514,0,0,0,0,0,55.768036500012386,73.68135819997401,23.863524590999077
servo_up__lstm_nake__neural__mimo__1__9003,ff49d012db6101d7a6222e44b0428a4827a1eee7d1f03f21ab1523f47582eb2e,servo_up,lstm_nake,neural,mimo,True,9003,complete,,400,10.0,0.01979979423631063,0.012718179473311124,0.00025668828053602354,0.07138844832056761,2.2850760892935087,161.60485075346247,0.0,0.0032684300307480344,0.28140753074410496,0.2809574127740801,0.0002996632935295951,0,0,0,0,0,55.994205500610406,83.06534890070905,24.372465643000396
servo_up__lstm_nake__neural__siso__0__9001,ff49d012db6101d7a6222e44b0428a4827a1eee7d1f03f21ab1523f47582eb2e,servo_up,lstm_nake,neural,siso,False,9001,complete,,400,10.0,0.019615202205793277,0.012169696851816927,0.000244067057141055,0.07102897664616263,62.52490639245756,175.66656496498322,4.389999999999996,0.0032357193979465414,0.28113092191646494,0.2811994530446764,2.3054465889571496e-05,0,0,0,0,0,28.911165501085634,48.56158590027917,14.049334086999806
servo_up__lstm_nake__neural__siso__0__9002,ff49d012db6101d7a6222e44b0428a4827a1eee7d1f03f21ab1523f47582eb2e,servo_up,lstm_nake,neural,siso,False,9002,complete,,400,10.0,0.02069859638491926,0.013116825099214496,0.0002491230699526611,0.0768226319194634,62.08966318878668,175.5943569506546,4.3712499999999945,0.0031658389804276924,0.2814070871156232,0.28135765427411263,0.00029921966504781183,0,0,0,0,0,29.821059501045966,46.10819680046915,14.326887224999155
servo_up__lstm_nake__neural__siso__0__9003,ff49d012db6101d7a6222e44b0428a4827a1eee7d1f03f21ab1523f47582eb2e,servo_up,lstm_nake,neural,siso,False,9003,complete,,400,10.0,0.019764262340347567,0.012676678412040579,0.00023932982546563255,0.07188637699369808,61.886302358707994,175.69755047745227,4.352499999999996,0.0032498288183009645,0.28136622351889384,0.28096298577608003,0.00025835606831847713,0,0,0,0,0,29.182018999563297,48.62617755024985,14.159294177999982
servo_up__lstm_nake__neural__siso__1__9001,ff49d012db6101d7a6222e44b0428a4827a1eee7d1f03f21ab1523f47582eb2e,servo_up,lstm_nake,neural,siso,True,9001,complete,,400,10.0,0.09117441101082437,0.08440230072617101,0.0017540758197593224,0.43140859152509087,20.320480081919197,165.3327858967754,1.3937499999999994,0.0032653124280448884,0.28113870426603943,0.2811994769607865,3.0836815464063694e-05,0,0,1,0,0,27.92513200074609,48.03721330044935,11.232262547999198
servo_up__lstm_nake__neural__siso__1__9002,ff49d012db6101d7a6222e44b0428a4827a1eee7d1f03f21ab1523f47582eb2e,servo_up,lstm_nake,neural,siso,True,9002,complete,,400,10.0,0.10075895994893973,0.09392949392320725,0.002334183378029104,0.48541504403254,20.618104115052883,165.3185943199012,0.8175000000000004,0.003185373204901978,0.2814125410288368,0.2813575765456318,0.0003046735782614163,0,0,1,1,1,28.502620500148623,48.69191299912927,11.824663744000645
servo_up__lstm_nake__neural__siso__1__9003,ff49d012db6101d7a6222e44b0428a4827a1eee7d1f03f21ab1523f47582eb2e,servo_up,lstm_nake,neural,siso,True,9003,complete,,400,10.0,0.10897955345239554,0.10242352634619693,0.00289381879661946,0.5217388708966432,21.096938713253028,165.45174546485524,1.0575000000000003,0.003254267983628759,0.28136819415233094,0.28096308860546954,0.0002603267017555755,0,0,3,2,2,28.047310001056758,48.66833909964043,11.470684679001351
servo_up__lstm_nake__physical__mimo__0__9001,ff49d012db6101d7a6222e44b0428a4827a1eee7d1f03f21ab1523f47582eb2e,servo_up,lstm_nake,physical,mimo,False,9001,complete,,400,10.0,0.02089502248313073,0.013514973810286698,0.0002605017626590791,0.07881268480795414,2.296500630373439,161.51923105931726,0.0,0.0032607802301454717,0.28116432693984983,0.2812068335714723,5.645948927446298e-05,0,0,0,0,0,14.674383000055968,26.48538015037047,8.346390446000441
servo_up__lstm_nake__physical__mimo__0__9002,ff49d012db6101d7a6222e44b0428a4827a1eee7d1f03f21ab1523f47582eb2e,servo_up,lstm_nake,physical,mimo,False,9002,complete,,400,10.0,0.021159620101217066,0.013635638205514654,0.00026646521242150114,0.08077733449382136,1.9084865952338308,161.40520082675135,0.0,0.0031892888844899142,0.2814290509659846,0.281358123684343,0.00032118351540921797,0,0,0,0,0,13.920276000135345,16.390011699149905,6.836133272001462
servo_up__lstm_nake__physical__mimo__0__9003,ff49d012db6101d7a6222e44b0428a4827a1eee7d1f03f21ab1523f47582eb2e,servo_up,lstm_nake,physical,mimo,False,9003,complete,,400,10.0,0.019679791930513283,0.012603387406680653,0.00025564681859201367,0.07072379190813415,2.2919106863386713,161.6370334688683,0.0,0.003268294512309702,0.2814070495839237,0.28095715256379633,0.0002991821333483413,0,0,0,0,0,14.530141500472382,26.582315700579784,8.554692167999747
servo_up__lstm_nake__physical__mimo__1__9001,ff49d012db6101d7a6222e44b0428a4827a1eee7d1f03f21ab1523f47582eb2e,servo_up,lstm_nake,physical,mimo,True,9001,complete,,400,10.0,0.020894917655890594,0.013514884803460707,0.00026049836732297755,0.07881260722386824,2.296593099662858,161.51928489825477,0.0,0.0032607799147274397,0.28116464301898647,0.28120714959702053,5.677556841110487e-05,0,0,0,0,0,14.055051500690752,26.460233499074093,7.952696703001493
servo_up__lstm_nake__physical__mimo__1__9002,ff49d012db6101d7a6222e44b0428a4827a1eee7d1f03f21ab1523f47582eb2e,servo_up,lstm_nake,physical,mimo,True,9002,complete,,400,10.0,0.021160084064593,0.013635885055669362,0.0002664702479934431,0.08077962061993474,1.908368842689597,161.40516566630706,0.0,0.0031892894034317516,0.2814292084262119,0.28135827132604385,0.0003213409756365193,0,0,0,0,0,13.719418000619044,26.044863099741633,7.820988233999742
servo_up__lstm_nake__physical__mimo__1__9003,ff49d012db6101d7a6222e44b0428a4827a1eee7d1f03f21ab1523f47582eb2e,servo_up,lstm_nake,physical,mimo,True,9003,complete,,400,10.0,0.01967924570356339,0.012603087764089901,0.00025564142072209966,0.07072150216194027,2.2918884155950927,161.6369493216411,0.0,0.0032682950616406622,0.28140739040629653,0.2809574964773985,0.0002995229557211654,0,0,0,0,0,13.860118999218685,24.672723799812935,7.266832662000525
servo_up__lstm_nake__physical__siso__0__9001,ff49d012db6101d7a6222e44b0428a4827a1eee7d1f03f21ab1523f47582eb2e,servo_up,lstm_nake,physical,siso,False,9001,complete,,400,10.0,0.01959497268316387,0.012170850962784653,0.0002440561181380178,0.07096527387858491,62.57299231904822,175.68220382414216,4.387499999999996,0.00323586770564887,0.28112837270485047,0.2811970009931801,2.0505254275104967e-05,0,0,0,0,0,7.41706250119023,13.46785935029402,4.960004237000248
servo_up__lstm_nake__physical__siso__0__9002,ff49d012db6101d7a6222e44b0428a4827a1eee7d1f03f21ab1523f47582eb2e,servo_up,lstm_nake,physical,siso,False,9002,complete,,400,10.0,0.02059563827557504,0.01303933870868314,0.00024912542611253393,0.07637142002899433,62.12992019854997,175.6086540648397,4.369999999999995,0.00316597634153926,0.28140662391192856,0.28135727514552805,0.000298756461353189,0,0,0,0,0,7.206408499769168,13.507765800022753,4.758811761999823
servo_up__lstm_nake__physical__siso__0__9003,ff49d012db6101d7a6222e44b0428a4827a1eee7d1f03f21ab1523f47582eb2e,servo_up,lstm_nake,physical,siso,False,9003,complete,,400,10.0,0.019700834965010447,0.012634767871082305,0.00023932473993071315,0.0716401159028715,61.92658366457904,175.71364641047273,4.351249999999996,0.0032499786287167607,0.28136749727156696,0.2809642441613487,0.0002596298209915915,0,0,0,0,0,6.834538500697818,12.40779555128028,4.504599542000506
servo_up__lstm_nake__physical__siso__1__9001,ff49d012db6101d7a6222e44b0428a4827a1eee7d1f03f21ab1523f47582eb2e,servo_up,lstm_nake,physical,siso,True,9001,complete,,400,10.0,0.09113630601084421,0.08437045738232542,0.0017529500192132827,0.4312305469272539,20.32969631167013,165.3389565071706,1.4037499999999992,0.003264990989884741,0.2811356084545594,0.28119643944253786,2.7741003984060875e-05,0,0,0,0,0,6.7872720001105336,11.152527298600006,4.027563764000661
servo_up__lstm_nake__physical__siso__1__9002,ff49d012db6101d7a6222e44b0428a4827a1eee7d1f03f21ab1523f47582eb2e,servo_up,lstm_nake,physical,siso,True,9002,complete,,400,10.0,0.10931271134468186,0.10249072442524058,0.0028639108347603952,0.5271449023486902,21.03466130643103,165.31833030764875,0.5037500000000003,0.0031858192968882565,0.28141122934486285,0.28135715233595066,0.0003033618942874794,0,0,2,2,2,6.880147499941813,13.666215849389115,4.065780236000137
servo_up__lstm_nake__physical__siso__1__9003,ff49d012db6101d7a6222e44b0428a4827a1eee7d1f03f21ab1523f47582eb2e,servo_up,lstm_nake,physical,siso,True,9003,complete,,400,10.0,0.10873484553683734,0.1021837720075948,0.0028771656207176996,0.5308118930004379,21.040756565338572,165.57520982661617,0.9700000000000006,0.0032575031901325288,0.28136884866670153,0.2809643601379682,0.000260981216126166,0,0,2,2,2,6.727726999997685,12.891900150680152,3.930121440000221
servo_up__lstm_ukf__neural__mimo__0__9001,ff49d012db6101d7a6222e44b0428a4827a1eee7d1f03f21ab1523f47582eb2e,servo_up,lstm_ukf,neural,mimo,False,9001,complete,,400,10.0,0.02015091019703872,0.012675084062584895,0.0002574894478846846,0.07374735356003793,2.3175604302857855,161.52182783241184,0.0,0.0032694713099598273,0.2811209402261572,0.28120779681569763,1.3072775581823848e-05,0,0,0,0,0,55.66137749974587,85.61767704914017,24.206465358998685
servo_up__lstm_ukf__neural__mimo__0__9002,ff49d012db6101d7a6222e44b0428a4827a1eee7d1f03f21ab1523f47582eb2e,servo_up,lstm_ukf,neural,mimo,False,9002,complete,,400,10.0,0.02065109279448125,0.013129609336236896,0.00026288806912052275,0.07692105058905943,1.9253450232420475,161.4105961531088,0.0,0.0031806038989108942,0.28139964214513336,0.28137466638993974,0.0002917746945579891,0,0,0,0,0,55.4565004995311,79.32096984959571,23.866832394000085
servo_up__lstm_ukf__neural__mimo__0__9003,ff49d012db6101d7a6222e44b0428a4827a1eee7d1f03f21ab1523f47582eb2e,servo_up,lstm_ukf,neural,mimo,False,9003,complete,,400,10.0,0.01961595973316792,0.01267055327985131,0.00025242492158969763,0.07132948954165116,2.324274763219128,161.65029025217362,0.0,0.0032633626199628355,0.28137202537494155,0.2809486514755976,0.0002641579243661818,0,0,0,0,0,56.56288499994844,81.13649084934866,24.20276296999873
servo_up__lstm_ukf__neural__mimo__1__9001,ff49d012db6101d7a6222e44b0428a4827a1eee7d1f03f21ab1523f47582eb2e,servo_up,lstm_ukf,neural,mimo,True,9001,complete,,400,10.0,0.0201512641771669,0.01267509914610286,0.0002574900197890696,0.07374821119834002,2.3175935828466914,161.52199932054714,0.0,0.0032694705997413755,0.2811213381220454,0.2812081904272901,1.3470671470061646e-05,0,0,0,0,0,56.08049799957371,84.52232604913658,24.25347881400012
servo_up__lstm_ukf__neural__mimo__1__9002,ff49d012db6101d7a6222e44b0428a4827a1eee7d1f03f21ab1523f47582eb2e,servo_up,lstm_ukf,neural,mimo,True,9002,complete,,400,10.0,0.020651397447238682,0.013129856618848485,0.0002628934792297562,0.07692195972088324,1.9255154593434405,161.4106481364436,0.0,0.003180603005587372,0.2813997212375248,0.2813747350451788,0.0002918537869494586,0,0,0,0,0,55.19270900003903,77.34838404930994,23.590653773999293
servo_up__lstm_ukf__neural__mimo__1__9003,ff49d012db6101d7a6222e44b0428a4827a1eee7d1f03f21ab1523f47582eb2e,servo_up,lstm_ukf,neural,mimo,True,9003,complete,,400,10.0,0.01961604027267961,0.012670572562893435,0.0002524339118864772,0.07133011241054242,2.3246261718049754,161.65015415106822,0.0,0.0032633623348487604,0.2813719763267602,0.28094861380394026,0.00026410887618483203,0,0,0,0,0,54.97758850106038,73.00773260039932,23.239146895000886
servo_up__lstm_ukf__neural__siso__0__9001,ff49d012db6101d7a6222e44b0428a4827a1eee7d1f03f21ab1523f47582eb2e,servo_up,lstm_ukf,neural,siso,False,9001,complete,,400,10.0,0.019776884952992367,0.012337438186532811,0.00024648558854382404,0.07180670528230937,62.87227299370748,175.7570945990102,4.3974999999999955,0.0032403474514096507,0.2811195594701732,0.2812010769562408,1.169201959783095e-05,0,0,0,0,0,29.18484949896083,37.394658200992104,13.076993828999548
servo_up__lstm_ukf__neural__siso__0__9002,ff49d012db6101d7a6222e44b0428a4827a1eee7d1f03f21ab1523f47582eb2e,servo_up,lstm_ukf,neural,siso,False,9002,complete,,400,10.0,0.020431574590874364,0.012933535739148379,0.0002505997937165146,0.07587661621396286,62.35219166308317,175.67437705226675,4.376249999999995,0.0031552438082993114,0.281405678605691,0.28137607297737216,0.0002978111551156237,0,0,0,0,0,28.393608500664413,41.2476891503502,12.766702660999727
servo_up__lstm_ukf__neural__siso__0__9003,ff49d012db6101d7a6222e44b0428a4827a1eee7d1f03f21ab1523f47582eb2e,servo_up,lstm_ukf,neural,siso,False,9003,complete,,400,10.0,0.01952696893771657,0.012568100377150176,0.00024088954917054039,0.07093567799701496,62.06871967076638,175.76585125433056,4.353749999999995,0.0032469977856669054,0.2813730307793907,0.2809529745532019,0.000265163328815321,0,0,0,0,0,28.437088999453408,40.472951149058595,12.934607386998323
servo_up__lstm_ukf__neural__siso__1__9001,ff49d012db6101d7a6222e44b0428a4827a1eee7d1f03f21ab1523f47582eb2e,servo_up,lstm_ukf,neural,siso,True,9001,complete,,400,10.0,0.10969910746726964,0.10293445501453528,0.0029277273438304595,0.5417871990105166,21.23465658531746,165.35850603421468,1.0162500000000005,0.0032590489254085,0.2811190282627574,0.2812010574109473,1.1160812182053892e-05,0,0,3,2,2,27.946611000515986,37.26937180017555,10.693481975000395
servo_up__lstm_ukf__neural__siso__1__9002,ff49d012db6101d7a6222e44b0428a4827a1eee7d1f03f21ab1523f47582eb2e,servo_up,lstm_ukf,neural,siso,True,9002,complete,,400,10.0,0.10952335176628433,0.10275828860906552,0.0028892737797874247,0.5319669751093596,20.91004382091203,165.15576044009242,0.35375000000000006,0.0031768296949150608,0.28140504668865135,0.2813760096936326,0.0002971792380759841,0,0,2,2,2,27.55417150001449,35.56296280012239,10.329601504998209
servo_up__lstm_ukf__neural__siso__1__9003,ff49d012db6101d7a6222e44b0428a4827a1eee7d1f03f21ab1523f47582eb2e,servo_up,lstm_ukf,neural,siso,True,9003,complete,,400,10.0,0.1080830005399382,0.10166350600614175,0.002836299257273686,0.5030178888434738,20.69441999420336,165.4885396523304,0.8375000000000006,0.0032580147947285838,0.28137417569608003,0.2809531437224502,0.00026630824550466503,0,0,2,2,2,27.769039000304474,34.70727685007644,10.66924264499903
servo_up__lstm_ukf__physical__mimo__0__9001,ff49d012db6101d7a6222e44b0428a4827a1eee7d1f03f21ab1523f47582eb2e,servo_up,lstm_ukf,physical,mimo,False,9001,complete,,400,10.0,0.02001398720903073,0.012543792292758184,0.00025636529504118754,0.07299710433226445,2.37885069332993,161.522298807899,0.0,0.0032693361814798193,0.2811196318265529,0.2812064768950907,1.1764375977552088e-05,0,0,0,0,0,13.901454999540874,23.493840651281026,7.09091133199945
servo_up__lstm_ukf__physical__mimo__0__9002,ff49d012db6101d7a6222e44b0428a4827a1eee7d1f03f21ab1523f47582eb2e,servo_up,lstm_ukf,physical,mimo,False,9002,complete,,400,10.0,0.020636876558566115,0.013122140250183099,0.0002618519423166365,0.07680976276513843,1.932261349788621,161.44214436483495,0.0,0.003180562359454448,0.2813993861253077,0.2813744000877862,0.0002915186747323162,0,0,0,0,0,13.886522499888088,23.380673850169813,7.023045642999932
servo_up__lstm_ukf__physical__mimo__0__9003,ff49d012db6101d7a6222e44b0428a4827a1eee7d1f03f21ab1523f47582eb2e,servo_up,lstm_ukf,physical,mimo,False,9003,complete,,400,10.0,0.019629296462916612,0.012689529354167946,0.0002514911068323853,0.07146365513568567,2.3428399012332393,161.68168964724487,0.0,0.003263254837576077,0.2813722747950435,0.28094889651340155,0.00026440734446814274,0,0,0,0,0,13.404822499978764,23.298150550635892,6.7565618050011835
servo_up__lstm_ukf__physical__mimo__1__9001,ff49d012db6101d7a6222e44b0428a4827a1eee7d1f03f21ab1523f47582eb2e,servo_up,lstm_ukf,physical,mimo,True,9001,complete,,400,10.0,0.020014090618294803,0.012543705426544823,0.0002563666762049529,0.0729964766733614,2.378779420317838,161.52245896735448,0.0,0.0032693359072273128,0.28112011256022107,0.28120695572319654,1.2245109645703245e-05,0,0,0,0,0,13.439455000479938,17.828505249326533,6.720668281999679
servo_up__lstm_ukf__physical__mimo__1__9002,ff49d012db6101d7a6222e44b0428a4827a1eee7d1f03f21ab1523f47582eb2e,servo_up,lstm_ukf,physical,mimo,True,9002,complete,,400,10.0,0.020637000631250395,0.01312209519344897,0.00026185243815308155,0.07680957847853084,1.9322728223819958,161.44215864332608,0.0,0.003180561707019108,0.2813994612877403,0.28137446317552167,0.00029159383716492737,0,0,0,0,0,13.686371500625683,22.83506800122267,6.957703444999424
servo_up__lstm_ukf__physical__mimo__1__9003,ff49d012db6101d7a6222e44b0428a4827a1eee7d1f03f21ab1523f47582eb2e,servo_up,lstm_ukf,physical,mimo,True,9003,complete,,400,10.0,0.01962909672681692,0.01268931893116802,0.00025148601426285287,0.07146227309567896,2.3427484446731706,161.68164851055388,0.0,0.0032632542257557003,0.28137232219614133,0.28094895245716167,0.0002644547455659674,0,0,0,0,0,14.015356499839982,24.613710499488658,7.154265764000229
servo_up__lstm_ukf__physical__siso__0__9001,ff49d012db6101d7a6222e44b0428a4827a1eee7d1f03f21ab1523f47582eb2e,servo_up,lstm_ukf,physical,siso,False,9001,complete,,400,10.0,0.019831485256996545,0.012412657063778752,0.0002465165242607442,0.07217600418050582,62.922708569560854,175.77331317624618,4.396249999999995,0.003240481533101752,0.28111638561068664,0.28119790728322913,8.51816011127049e-06,0,0,0,0,0,7.064043999889691,13.217931500003015,4.483766473998912
servo_up__lstm_ukf__physical__siso__0__9002,ff49d012db6101d7a6222e44b0428a4827a1eee7d1f03f21ab1523f47582eb2e,servo_up,lstm_ukf,physical,siso,False,9002,complete,,400,10.0,0.020364357123325256,0.012890989898431258,0.0002506495039621523,0.07562790655170323,62.39395847558702,175.68917583153814,4.373749999999995,0.0031553782819430756,0.28140527880622196,0.2813756850394721,0.00029741135564659293,0,0,0,0,0,7.086866999998165,13.447212150458652,4.615973621001103
servo_up__lstm_ukf__physical__siso__0__9003,ff49d012db6101d7a6222e44b0428a4827a1eee7d1f03f21ab1523f47582eb2e,servo_up,lstm_ukf,physical,siso,False,9003,complete,,400,10.0,0.019474491843221798,0.012536907370216227,0.00024092350445673312,0.07074149975201256,62.109742668810014,175.7823138943593,4.353749999999995,0.003247128500460858,0.28137435643593167,0.28095429917908826,0.0002664889853563057,0,0,0,0,0,7.3215565007558325,13.122775100055135,4.6443590779999795
servo_up__lstm_ukf__physical__siso__1__9001,ff49d012db6101d7a6222e44b0428a4827a1eee7d1f03f21ab1523f47582eb2e,servo_up,lstm_ukf,physical,siso,True,9001,complete,,400,10.0,0.09111796526692077,0.08435907959812645,0.001754910207537185,0.43096883887609755,20.240924791638808,165.3646414779562,1.3937499999999996,0.0032588338946468445,0.2811164693196569,0.2811979186879157,8.601869081525937e-06,0,0,0,0,0,6.647331499152642,8.925480099514955,3.5758749269989494
servo_up__lstm_ukf__physical__siso__1__9002,ff49d012db6101d7a6222e44b0428a4827a1eee7d1f03f21ab1523f47582eb2e,servo_up,lstm_ukf,physical,siso,True,9002,complete,,400,10.0,0.100484910074395,0.09372677468748883,0.0023301873032803237,0.4840028368412667,20.576020161994418,165.35648067703656,0.8587500000000005,0.0031767153477834206,0.28140451267820515,0.2813756139679638,0.0002966452276297882,0,0,1,1,1,6.753328000741021,9.020325398796553,3.748262983999666
servo_up__lstm_ukf__physical__siso__1__9003,ff49d012db6101d7a6222e44b0428a4827a1eee7d1f03f21ab1523f47582eb2e,servo_up,lstm_ukf,physical,siso,True,9003,complete,,400,10.0,0.09939938559659853,0.09298386529298704,0.0023056144150143633,0.47248900249737386,20.625803762398913,165.61280611948223,1.3175,0.003258051865067446,0.2813755709043703,0.28095447639402604,0.0002677034537949541,0,0,1,1,1,6.641572501393966,7.83114129981186,3.428423636001753
servo_up__nake__neural__mimo__0__9001,ff49d012db6101d7a6222e44b0428a4827a1eee7d1f03f21ab1523f47582eb2e,servo_up,nake,neural,mimo,False,9001,complete,,400,10.0,0.02120641811141442,0.013954981348799453,0.00026317460348400395,0.0813605888802893,1.7019439760987058,161.59558699004333,0.0,0.003263110677179798,0.2813883000956357,0.2811597748082853,0.0002804326450603356,0,0,0,0,0,56.120885500604345,76.91301440017924,23.02492625800005
servo_up__nake__neural__mimo__0__9002,ff49d012db6101d7a6222e44b0428a4827a1eee7d1f03f21ab1523f47582eb2e,servo_up,nake,neural,mimo,False,9002,complete,,400,10.0,0.021656811350261127,0.01400232415321802,0.000271876685326097,0.08389725405548791,2.245821891489247,161.47207702968063,0.0,0.003202590522297408,0.28147949200982714,0.2811780883428561,0.00037162455925177085,0,0,0,0,0,56.343810500948166,77.13967440031409,23.302074695000556
servo_up__nake__neural__mimo__0__9003,ff49d012db6101d7a6222e44b0428a4827a1eee7d1f03f21ab1523f47582eb2e,servo_up,nake,neural,mimo,False,9003,complete,,400,10.0,0.019730118839473877,0.012714414670020161,0.0002570468899594155,0.07156375544400917,2.3157800368744774,161.46989719023642,0.0,0.0032497144396921285,0.2813290667346407,0.28106087377343775,0.00022119928406533207,0,0,0,0,0,57.25317649921635,84.2961107995506,24.139790264000112
servo_up__nake__neural__mimo__1__9001,ff49d012db6101d7a6222e44b0428a4827a1eee7d1f03f21ab1523f47582eb2e,servo_up,nake,neural,mimo,True,9001,complete,,400,10.0,0.021207058076925692,0.0139554987670677,0.0002631704288458089,0.08136428364955524,1.7020867408979388,161.59579745564434,0.0,0.0032631113200782377,0.28138774706444913,0.2811592078159483,0.00027987961387376803,0,0,0,0,0,56.067573000291304,74.99440549881908,23.208037233998766
servo_up__nake__neural__mimo__1__9002,ff49d012db6101d7a6222e44b0428a4827a1eee7d1f03f21ab1523f47582eb2e,servo_up,nake,neural,mimo,True,9002,complete,,400,10.0,0.0216567912579171,0.014002214534375963,0.0002718790010629037,0.08389624700262506,2.245899409037813,161.47226666847448,0.0,0.003202591453156273,0.2814793775824553,0.28117797722059445,0.0003715101318799152,0,0,0,0,0,55.614917999264435,79.25375584936774,23.048728206000305
servo_up__nake__neural__mimo__1__9003,ff49d012db6101d7a6222e44b0428a4827a1eee7d1f03f21ab1523f47582eb2e,servo_up,nake,neural,mimo,True,9003,complete,,400,10.0,0.0197306531756864,0.012714597143889264,0.0002570570762353978,0.07156546282932617,2.3161324279145434,161.46992060966298,0.0,0.003249713568843101,0.2813288498013043,0.2810606526182314,0.00022098235072892658,0,0,0,0,0,55.86275950008712,77.88317814993204,23.193165352000506
servo_up__nake__neural__siso__0__9001,ff49d012db6101d7a6222e44b0428a4827a1eee7d1f03f21ab1523f47582eb2e,servo_up,nake,neural,siso,False,9001,complete,,400,10.0,0.019655363614000273,0.012308827333769543,0.00024523195290252674,0.0719476809568681,62.46123698153764,175.653258380094,4.393749999999995,0.003246683651262036,0.28134360784008294,0.28115336816755404,0.00023574038950757714,0,0,0,0,0,27.613406499767734,37.40703534949713,12.196214006999071
servo_up__nake__neural__siso__0__9002,ff49d012db6101d7a6222e44b0428a4827a1eee7d1f03f21ab1523f47582eb2e,servo_up,nake,neural,siso,False,9002,complete,,400,10.0,0.021511538875838877,0.01379914099096825,0.00025224222453521,0.08065713752821663,61.88930879307782,175.52461557973086,4.372499999999995,0.0031841957418500743,0.28144343026473256,0.2811789504887823,0.0003355628141571976,0,0,0,0,0,26.57659299984516,41.54853509853637,12.141282386000967
servo_up__nake__neural__siso__0__9003,ff49d012db6101d7a6222e44b0428a4827a1eee7d1f03f21ab1523f47582eb2e,servo_up,nake,neural,siso,False,9003,complete,,400,10.0,0.0201755827795016,0.013214401059066247,0.00023921162574874175,0.07539904828944578,61.5399642195658,175.64832962232424,4.351249999999996,0.0032389729147441816,0.2812859681610261,0.28106285794679964,0.00017810071045071263,0,0,0,0,0,27.81502950074355,43.593455649443,12.779689185999814
servo_up__nake__neural__siso__1__9001,ff49d012db6101d7a6222e44b0428a4827a1eee7d1f03f21ab1523f47582eb2e,servo_up,nake,neural,siso,True,9001,complete,,400,10.0,0.09967750352411303,0.09295054584620281,0.0022960669062610847,0.4853080461889937,20.892938415771916,165.34522229480612,1.5924999999999991,0.0032764706931190553,0.28134952682687947,0.28115337316064865,0.00024165937630410417,0,0,7,1,1,24.98376899984578,41.656569351198414,10.699176100000841
servo_up__nake__neural__siso__1__9002,ff49d012db6101d7a6222e44b0428a4827a1eee7d1f03f21ab1523f47582eb2e,servo_up,nake,neural,siso,True,9002,complete,,400,10.0,0.10137782227596416,0.09440351409325558,0.002342586694551513,0.4882230752962716,20.65304727874344,165.17147469072702,0.5962500000000003,0.0031983673657072624,0.2814512074796607,0.2811790813226145,0.000343340029085315,0,0,3,1,1,22.819588499260135,42.99159800020787,10.496351543000856
servo_up__nake__neural__siso__1__9003,ff49d012db6101d7a6222e44b0428a4827a1eee7d1f03f21ab1523f47582eb2e,servo_up,nake,neural,siso,True,9003,complete,,400,10.0,0.10849523299853224,0.10206324541416911,0.0028878092804674343,0.525060997027974,21.25967344999397,165.29557850156874,0.7100000000000003,0.003235545888564575,0.28128521320639654,0.2810629399348731,0.00017734575582117884,0,0,2,2,2,23.52465550029592,40.333792651017546,10.372317837000082
servo_up__nake__physical__mimo__0__9001,ff49d012db6101d7a6222e44b0428a4827a1eee7d1f03f21ab1523f47582eb2e,servo_up,nake,physical,mimo,False,9001,complete,,400,10.0,0.021004834883899585,0.013759062578070035,0.0002619776669218602,0.08020950726125116,1.741704992483325,161.59522198609187,0.0,0.0032631210514554535,0.2813873562656112,0.28115903364192496,0.000279488815035811,0,0,0,0,0,13.753868000094371,16.91907685008117,6.665210225000919
servo_up__nake__physical__mimo__0__9002,ff49d012db6101d7a6222e44b0428a4827a1eee7d1f03f21ab1523f47582eb2e,servo_up,nake,physical,mimo,False,9002,complete,,400,10.0,0.021593366284284272,0.013945723466572716,0.00027075994073892337,0.08344952338652598,2.132508904167392,161.46887511706362,0.0,0.0032025045028458857,0.28147901548109994,0.28117780809863724,0.0003711480305245707,0,0,0,0,0,13.355479500205547,14.714595699933852,6.257894656000644
servo_up__nake__physical__mimo__0__9003,ff49d012db6101d7a6222e44b0428a4827a1eee7d1f03f21ab1523f47582eb2e,servo_up,nake,physical,mimo,False,9003,complete,,400,10.0,0.01972638353944314,0.01271564460631807,0.00025610627903555375,0.07157686064735426,2.2541935017847283,161.48790751311208,0.0,0.003249583379225844,0.28132874421932463,0.2810607559923827,0.00022087676874926743,0,0,0,0,0,13.776367500213382,21.350448350767675,6.8345165840000845
servo_up__nake__physical__mimo__1__9001,ff49d012db6101d7a6222e44b0428a4827a1eee7d1f03f21ab1523f47582eb2e,servo_up,nake,physical,mimo,True,9001,complete,,400,10.0,0.02100510111262225,0.013759430253329465,0.0002619738354247396,0.08021235493681712,1.7420362469574573,161.59543439378416,0.0,0.003263121836461144,0.2813868222261308,0.28115848760403317,0.0002789547755554511,0,0,0,0,0,13.66120900001988,19.770481350860763,6.6803560460011795
servo_up__nake__physical__mimo__1__9002,ff49d012db6101d7a6222e44b0428a4827a1eee7d1f03f21ab1523f47582eb2e,servo_up,nake,physical,mimo,True,9002,complete,,400,10.0,0.02159397121143942,0.013946275020308395,0.0002707732173852861,0.08345248838220094,2.132414176979884,161.46888440323568,0.0,0.003202504129067565,0.2814789476021062,0.28117773758167874,0.00037108015153081153,0,0,0,0,0,14.1327490000549,24.686695849686654,6.943739173000722
servo_up__nake__physical__mimo__1__9003,ff49d012db6101d7a6222e44b0428a4827a1eee7d1f03f21ab1523f47582eb2e,servo_up,nake,physical,mimo,True,9003,complete,,400,10.0,0.019726601650880693,0.012715623022944166,0.00025610321000733014,0.07157794154660428,2.254547177863495,161.4879364765274,0.0,0.0032495824731309233,0.2813285777039558,0.28106058469484174,0.0002207102533804406,0,0,0,0,0,13.657192999744439,16.32597754951347,6.5051597469991975
servo_up__nake__physical__siso__0__9001,ff49d012db6101d7a6222e44b0428a4827a1eee7d1f03f21ab1523f47582eb2e,servo_up,nake,physical,siso,False,9001,complete,,400,10.0,0.01964490873437869,0.01232042808764935,0.0002452521234892706,0.07191818549714393,62.50894750650326,175.6693574175547,4.392499999999996,0.003246844899175476,0.28134175349171725,0.2811515814869025,0.00023388604114188416,0,0,0,0,0,6.511652499284537,7.936887149298851,3.9351460689995292
servo_up__nake__physical__siso__0__9002,ff49d012db6101d7a6222e44b0428a4827a1eee7d1f03f21ab1523f47582eb2e,servo_up,nake,physical,siso,False,9002,complete,,400,10.0,0.021375316949924575,0.01368824054871193,0.00025216313137302803,0.08005015607978605,61.93104078487412,175.53966412023027,4.369999999999996,0.0031843598537981033,0.28144287251270156,0.28117847611295216,0.0003350050621261924,0,0,0,0,0,6.42346400036331,8.73431840109332,4.031858594000369
servo_up__nake__physical__siso__0__9003,ff49d012db6101d7a6222e44b0428a4827a1eee7d1f03f21ab1523f47582eb2e,servo_up,nake,physical,siso,False,9003,complete,,400,10.0,0.020085389508266206,0.013145704277895274,0.00023912729517557317,0.07502317398235166,61.58327586798335,175.6639604243724,4.351249999999996,0.0032391608190366493,0.2812866919512467,0.2810635912414899,0.00017882450067135958,0,0,0,0,0,6.698777999190497,8.17896539947469,4.072022327000013
servo_up__nake__physical__siso__1__9001,ff49d012db6101d7a6222e44b0428a4827a1eee7d1f03f21ab1523f47582eb2e,servo_up,nake,physical,siso,True,9001,complete,,400,10.0,0.09047240708387212,0.08375283727980463,0.0017233557225046993,0.42831204160206393,20.758747392924334,165.34926532494234,2.1724999999999968,0.0032784445838939524,0.2813519586533177,0.2811515667442398,0.00024409120274232476,0,0,0,0,0,5.438052000499738,7.755953600644713,3.3142273610010307
servo_up__nake__physical__siso__1__9002,ff49d012db6101d7a6222e44b0428a4827a1eee7d1f03f21ab1523f47582eb2e,servo_up,nake,physical,siso,True,9002,complete,,400,10.0,0.11924748176438835,0.11228091987438357,0.0034637301225741712,0.5733208764644825,21.318628323531215,165.31408766714216,0.6950000000000004,0.0031996743103304115,0.28144511140557743,0.2811786110067815,0.0003372439550020645,0,0,3,3,3,5.409262999819475,7.490639150000788,3.2636189889999514
servo_up__nake__physical__siso__1__9003,ff49d012db6101d7a6222e44b0428a4827a1eee7d1f03f21ab1523f47582eb2e,servo_up,nake,physical,siso,True,9003,complete,,400,10.0,0.09995275983802103,0.09352529253916324,0.0023183207148573144,0.47092146447881983,20.262634587047433,165.2841281430865,0.4237500000000001,0.0032323094614255025,0.28129482671923656,0.281063840994902,0.00018695926866119095,0,0,1,1,1,5.929661499976646,7.54249609863109,3.3431725460013695
servo_up__ukf__neural__mimo__0__9001,ff49d012db6101d7a6222e44b0428a4827a1eee7d1f03f21ab1523f47582eb2e,servo_up,ukf,neural,mimo,False,9001,complete,,400,10.0,0.020434004785659567,0.013070337837013227,0.0002607240072255194,0.0758255475225953,1.81327516350914,161.5950371989961,0.0,0.003282426980764016,0.28137481722128077,0.2811526300048878,0.0002669497707054047,0,0,0,0,0,56.04498499997135,78.1409236486979,22.966428499999893
servo_up__ukf__neural__mimo__0__9002,ff49d012db6101d7a6222e44b0428a4827a1eee7d1f03f21ab1523f47582eb2e,servo_up,ukf,neural,mimo,False,9002,complete,,400,10.0,0.021262621424682267,0.013542519421212826,0.00026798882320230156,0.08000419332732997,2.0472133045975545,161.43256789853805,0.0,0.0031980730717545503,0.2814500330925407,0.2811699504291986,0.0003421656419653196,0,0,0,0,0,56.56743649979035,80.8532431005005,23.347159703000216
servo_up__ukf__neural__mimo__0__9003,ff49d012db6101d7a6222e44b0428a4827a1eee7d1f03f21ab1523f47582eb2e,servo_up,ukf,neural,mimo,False,9003,complete,,400,10.0,0.01989572802256385,0.013145713273881672,0.00025321209587039176,0.0743961228700735,2.2025609769052132,161.46959820289825,0.0,0.003244046771596764,0.2812830745478402,0.2810676592043248,0.00017520709726481787,0,0,0,0,0,57.4573589992724,77.82279965049376,23.658519444001286
servo_up__ukf__neural__mimo__1__9001,ff49d012db6101d7a6222e44b0428a4827a1eee7d1f03f21ab1523f47582eb2e,servo_up,ukf,neural,mimo,True,9001,complete,,400,10.0,0.02043483385604137,0.013070633915338315,0.00026072777581002715,0.07582815517396728,1.8133367207009756,161.59504752135857,0.0,0.0032824274537738294,0.2813735090160485,0.2811513112838432,0.00026564156547315143,0,0,0,0,0,55.73996099974465,77.16768674918058,22.86809090600036
servo_up__ukf__neural__mimo__1__9002,ff49d012db6101d7a6222e44b0428a4827a1eee7d1f03f21ab1523f47582eb2e,servo_up,ukf,neural,mimo,True,9002,complete,,400,10.0,0.021264017427242606,0.013543700915958549,0.0002680180557276304,0.08000922816441552,2.047549135755474,161.43215286651332,0.0,0.0031980732489117173,0.2814494915599596,0.2811694322320921,0.00034162410938420873,0,0,0,0,0,55.72613749973243,74.94110985053337,22.9270533279996
servo_up__ukf__neural__mimo__1__9003,ff49d012db6101d7a6222e44b0428a4827a1eee7d1f03f21ab1523f47582eb2e,servo_up,ukf,neural,mimo,True,9003,complete,,400,10.0,0.019895548523224272,0.013145337602982674,0.0002532062804890957,0.07439520790019657,2.2027776022275205,161.46961420832898,0.0,0.003244044606519203,0.28128258581278476,0.28106716925912517,0.00017471836220939174,0,0,0,0,0,55.25662000036391,68.27657054973308,22.326798402998975
servo_up__ukf__neural__siso__0__9001,ff49d012db6101d7a6222e44b0428a4827a1eee7d1f03f21ab1523f47582eb2e,servo_up,ukf,neural,siso,False,9001,complete,,400,10.0,0.020061410859307446,0.012741474605577612,0.0002493288201956125,0.07395899776388183,62.993511432958186,175.78951833821392,4.401249999999995,0.0032516062260736097,0.28137092636971295,0.2811481459963529,0.00026305891913758206,0,0,0,0,0,28.230370000528637,42.8733033503704,13.244778399999632
servo_up__ukf__neural__siso__0__9002,ff49d012db6101d7a6222e44b0428a4827a1eee7d1f03f21ab1523f47582eb2e,servo_up,ukf,neural,siso,False,9002,complete,,400,10.0,0.021109532049067455,0.0134227117305136,0.0002550639035281637,0.07911003752514595,62.35700193072606,175.64863109376213,4.377499999999995,0.0031715524457663056,0.2814509445713648,0.28117050853066183,0.00034307712078945896,0,0,0,0,0,27.728613499675703,45.20644025014917,13.042484925999815
servo_up__ukf__neural__siso__0__9003,ff49d012db6101d7a6222e44b0428a4827a1eee7d1f03f21ab1523f47582eb2e,servo_up,ukf,neural,siso,False,9003,complete,,400,10.0,0.01974427070156463,0.01295564951049626,0.0002412685626276967,0.07347783364117351,61.80205340484136,175.75076193464633,4.354999999999995,0.003231485995187299,0.2812830813572169,0.2810682554926177,0.000175213906641547,0,0,0,0,0,28.578441500940244,43.013532500845024,13.768379716000709
servo_up__ukf__neural__siso__1__9001,ff49d012db6101d7a6222e44b0428a4827a1eee7d1f03f21ab1523f47582eb2e,servo_up,ukf,neural,siso,True,9001,complete,,400,10.0,0.09901470473737789,0.09232063515756408,0.0022681413412047203,0.47771733558557333,21.07010017519829,165.37426307098207,2.3287499999999963,0.003269459982055404,0.28137179291029724,0.281147762440656,0.00026392545972186987,0,0,3,1,1,24.234428500676586,48.21687675012072,11.82046137799989
servo_up__ukf__neural__siso__1__9002,ff49d012db6101d7a6222e44b0428a4827a1eee7d1f03f21ab1523f47582eb2e,servo_up,ukf,neural,siso,True,9002,complete,,400,10.0,0.11062860230528065,0.10365875383654974,0.0029207422497745995,0.5364542659043944,21.035469064125024,165.3337904479946,0.8012500000000004,0.003193986381335961,0.2814502914274372,0.28117037579109566,0.0003424239768618498,0,0,3,2,2,24.801638500321133,45.19085189913312,11.370008705000146
servo_up__ukf__neural__siso__1__9003,ff49d012db6101d7a6222e44b0428a4827a1eee7d1f03f21ab1523f47582eb2e,servo_up,ukf,neural,siso,True,9003,complete,,400,10.0,0.1081554379507054,0.10191111948238665,0.002881240178259185,0.5316023292800839,21.025958713218593,165.41121211314362,0.5687500000000002,0.003241904930715203,0.28128324861982484,0.2810682089243936,0.00017538116924947778,0,0,5,2,2,26.20827800092229,48.22225844964123,12.120815177000622
servo_up__ukf__physical__mimo__0__9001,ff49d012db6101d7a6222e44b0428a4827a1eee7d1f03f21ab1523f47582eb2e,servo_up,ukf,physical,mimo,False,9001,complete,,400,10.0,0.020253386908088124,0.01289581826309175,0.00025958767879012375,0.07483030137407932,1.9265611214579141,161.59471061367037,0.0,0.0032822814377220207,0.2813713792004036,0.281149181824172,0.0002635117498282491,0,0,0,0,0,13.698655499865708,23.738821300321398,6.812115680999341
servo_up__ukf__physical__mimo__0__9002,ff49d012db6101d7a6222e44b0428a4827a1eee7d1f03f21ab1523f47582eb2e,servo_up,ukf,physical,mimo,False,9002,complete,,400,10.0,0.021301508568178387,0.013587684085988688,0.00026696858573992214,0.08015323889182721,1.9771021696930997,161.42932567236332,0.0,0.0031980329329447544,0.2814494046756676,0.2811693338103275,0.0003415372250922255,0,0,0,0,0,13.785080000161543,19.766026299657778,6.610550251998575
servo_up__ukf__physical__mimo__0__9003,ff49d012db6101d7a6222e44b0428a4827a1eee7d1f03f21ab1523f47582eb2e,servo_up,ukf,physical,mimo,False,9003,complete,,400,10.0,0.019919995241936744,0.01317589971591039,0.00025232336110319985,0.07458232339818438,2.160572623963449,161.4889655897382,0.0,0.003243934695367521,0.28128241332049536,0.28106700136825835,0.00017454586991999532,0,0,0,0,0,14.449889499701385,25.815256299665634,7.3060274079998635
servo_up__ukf__physical__mimo__1__9001,ff49d012db6101d7a6222e44b0428a4827a1eee7d1f03f21ab1523f47582eb2e,servo_up,ukf,physical,mimo,True,9001,complete,,400,10.0,0.020253689987165792,0.01289589399754556,0.000259588426589448,0.07483118749266378,1.9265585031651697,161.59476898034225,0.0,0.003282282794756122,0.28137140973526825,0.2811492087396849,0.0002635422846928859,0,0,0,0,0,14.096602999416064,25.876516650168924,7.123327217999758
servo_up__ukf__physical__mimo__1__9002,ff49d012db6101d7a6222e44b0428a4827a1eee7d1f03f21ab1523f47582eb2e,servo_up,ukf,physical,mimo,True,9002,complete,,400,10.0,0.021302743320266833,0.013588912310272339,0.0002669882065642687,0.08016036567218277,1.9773145739603373,161.42948692324995,0.0,0.0031980313263702347,0.28144963615858126,0.28116954507654585,0.0003417687080058962,0,0,0,0,0,13.714709500163735,18.661053348750972,6.602014359999885
servo_up__ukf__physical__mimo__1__9003,ff49d012db6101d7a6222e44b0428a4827a1eee7d1f03f21ab1523f47582eb2e,servo_up,ukf,physical,mimo,True,9003,complete,,400,10.0,0.019919913970155707,0.013175594106130313,0.0002523154092393235,0.07458243648280893,2.1606099609615823,161.4889892982856,0.0,0.0032439337802180022,0.2812822839145761,0.28106686924515645,0.0001744164640007373,0,0,0,0,0,14.239928999813856,25.12911610165247,7.164427549998436
servo_up__ukf__physical__siso__0__9001,ff49d012db6101d7a6222e44b0428a4827a1eee7d1f03f21ab1523f47582eb2e,servo_up,ukf,physical,siso,False,9001,complete,,400,10.0,0.02013926389929127,0.012841689694110574,0.00024941979574569055,0.07447450709963081,63.041259444604336,175.8057898585679,4.399999999999995,0.0032517363286830967,0.28136898599429244,0.28114619322344436,0.000261118543717076,0,0,0,0,0,6.636938501287659,13.052650750069002,4.519919992999348
servo_up__ukf__physical__siso__0__9002,ff49d012db6101d7a6222e44b0428a4827a1eee7d1f03f21ab1523f47582eb2e,servo_up,ukf,physical,siso,False,9002,complete,,400,10.0,0.021000720319196264,0.013338206201204936,0.00025503513081569115,0.07864480436300132,62.39949794588635,175.6639992892875,4.376249999999995,0.003171688350171746,0.2814504616937515,0.28117003147928027,0.00034259424317611975,0,0,0,0,0,6.812691998675291,13.179194248914426,4.771404031000202
servo_up__ukf__physical__siso__0__9003,ff49d012db6101d7a6222e44b0428a4827a1eee7d1f03f21ab1523f47582eb2e,servo_up,ukf,physical,siso,False,9003,complete,,400,10.0,0.019678258341496155,0.012911195180448875,0.0002412267606980623,0.07320944641300114,61.845440259041304,175.76628351162586,4.354999999999995,0.003231616306585304,0.281283850685206,0.28106902454953014,0.00017598323463063892,0,0,0,0,0,6.810338500145008,13.169399449088813,4.53969623500052
servo_up__ukf__physical__siso__1__9001,ff49d012db6101d7a6222e44b0428a4827a1eee7d1f03f21ab1523f47582eb2e,servo_up,ukf,physical,siso,True,9001,complete,,400,10.0,0.10774906110791306,0.10106312232283281,0.002809553844201625,0.5200718767685262,21.262283433474817,165.27282272939055,1.8224999999999982,0.0032688871717077984,0.28136982680388073,0.2811459803006177,0.00026195935330536324,0,0,2,2,2,6.352830499963602,13.121183849762016,4.0245804770002
servo_up__ukf__physical__siso__1__9002,ff49d012db6101d7a6222e44b0428a4827a1eee7d1f03f21ab1523f47582eb2e,servo_up,ukf,physical,siso,True,9002,complete,,400,10.0,0.11249608388765127,0.10553309645532598,0.003109879988053846,0.5627290141382429,21.55851209347613,165.2272813155976,0.4275000000000001,0.0031940318708043283,0.2814524873405172,0.2811698883924437,0.0003446198899418329,0,0,3,3,2,6.2078424998617265,12.411506249281953,4.015114128000278
servo_up__ukf__physical__siso__1__9003,ff49d012db6101d7a6222e44b0428a4827a1eee7d1f03f21ab1523f47582eb2e,servo_up,ukf,physical,siso,True,9003,complete,,400,10.0,0.1001127703881234,0.0938725528508206,0.002344130115574897,0.48831157101843914,20.655554006929417,165.41357130641214,1.1775,0.0032397075946158497,0.2812844131496798,0.28106904079658335,0.00017654569910441342,0,0,1,1,1,6.781605498872523,13.549261849857428,4.290410928999336
thermal_loss__lstm_nake__neural__mimo__0__9001,ff49d012db6101d7a6222e44b0428a4827a1eee7d1f03f21ab1523f47582eb2e,thermal_loss,lstm_nake,neural,mimo,False,9001,complete,,400,10.0,0.010970616239257049,0.002694338146086155,4.838056867107946e-05,0.025207155181096064,48.08442798250579,171.4576399609464,4.889375000000003,0.003312759974614901,0.2815272392945346,0.2814472613117237,0.00041937184395923754,0,0,0,0,0,54.204673500862555,80.11955870106246,23.416780291001487
thermal_loss__lstm_nake__neural__mimo__0__9002,ff49d012db6101d7a6222e44b0428a4827a1eee7d1f03f21ab1523f47582eb2e,thermal_loss,lstm_nake,neural,mimo,False,9002,complete,,400,10.0,0.010181963476335352,0.0029011702530846416,4.2042644303466226e-05,0.024964988747500607,47.904490888695506,171.0877928664113,4.894375000000003,0.0031951343741203233,0.28126193397043303,0.28145410639001867,0.00015406651985766517,0,0,0,0,0,54.53973100065923,89.76197124984537,24.00799975299924
thermal_loss__lstm_nake__neural__mimo__0__9003,ff49d012db6101d7a6222e44b0428a4827a1eee7d1f03f21ab1523f47582eb2e,thermal_loss,lstm_nake,neural,mimo,False,9003,complete,,400,10.0,0.009870789549851154,0.002908051278428611,3.911379562070606e-05,0.02635907419708887,48.56374545901926,171.1501493990095,4.875625000000003,0.0031478470872702883,0.2807004585689122,0.2813219556184671,0.0004074088816631849,0,0,0,0,0,54.512079500455,88.73137470027358,24.20914137299951
thermal_loss__lstm_nake__neural__mimo__1__9001,ff49d012db6101d7a6222e44b0428a4827a1eee7d1f03f21ab1523f47582eb2e,thermal_loss,lstm_nake,neural,mimo,True,9001,complete,,400,10.0,0.010957690073600916,0.002681677976465655,4.837223743117524e-05,0.025098746865831294,47.94875559065749,171.45761457871802,4.889375000000003,0.0033125866481024755,0.2815342435973683,0.28145182744746067,0.00042637614679291724,0,0,0,0,0,53.0643219999547,76.65878264961066,22.761175130999618
thermal_loss__lstm_nake__neural__mimo__1__9002,ff49d012db6101d7a6222e44b0428a4827a1eee7d1f03f21ab1523f47582eb2e,thermal_loss,lstm_nake,neural,mimo,True,9002,complete,,400,10.0,0.010188852485870599,0.0029076820340667464,4.20406055103674e-05,0.02502118070618399,47.768025236332505,171.08757405359802,4.894375000000003,0.003195023339259723,0.2812684281483404,0.28145727341499444,0.00016056069776504422,0,0,0,0,0,54.22841550080193,86.2565360001099,23.833583929999804
thermal_loss__lstm_nake__neural__mimo__1__9003,ff49d012db6101d7a6222e44b0428a4827a1eee7d1f03f21ab1523f47582eb2e,thermal_loss,lstm_nake,neural,mimo,True,9003,complete,,400,10.0,0.009892331219040634,0.0029297638051972766,3.912803637941907e-05,0.026549007365018928,48.32961115445263,171.1341928774288,4.875625000000003,0.003147528571923373,0.2807422422062507,0.28135379207361405,0.00036562524432465215,0,0,0,0,0,54.871434998858604,87.48197764962241,24.434969148000164
thermal_loss__lstm_nake__neural__siso__0__9001,ff49d012db6101d7a6222e44b0428a4827a1eee7d1f03f21ab1523f47582eb2e,thermal_loss,lstm_nake,neural,siso,False,9001,complete,,400,10.0,0.011319668745706104,0.0029304108337503453,5.0019181813529804e-05,0.026066399188386873,102.87707555937219,183.79279300693523,5.163125000000006,0.0033543727146329765,0.2816436286375394,0.28201019072988753,0.0005357611869640233,0,0,0,0,0,28.896465500110935,40.161743398948595,13.63456553800097
thermal_loss__lstm_nake__neural__siso__0__9002,ff49d012db6101d7a6222e44b0428a4827a1eee7d1f03f21ab1523f47582eb2e,thermal_loss,lstm_nake,neural,siso,False,9002,complete,,400,10.0,0.010988106164809159,0.003671260238318391,4.3699482824646186e-05,0.029983306115603535,102.98104469007447,183.7328739501012,5.100625000000006,0.003205549055695286,0.2815366592454014,0.2820997336749062,0.00042879179482602225,0,0,0,0,0,28.622504000850313,44.16932014946719,13.72819901100047
thermal_loss__lstm_nake__neural__siso__0__9003,ff49d012db6101d7a6222e44b0428a4827a1eee7d1f03f21ab1523f47582eb2e,thermal_loss,lstm_nake,neural,siso,False,9003,complete,,400,10.0,0.010579118242137937,0.0035326391702053183,4.091927437580297e-05,0.03009291500132227,102.55267949369092,184.1758370238718,5.150625000000007,0.0031713384330558352,0.2810569341775542,0.28205465300632093,5.0933273021191994e-05,0,0,0,0,0,29.990041500241205,45.91186109983027,14.335950958000467
thermal_loss__lstm_nake__neural__siso__1__9001,ff49d012db6101d7a6222e44b0428a4827a1eee7d1f03f21ab1523f47582eb2e,thermal_loss,lstm_nake,neural,siso,True,9001,complete,,400,10.0,0.17402296481715576,0.16607578539343135,0.006422698014228586,1.325093841487598,29.347701764514916,172.28499132911273,2.7824999999999953,0.003486885328312992,0.23236331256492265,0.23373519226509976,0.04874455488565271,0,0,13,13,13,27.72845449999295,42.986548449425754,11.269932048000555
thermal_loss__lstm_nake__neural__siso__1__9002,ff49d012db6101d7a6222e44b0428a4827a1eee7d1f03f21ab1523f47582eb2e,thermal_loss,lstm_nake,neural,siso,True,9002,complete,,400,10.0,0.16866556102724226,0.16188409165437104,0.006200283430122632,1.2937236535978256,30.836326908899537,171.76348436993106,2.8231249999999957,0.003320599225902108,0.24911097955420072,0.2508362356685615,0.03199688789637464,0,0,12,12,12,28.275670000766695,49.576009100110234,12.295527290998507
thermal_loss__lstm_nake__neural__siso__1__9003,ff49d012db6101d7a6222e44b0428a4827a1eee7d1f03f21ab1523f47582eb2e,thermal_loss,lstm_nake,neural,siso,True,9003,complete,,400,10.0,0.17093321817104362,0.164425581256068,0.006296394237203007,1.3117811303474767,29.15779722614643,171.881130027815,2.6799999999999957,0.0032963494694577306,0.23230822349853403,0.23430659278016305,0.04879964395204134,0,0,13,13,13,28.11522049978521,50.109168000744816,11.696146557000247
thermal_loss__lstm_nake__physical__mimo__0__9001,ff49d012db6101d7a6222e44b0428a4827a1eee7d1f03f21ab1523f47582eb2e,thermal_loss,lstm_nake,physical,mimo,False,9001,complete,,400,10.0,0.01098434188997194,0.0027123704157717278,4.830989978083777e-05,0.025403102033649823,48.11992741155209,171.45606346669072,4.889375000000003,0.0033127686766440787,0.2815101736252931,0.2814315653253058,0.0004023061747177592,0,0,0,0,0,13.421311499769217,21.323737550301274,7.0992984879994765
thermal_loss__lstm_nake__physical__mimo__0__9002,ff49d012db6101d7a6222e44b0428a4827a1eee7d1f03f21ab1523f47582eb2e,thermal_loss,lstm_nake,physical,mimo,False,9002,complete,,400,10.0,0.010144208362228513,0.002869606257614774,4.193675287281969e-05,0.024770112194606238,47.93755095538649,171.09458296186054,4.894375000000003,0.00319511372380636,0.28124452346473916,0.2814380672329071,0.00013665601416379403,0,0,0,0,0,13.366588999815576,23.96432699906651,7.30532570700052
thermal_loss__lstm_nake__physical__mimo__0__9003,ff49d012db6101d7a6222e44b0428a4827a1eee7d1f03f21ab1523f47582eb2e,thermal_loss,lstm_nake,physical,mimo,False,9003,complete,,400,10.0,0.009835963019999438,0.0028787550390537565,3.9012066217913834e-05,0.026191513822950586,48.59774553195443,171.15801134116938,4.875625000000003,0.003147889097804658,0.2806839316520537,0.2813070106932365,0.0004239357985216796,0,0,0,0,0,13.478116999976919,19.156696100162627,6.962457820998679
thermal_loss__lstm_nake__physical__mimo__1__9001,ff49d012db6101d7a6222e44b0428a4827a1eee7d1f03f21ab1523f47582eb2e,thermal_loss,lstm_nake,physical,mimo,True,9001,complete,,400,10.0,0.010971217446043856,0.002699557255428213,4.829969351928259e-05,0.02529458438788265,47.979401012642775,171.45604134656506,4.889375000000003,0.003312589653524649,0.2815176441069743,0.28143647596845217,0.00040977665639890803,0,0,0,0,0,13.392799000030209,20.632642300461143,7.055944691999684
thermal_loss__lstm_nake__physical__mimo__1__9002,ff49d012db6101d7a6222e44b0428a4827a1eee7d1f03f21ab1523f47582eb2e,thermal_loss,lstm_nake,physical,mimo,True,9002,complete,,400,10.0,0.010148948710502039,0.002874446536829313,4.193032467828675e-05,0.024813423503360476,47.7962777860831,171.09412970772286,4.894375000000003,0.003194998804545042,0.2812513935307299,0.28144145779405305,0.0001435260801545546,0,0,0,0,0,13.026593000176945,22.68313095019039,6.883694346999619
thermal_loss__lstm_nake__physical__mimo__1__9003,ff49d012db6101d7a6222e44b0428a4827a1eee7d1f03f21ab1523f47582eb2e,thermal_loss,lstm_nake,physical,mimo,True,9003,complete,,400,10.0,0.009857306144472654,0.002900433054055035,3.902520361312792e-05,0.026381381783814342,48.3575009295384,171.14107094799266,4.875625000000003,0.0031475606278395045,0.28072585473848444,0.28133867564799686,0.0003820127120909289,0,0,0,0,0,13.072581999949762,17.24534119985036,6.760842607000086
thermal_loss__lstm_nake__physical__siso__0__9001,ff49d012db6101d7a6222e44b0428a4827a1eee7d1f03f21ab1523f47582eb2e,thermal_loss,lstm_nake,physical,siso,False,9001,complete,,400,10.0,0.011880074000077278,0.003512350312822179,5.036079524846785e-05,0.0306856854474787,103.31790536848607,183.91451884225168,5.160625000000007,0.003351124236620703,0.28195082400428456,0.2822719922098307,0.0008429565537091954,0,0,0,0,0,7.107087500116904,11.535978400661406,4.787933793000775
thermal_loss__lstm_nake__physical__siso__0__9002,ff49d012db6101d7a6222e44b0428a4827a1eee7d1f03f21ab1523f47582eb2e,thermal_loss,lstm_nake,physical,siso,False,9002,complete,,400,10.0,0.011929566804204973,0.004637445300575982,4.4768861751281664e-05,0.037657505127394485,103.42282734439387,183.8532406207168,5.0993750000000055,0.003202959886228305,0.28184802902932277,0.2823650509782652,0.0007401615787474003,0,0,0,0,0,7.256697000229906,13.633640550051494,5.202886453998872
thermal_loss__lstm_nake__physical__siso__0__9003,ff49d012db6101d7a6222e44b0428a4827a1eee7d1f03f21ab1523f47582eb2e,thermal_loss,lstm_nake,physical,siso,False,9003,complete,,400,10.0,0.011320561044023262,0.004294047585686079,4.187595416521055e-05,0.03590405548247777,102.98675785152997,184.30137245627412,5.149375000000006,0.003168519027617016,0.28137717261260337,0.2823283069607186,0.0002693051620279996,0,0,0,0,0,7.278464498995163,11.937394649703474,4.957424349000576
thermal_loss__lstm_nake__physical__siso__1__9001,ff49d012db6101d7a6222e44b0428a4827a1eee7d1f03f21ab1523f47582eb2e,thermal_loss,lstm_nake,physical,siso,True,9001,complete,,400,10.0,0.1736809837914649,0.16574015619969024,0.006396186155673892,1.3220195141991684,29.49836191610433,172.27696847567455,2.8074999999999957,0.003484701735720631,0.23238344277102632,0.23374884414058314,0.048724424679549044,0,0,13,13,13,6.627455500165524,8.893946951138782,3.89938617199914
thermal_loss__lstm_nake__physical__siso__1__9002,ff49d012db6101d7a6222e44b0428a4827a1eee7d1f03f21ab1523f47582eb2e,thermal_loss,lstm_nake,physical,siso,True,9002,complete,,400,10.0,0.1708072132450346,0.16403337968088513,0.0062906442765593975,1.3069659327977419,29.78825451607406,171.75178159477818,2.749999999999995,0.003315821581789567,0.23446725798274304,0.2363349384825671,0.04664060946783233,0,0,14,13,13,6.965314000808576,11.72298044984927,4.319743840998854
thermal_loss__lstm_nake__physical__siso__1__9003,ff49d012db6101d7a6222e44b0428a4827a1eee7d1f03f21ab1523f47582eb2e,thermal_loss,lstm_nake,physical,siso,True,9003,complete,,400,10.0,0.17072387584013432,0.16422150080153086,0.006281417770028658,1.310193689886084,29.247132770056055,171.88642240347102,2.686249999999996,0.0032961542776253636,0.23234357414037085,0.23434330551560287,0.048764293310204515,0,0,13,13,13,6.6869749998659245,9.346082100637409,4.312352805000046
thermal_loss__lstm_ukf__neural__mimo__0__9001,ff49d012db6101d7a6222e44b0428a4827a1eee7d1f03f21ab1523f47582eb2e,thermal_loss,lstm_ukf,neural,mimo,False,9001,complete,,400,10.0,0.013025405439842241,0.004712195708944273,5.1368225270206494e-05,0.04038767567137479,52.89091612082702,171.97890779015108,4.889375000000003,0.0033048751403364513,0.2822993817780561,0.2816960273629724,0.0011915143274807138,0,0,0,0,0,55.26343750079832,79.41756294894729,24.086634780998793
thermal_loss__lstm_ukf__neural__mimo__0__9002,ff49d012db6101d7a6222e44b0428a4827a1eee7d1f03f21ab1523f47582eb2e,thermal_loss,lstm_ukf,neural,mimo,False,9002,complete,,400,10.0,0.013035956687836412,0.005765474806608279,4.6719044430663424e-05,0.04676393874480816,52.723253681573354,172.19724784608826,4.894375000000003,0.0032011237250393495,0.28211921876084034,0.2817664545745077,0.001011351310264974,0,0,0,0,0,54.58615999941685,75.11663794966803,23.51058967999961
thermal_loss__lstm_ukf__neural__mimo__0__9003,ff49d012db6101d7a6222e44b0428a4827a1eee7d1f03f21ab1523f47582eb2e,thermal_loss,lstm_ukf,neural,mimo,False,9003,complete,,400,10.0,0.01251639525557215,0.0054014709690392215,4.46661292833128e-05,0.04498892226751248,53.40684143842765,172.27454067374856,4.875625000000003,0.003180995309733256,0.28156201332694264,0.2816004866216915,0.00045414587636727344,0,0,0,0,0,53.66472999958205,82.07067445137,23.52713499499987
thermal_loss__lstm_ukf__neural__mimo__1__9001,ff49d012db6101d7a6222e44b0428a4827a1eee7d1f03f21ab1523f47582eb2e,thermal_loss,lstm_ukf,neural,mimo,True,9001,complete,,400,10.0,0.013025393802289523,0.0047122196994253815,5.1369434142275104e-05,0.040387682642085816,52.890762878454915,171.97894721943135,4.889375000000003,0.003304872780779751,0.2822994766908596,0.28169612877489975,0.0011916092402842193,0,0,0,0,0,52.8157779990579,73.36560194908087,22.56464533000144
thermal_loss__lstm_ukf__neural__mimo__1__9002,ff49d012db6101d7a6222e44b0428a4827a1eee7d1f03f21ab1523f47582eb2e,thermal_loss,lstm_ukf,neural,mimo,True,9002,complete,,400,10.0,0.01303576030830538,0.005765438064108771,4.671853205193274e-05,0.04676316929022076,52.72315371583511,172.1972311090801,4.894375000000003,0.003201123767825879,0.2821192127653361,0.2817664536598195,0.0010113453147607143,0,0,0,0,0,54.9021705000996,82.33421590057331,24.252511726001103
thermal_loss__lstm_ukf__neural__mimo__1__9003,ff49d012db6101d7a6222e44b0428a4827a1eee7d1f03f21ab1523f47582eb2e,thermal_loss,lstm_ukf,neural,mimo,True,9003,complete,,400,10.0,0.012516602672997297,0.005401501370434522,4.46670078712739e-05,0.04498939489021318,53.406745596851444,172.2744416151882,4.875625000000003,0.0031809944030879163,0.2815618037829358,0.28160026532952365,0.0004539363323604606,0,0,0,0,0,53.726169500805554,78.24982069932952,23.24646618999941
thermal_loss__lstm_ukf__neural__siso__0__9001,ff49d012db6101d7a6222e44b0428a4827a1eee7d1f03f21ab1523f47582eb2e,thermal_loss,lstm_ukf,neural,siso,False,9001,complete,,400,10.0,0.018383970798260568,0.010033568857735516,6.682482268276495e-05,0.08189221213026104,105.98617265233308,184.42766988122483,5.164375000000007,0.0033406052902397194,0.2832529174090043,0.2820234572588927,0.0021450499584289573,0,0,0,0,0,29.96809849901183,49.18120684960739,14.721308633999797
thermal_loss__lstm_ukf__neural__siso__0__9002,ff49d012db6101d7a6222e44b0428a4827a1eee7d1f03f21ab1523f47582eb2e,thermal_loss,lstm_ukf,neural,siso,False,9002,complete,,400,10.0,0.018501053071456795,0.011244257969237104,6.583482028527638e-05,0.08931107497618888,106.09753242995279,184.41955409860475,5.100625000000006,0.003274286079383025,0.2831466109471713,0.2821166654015627,0.0020387434965959406,0,0,0,0,0,30.09750349974638,49.64623564892463,14.72655744199983
thermal_loss__lstm_ukf__neural__siso__0__9003,ff49d012db6101d7a6222e44b0428a4827a1eee7d1f03f21ab1523f47582eb2e,thermal_loss,lstm_ukf,neural,siso,False,9003,complete,,400,10.0,0.017904786749653123,0.010832679814774919,6.306414959126661e-05,0.08726955995982749,105.6955372308076,184.83522004817527,5.1568750000000065,0.003247158297815165,0.28270292329399255,0.28209668757693085,0.0015950558434171813,0,0,0,0,0,30.09681199910119,50.22960020151004,14.640273916000297
thermal_loss__lstm_ukf__neural__siso__1__9001,ff49d012db6101d7a6222e44b0428a4827a1eee7d1f03f21ab1523f47582eb2e,thermal_loss,lstm_ukf,neural,siso,True,9001,complete,,400,10.0,0.1521946573285545,0.14427404147521003,0.005085205045313125,1.1634450952210842,39.41391298079227,173.42525076662895,3.862499999999992,0.0034144380741786082,0.23626466780035202,0.23735127615586615,0.04484319965022335,0,0,13,12,12,28.123425001467695,50.509581200276436,11.982266430000891
thermal_loss__lstm_ukf__neural__siso__1__9002,ff49d012db6101d7a6222e44b0428a4827a1eee7d1f03f21ab1523f47582eb2e,thermal_loss,lstm_ukf,neural,siso,True,9002,complete,,400,10.0,0.15340896645591146,0.14668336021162084,0.005034839718461029,1.1684405709260672,37.67947183040214,173.43610302946652,3.660624999999992,0.003253803774644599,0.2521845978178456,0.25422888740246063,0.028923269632729787,0,0,13,13,13,28.539076000015484,49.990295049155975,11.99309913200159
thermal_loss__lstm_ukf__neural__siso__1__9003,ff49d012db6101d7a6222e44b0428a4827a1eee7d1f03f21ab1523f47582eb2e,thermal_loss,lstm_ukf,neural,siso,True,9003,complete,,400,10.0,0.1522325618540807,0.14569472412282597,0.005003989499077967,1.1649424013317717,37.81481570153503,173.36612161607545,3.7081249999999923,0.0032596563620896565,0.253658521848846,0.25556478163277463,0.027449345601729347,0,0,13,12,12,28.540379999867582,50.02366710059505,12.377753067999947
thermal_loss__lstm_ukf__physical__mimo__0__9001,ff49d012db6101d7a6222e44b0428a4827a1eee7d1f03f21ab1523f47582eb2e,thermal_loss,lstm_ukf,physical,mimo,False,9001,complete,,400,10.0,0.012949031381486538,0.004640048845545254,5.118795447741455e-05,0.03983257873643731,52.92060748488401,171.98536898945815,4.889375000000003,0.0033047625512495687,0.28228284830427275,0.281679926582465,0.0011749808536973827,0,0,0,0,0,13.76413800062437,23.747632900358425,7.628455334999671
thermal_loss__lstm_ukf__physical__mimo__0__9002,ff49d012db6101d7a6222e44b0428a4827a1eee7d1f03f21ab1523f47582eb2e,thermal_loss,lstm_ukf,physical,mimo,False,9002,complete,,400,10.0,0.012957027391637534,0.005692659138906147,4.650422640302138e-05,0.04620030416414081,52.750883300490905,172.20287942547964,4.893125000000003,0.0032010390694699265,0.28210297749502294,0.2817505742183759,0.000995110044447578,0,0,0,0,0,14.38416499968298,25.993920800465258,8.306381484000667
thermal_loss__lstm_ukf__physical__mimo__0__9003,ff49d012db6101d7a6222e44b0428a4827a1eee7d1f03f21ab1523f47582eb2e,thermal_loss,lstm_ukf,physical,mimo,False,9003,complete,,400,10.0,0.012438476367500053,0.005328903327268139,4.4454395165666104e-05,0.044432537958269964,53.43765081722023,172.2817081262233,4.875625000000003,0.0031808749322727683,0.28154609987705526,0.28158499223312555,0.0004382324264798898,0,0,0,0,0,13.748733001193614,24.905030600439193,7.717115034000017
thermal_loss__lstm_ukf__physical__mimo__1__9001,ff49d012db6101d7a6222e44b0428a4827a1eee7d1f03f21ab1523f47582eb2e,thermal_loss,lstm_ukf,physical,mimo,True,9001,complete,,400,10.0,0.012948920151484,0.0046398625669688024,5.1188913635729726e-05,0.039830961173800826,52.92050073046444,171.98530813274715,4.889375000000003,0.003304761878394826,0.282283050638208,0.28168013863298247,0.0011751831876326557,0,0,0,0,0,14.245792000110669,23.581111549265184,7.834572300998843
thermal_loss__lstm_ukf__physical__mimo__1__9002,ff49d012db6101d7a6222e44b0428a4827a1eee7d1f03f21ab1523f47582eb2e,thermal_loss,lstm_ukf,physical,mimo,True,9002,complete,,400,10.0,0.012957007875454748,0.005692867865690516,4.650360556278431e-05,0.046201434528874576,52.75094336273377,172.2029141931191,4.893125000000003,0.003201038990516086,0.282103223522358,0.28175082403245555,0.0009953560717826382,0,0,0,0,0,13.999540500662988,25.4239122985382,7.824743652001416
thermal_loss__lstm_ukf__physical__mimo__1__9003,ff49d012db6101d7a6222e44b0428a4827a1eee7d1f03f21ab1523f47582eb2e,thermal_loss,lstm_ukf,physical,mimo,True,9003,complete,,400,10.0,0.012438873916026504,0.005329172212087845,4.445561670284895e-05,0.04443486051175796,53.43758852983398,172.2816564638167,4.875625000000003,0.0031808745798575714,0.2815462711856594,0.28158517116471254,0.0004384037350840253,0,0,0,0,0,13.859169999705045,25.627218300724053,7.914206162999108
thermal_loss__lstm_ukf__physical__siso__0__9001,ff49d012db6101d7a6222e44b0428a4827a1eee7d1f03f21ab1523f47582eb2e,thermal_loss,lstm_ukf,physical,siso,False,9001,complete,,400,10.0,0.019259818051366707,0.010930176064479328,7.029778658181464e-05,0.08922141526449263,106.33868617132448,184.52544621824174,5.161875000000006,0.003341075187520549,0.2835016410710649,0.2822659414364485,0.0023937736204895366,0,0,0,0,0,7.183125000665314,8.61115384986988,4.5416753129993594
thermal_loss__lstm_ukf__physical__siso__0__9002,ff49d012db6101d7a6222e44b0428a4827a1eee7d1f03f21ab1523f47582eb2e,thermal_loss,lstm_ukf,physical,siso,False,9002,complete,,400,10.0,0.019376500117655533,0.012143766643167242,6.991852889084777e-05,0.09664760063072983,106.4509630107574,184.5178533281298,5.100625000000006,0.0032749558139772944,0.28339870680243007,0.28236260474546737,0.002290839351854701,0,0,0,0,0,7.156860000577581,11.002434499823716,4.785040061000473
thermal_loss__lstm_ukf__physical__siso__0__9003,ff49d012db6101d7a6222e44b0428a4827a1eee7d1f03f21ab1523f47582eb2e,thermal_loss,lstm_ukf,physical,siso,False,9003,complete,,400,10.0,0.018764385028694857,0.011711112815894842,6.698931763619215e-05,0.0944844827152554,106.04342119550462,184.9369641980174,5.154375000000007,0.0032478371363093297,0.28296496254082437,0.2823537515570942,0.0018570950902490058,0,0,0,0,0,7.624679000400647,13.921949049836254,5.355992040000274
thermal_loss__lstm_ukf__physical__siso__1__9001,ff49d012db6101d7a6222e44b0428a4827a1eee7d1f03f21ab1523f47582eb2e,thermal_loss,lstm_ukf,physical,siso,True,9001,complete,,400,10.0,0.1520033051326757,0.14408824588722954,0.005072730046348539,1.1619333255125026,39.49195175772128,173.44512001521895,3.878749999999991,0.0034135574536185757,0.2363265459976892,0.2374072986186117,0.04478132145288616,0,0,12,12,12,6.828475500697095,14.2327664008917,4.846859380000751
thermal_loss__lstm_ukf__physical__siso__1__9002,ff49d012db6101d7a6222e44b0428a4827a1eee7d1f03f21ab1523f47582eb2e,thermal_loss,lstm_ukf,physical,siso,True,9002,complete,,400,10.0,0.15321492341313273,0.14649721895863674,0.005023214209488494,1.1669906188434376,37.757965073070885,173.4396953867182,3.6693749999999916,0.0032533659068644514,0.25218970535993296,0.25422990898375963,0.028918162090642408,0,0,13,13,13,7.278468000549765,14.154645100825288,4.823127612000462
thermal_loss__lstm_ukf__physical__siso__1__9003,ff49d012db6101d7a6222e44b0428a4827a1eee7d1f03f21ab1523f47582eb2e,thermal_loss,lstm_ukf,physical,siso,True,9003,complete,,400,10.0,0.15206061602909116,0.14552733058071515,0.004993359126404932,1.1636331950888674,37.88614595090263,173.3710583901785,3.7181249999999912,0.003258968751905032,0.25369633247764345,0.2555992093484062,0.027411534972931917,0,0,12,12,12,6.719497499943827,13.097962450501651,3.95351942400157
thermal_loss__nake__neural__mimo__0__9001,ff49d012db6101d7a6222e44b0428a4827a1eee7d1f03f21ab1523f47582eb2e,thermal_loss,nake,neural,mimo,False,9001,complete,,400,10.0,0.013461637243250195,0.005109293080505515,5.3749773975394296e-05,0.04441798031836342,48.779228570551155,172.32157890989043,4.885625000000003,0.0034428647846610006,0.2807981043195262,0.2816501991962427,0.00030976313104918995,0,0,0,0,0,54.52490749939898,79.39455055084181,23.131620632000704
thermal_loss__nake__neural__mimo__0__9002,ff49d012db6101d7a6222e44b0428a4827a1eee7d1f03f21ab1523f47582eb2e,thermal_loss,nake,neural,mimo,False,9002,complete,,400,10.0,0.011821952316450274,0.004294479471260502,4.602491077634392e-05,0.037017624595990124,48.285575215364744,171.7772880630979,4.895625000000003,0.003296841567121098,0.28059140575171254,0.28170390099141024,0.0005164616988628246,0,0,0,0,0,55.50022550050926,80.14412719912795,23.772993126000074
thermal_loss__nake__neural__mimo__0__9003,ff49d012db6101d7a6222e44b0428a4827a1eee7d1f03f21ab1523f47582eb2e,thermal_loss,nake,neural,mimo,False,9003,complete,,400,10.0,0.011355597515334923,0.004502175854343915,4.3060734065829373e-05,0.03867585093111542,48.823649906375515,171.47974660431103,4.875625000000003,0.003258092670817119,0.27992344053808843,0.2815563889418682,0.0011844269124869355,0,0,0,0,0,56.14016800063837,85.46321199864906,24.30595945299865
thermal_loss__nake__neural__mimo__1__9001,ff49d012db6101d7a6222e44b0428a4827a1eee7d1f03f21ab1523f47582eb2e,thermal_loss,nake,neural,mimo,True,9001,complete,,400,10.0,0.013427130707323542,0.005074778696215164,5.3657234393459027e-05,0.04416476091330967,48.5315501775658,172.32158156092902,4.885625000000003,0.0034418929803903603,0.28080378999224104,0.28165227676057675,0.00030407745833432864,0,0,0,0,0,55.21049500021036,80.879554400326,23.54030913600036
thermal_loss__nake__neural__mimo__1__9002,ff49d012db6101d7a6222e44b0428a4827a1eee7d1f03f21ab1523f47582eb2e,thermal_loss,nake,neural,mimo,True,9002,complete,,400,10.0,0.0118317079404162,0.004304508361760437,4.600373404160156e-05,0.03707650696547021,48.028475919263826,171.77728146473262,4.895625000000003,0.003296163662460093,0.2806011790191817,0.28170816256209297,0.0005066884313936759,0,0,0,0,0,54.76536650076014,81.15137385029807,23.871094811998773
thermal_loss__nake__neural__mimo__1__9003,ff49d012db6101d7a6222e44b0428a4827a1eee7d1f03f21ab1523f47582eb2e,thermal_loss,nake,neural,mimo,True,9003,complete,,400,10.0,0.011346729114994649,0.004493045092922454,4.306381664234498e-05,0.038599626313271025,48.481289076434045,171.47973146410837,4.875625000000003,0.0032567558617435034,0.2799393283457466,0.2815553108173189,0.0011685391048287808,0,0,0,0,0,55.057084500731435,79.39691455012506,23.483985220998875
thermal_loss__nake__neural__siso__0__9001,ff49d012db6101d7a6222e44b0428a4827a1eee7d1f03f21ab1523f47582eb2e,thermal_loss,nake,neural,siso,False,9001,complete,,400,10.0,0.016110709767903693,0.007654431933113592,6.09680180261018e-05,0.06551022319777106,101.01725807443361,183.11841259352582,5.163125000000006,0.003723246103911866,0.2799478645548821,0.2821437233106091,0.0011600028956932906,0,0,0,0,0,29.239296499326883,48.10694854904795,14.592642794999847
thermal_loss__nake__neural__siso__0__9002,ff49d012db6101d7a6222e44b0428a4827a1eee7d1f03f21ab1523f47582eb2e,thermal_loss,nake,neural,siso,False,9002,complete,,400,10.0,0.014055578119209095,0.006482554586351412,5.104601706056608e-05,0.05544186318503487,101.10675935592981,183.07367376599956,5.101875000000006,0.0035265800632966054,0.27985020384402415,0.28225469198473885,0.0012576636065512181,0,0,0,0,0,28.510127001027286,46.418416100095776,13.700086992001161
thermal_loss__nake__neural__siso__0__9003,ff49d012db6101d7a6222e44b0428a4827a1eee7d1f03f21ab1523f47582eb2e,thermal_loss,nake,neural,siso,False,9003,complete,,400,10.0,0.01350242190344504,0.006497984969793447,4.8843566861249814e-05,0.05598897288796685,100.5023296435025,183.49899242731811,5.163125000000006,0.003513528914301093,0.2792781493575217,0.2821982693636904,0.001829718093053656,0,0,0,0,0,29.095283999595267,47.75811809977313,14.580607804000465
thermal_loss__nake__neural__siso__1__9001,ff49d012db6101d7a6222e44b0428a4827a1eee7d1f03f21ab1523f47582eb2e,thermal_loss,nake,neural,siso,True,9001,complete,,400,10.0,0.17765570754498322,0.16963468921343394,0.006762331803185416,1.3568571479521139,28.42994483932186,173.56743275656788,2.7262499999999954,0.0037081289876798474,0.2318489481736758,0.23414486768281892,0.04925891927689957,0,0,14,14,13,26.153941500524525,49.28498354984184,12.670062448998578
thermal_loss__nake__neural__siso__1__9002,ff49d012db6101d7a6222e44b0428a4827a1eee7d1f03f21ab1523f47582eb2e,thermal_loss,nake,neural,siso,True,9002,complete,,400,10.0,0.17617041911630574,0.16913151633779466,0.006652479543020528,1.3503588231422003,27.777134237764663,172.70160717333434,2.5199999999999956,0.003521038268654612,0.23638755145858076,0.2386651160672582,0.04472031599199461,0,0,13,13,13,26.091938500030665,48.69638179952741,11.78619180699934
thermal_loss__nake__neural__siso__1__9003,ff49d012db6101d7a6222e44b0428a4827a1eee7d1f03f21ab1523f47582eb2e,thermal_loss,nake,neural,siso,True,9003,complete,,400,10.0,0.17255662208498027,0.16604739214851175,0.006443998096600333,1.3265043248648685,28.5637930363367,172.31737225734085,2.6312499999999965,0.0035062474976549395,0.23149025015705035,0.2344216332012745,0.04961761729352501,0,0,13,13,13,26.451700500729203,52.13068899956851,13.168918985000346
thermal_loss__nake__physical__mimo__0__9001,ff49d012db6101d7a6222e44b0428a4827a1eee7d1f03f21ab1523f47582eb2e,thermal_loss,nake,physical,mimo,False,9001,complete,,400,10.0,0.013493682974123889,0.0051465664264790534,5.374762128177803e-05,0.04477040093840638,48.821176951160176,172.31955036836595,4.885625000000003,0.0034430819727641333,0.28077890688203117,0.2816332145910876,0.00032896056854420097,0,0,0,0,0,11.547609500667022,15.099178249965915,6.177619064001192
thermal_loss__nake__physical__mimo__0__9002,ff49d012db6101d7a6222e44b0428a4827a1eee7d1f03f21ab1523f47582eb2e,thermal_loss,nake,physical,mimo,False,9002,complete,,400,10.0,0.011829239420334262,0.004307993622256695,4.59808796190123e-05,0.03720221795187211,48.32511534702764,171.77600731783429,4.895625000000003,0.0032970046163183202,0.2805718043707341,0.2816864714625922,0.0005360630798412758,0,0,0,0,0,14.403590499568963,19.383532249867116,7.355082981001033
thermal_loss__nake__physical__mimo__0__9003,ff49d012db6101d7a6222e44b0428a4827a1eee7d1f03f21ab1523f47582eb2e,thermal_loss,nake,physical,mimo,False,9003,complete,,400,10.0,0.011367721493034898,0.004520150147039268,4.3018778288315225e-05,0.038897176575775835,48.8647046373467,171.4774071653459,4.875625000000003,0.003258347483152343,0.27990489700053206,0.28154023285771784,0.0012029704500433058,0,0,0,0,0,14.267312999436399,23.241953849810667,7.57456401699892
thermal_loss__nake__physical__mimo__1__9001,ff49d012db6101d7a6222e44b0428a4827a1eee7d1f03f21ab1523f47582eb2e,thermal_loss,nake,physical,mimo,True,9001,complete,,400,10.0,0.013458974234738802,0.005112147108595771,5.365538905846272e-05,0.044519755099616545,48.56895188748031,172.31953113902523,4.885625000000003,0.00344209280487809,0.28078493133629057,0.2816354395154022,0.00032293611428479974,0,0,0,0,0,14.007107499310223,21.655180449670294,7.361842485999659
thermal_loss__nake__physical__mimo__1__9002,ff49d012db6101d7a6222e44b0428a4827a1eee7d1f03f21ab1523f47582eb2e,thermal_loss,nake,physical,mimo,True,9002,complete,,400,10.0,0.011838925989002382,0.004317602681399642,4.596184009632139e-05,0.03725869648360311,48.063135297421965,171.77597729234273,4.895625000000003,0.0032963035402477484,0.28058201637319985,0.2816909443480207,0.0005258510773755165,0,0,0,0,0,12.86630350023188,25.730765500611597,7.12523687599969
thermal_loss__nake__physical__mimo__1__9003,ff49d012db6101d7a6222e44b0428a4827a1eee7d1f03f21ab1523f47582eb2e,thermal_loss,nake,physical,mimo,True,9003,complete,,400,10.0,0.011358820545168362,0.004511200239062249,4.3022536983110954e-05,0.03882069457475665,48.51505613423681,171.47733729275188,4.875625000000003,0.003256973607229614,0.27992133873798364,0.2815392819144989,0.0011865287125917279,0,0,0,0,0,14.229102000172134,27.53643204932814,8.167861878000622
thermal_loss__nake__physical__siso__0__9001,ff49d012db6101d7a6222e44b0428a4827a1eee7d1f03f21ab1523f47582eb2e,thermal_loss,nake,physical,siso,False,9001,complete,,400,10.0,0.015230311124374576,0.006797588053297032,5.818575174139987e-05,0.05805849575603501,101.45718955778734,183.23963852437385,5.159375000000007,0.003715284758590158,0.2802523881970864,0.28240343359680076,0.0008554792534889444,0,0,0,0,0,7.115557499673741,12.792257749697441,4.751414587999534
thermal_loss__nake__physical__siso__0__9002,ff49d012db6101d7a6222e44b0428a4827a1eee7d1f03f21ab1523f47582eb2e,thermal_loss,nake,physical,siso,False,9002,complete,,400,10.0,0.013258974629142996,0.00571063364372328,4.900432310340262e-05,0.048541664960928876,101.54725826788687,183.1929072268408,5.100625000000006,0.003518859961902437,0.28015789120610035,0.28251690575636684,0.0009499762444750148,0,0,0,0,0,6.751525499566924,8.519415550472328,4.350916681998569
thermal_loss__nake__physical__siso__0__9003,ff49d012db6101d7a6222e44b0428a4827a1eee7d1f03f21ab1523f47582eb2e,thermal_loss,nake,physical,siso,False,9003,complete,,400,10.0,0.012880879002733575,0.005898139647239643,4.672534577541519e-05,0.050314297872864636,100.93153803460818,183.62454809071255,5.160625000000007,0.003505828127283957,0.27959880266764586,0.28247263783531185,0.0015090647829295034,0,0,0,0,0,6.9175094986348995,11.659711050197073,4.593109901001299
thermal_loss__nake__physical__siso__1__9001,ff49d012db6101d7a6222e44b0428a4827a1eee7d1f03f21ab1523f47582eb2e,thermal_loss,nake,physical,siso,True,9001,complete,,400,10.0,0.17653791658801712,0.16852506185284236,0.006657178980448854,1.3466091259542456,28.694781882861808,173.57243290965394,2.7524999999999955,0.0037094696903550296,0.23274449636598837,0.23495746613627286,0.04836337108458699,0,0,14,13,13,6.307757999820751,13.39625134914967,4.268695249000302
thermal_loss__nake__physical__siso__1__9002,ff49d012db6101d7a6222e44b0428a4827a1eee7d1f03f21ab1523f47582eb2e,thermal_loss,nake,physical,siso,True,9002,complete,,400,10.0,0.1759685715090725,0.16893740299362256,0.006637531683589668,1.3487822330220116,27.860634662101223,172.69423302128274,2.5237499999999957,0.0035212753819923877,0.23643748927994343,0.2387180134638325,0.044670378170631936,0,0,13,13,13,6.576922500244109,14.080582499445859,4.53270709500066
thermal_loss__nake__physical__siso__1__9003,ff49d012db6101d7a6222e44b0428a4827a1eee7d1f03f21ab1523f47582eb2e,thermal_loss,nake,physical,siso,True,9003,complete,,400,10.0,0.17243131760215716,0.16592679596102425,0.0064350640513641325,1.3255428785161807,28.614248540847328,172.30987549515874,2.6362499999999964,0.0035064042678855573,0.231502009072332,0.23443499807713905,0.049605858378243356,0,0,13,13,13,6.2107619996822905,13.476438498946656,4.5653573910003615
thermal_loss__ukf__neural__mimo__0__9001,ff49d012db6101d7a6222e44b0428a4827a1eee7d1f03f21ab1523f47582eb2e,thermal_loss,ukf,neural,mimo,False,9001,complete,,400,10.0,0.060669603786239056,0.052228727664532494,0.0006458911138978509,0.41797666593532995,96.6660145096053,182.35887825870773,4.884375000000003,0.00784101409218455,0.2938314236779163,0.2820311956020528,0.012723556227340949,0,0,0,0,0,56.04957749983441,81.09307234944933,24.152622409001197
thermal_loss__ukf__neural__mimo__0__9002,ff49d012db6101d7a6222e44b0428a4827a1eee7d1f03f21ab1523f47582eb2e,thermal_loss,ukf,neural,mimo,False,9002,complete,,400,10.0,0.061368710774374086,0.05378335782700289,0.0006738449753449118,0.42837555296399227,96.40946597228474,182.3453777745927,4.895625000000003,0.00799104586648357,0.2937001158759408,0.2820590224956841,0.012592248425365438,0,0,0,0,0,56.258301499838126,82.5834521006982,24.155276262999905
thermal_loss__ukf__neural__mimo__0__9003,ff49d012db6101d7a6222e44b0428a4827a1eee7d1f03f21ab1523f47582eb2e,thermal_loss,ukf,neural,mimo,False,9003,complete,,400,10.0,0.059742936469202625,0.05266705984803618,0.0006538278146355819,0.4202827063496333,96.30654491906027,182.685465741688,4.876875000000003,0.007881839497346405,0.2935422144158808,0.2820366774186893,0.012434346965305432,0,0,0,0,0,56.8398924997382,84.27097575086007,24.464359326000704
thermal_loss__ukf__neural__mimo__1__9001,ff49d012db6101d7a6222e44b0428a4827a1eee7d1f03f21ab1523f47582eb2e,thermal_loss,ukf,neural,mimo,True,9001,complete,,400,10.0,0.060670118104475056,0.05222942875689127,0.0006459063599006048,0.41798148805603397,96.66596649382663,182.35886194749423,4.884375000000003,0.007841028090670926,0.29383127979927887,0.2820310283151809,0.0127234123487035,0,0,0,0,0,55.7715744998859,80.57409569946674,23.66121679800017
thermal_loss__ukf__neural__mimo__1__9002,ff49d012db6101d7a6222e44b0428a4827a1eee7d1f03f21ab1523f47582eb2e,thermal_loss,ukf,neural,mimo,True,9002,complete,,400,10.0,0.061369409648841244,0.053783696360572175,0.0006738567931690852,0.4283795102579531,96.40989607398959,182.34529668469438,4.895625000000003,0.007991049822079141,0.293700062787358,0.28205902586955217,0.01259219533678263,0,0,0,0,0,55.18218750057713,83.13839234924669,23.78428338500089
thermal_loss__ukf__neural__mimo__1__9003,ff49d012db6101d7a6222e44b0428a4827a1eee7d1f03f21ab1523f47582eb2e,thermal_loss,ukf,neural,mimo,True,9003,complete,,400,10.0,0.05974343836756478,0.052667428647643955,0.0006538359136748456,0.42028521886633247,96.30681287484441,182.68517887869157,4.876875000000003,0.007881843549653853,0.29354207269111227,0.28203650009792436,0.0124342052405369,0,0,0,0,0,54.219182999986515,72.7266084495567,22.86828198600051
thermal_loss__ukf__neural__siso__0__9001,ff49d012db6101d7a6222e44b0428a4827a1eee7d1f03f21ab1523f47582eb2e,thermal_loss,ukf,neural,siso,False,9001,complete,,400,10.0,0.06046140242891941,0.052015030233239716,0.0006418592639866205,0.4159995506432113,123.14391950870242,188.48971629664615,5.164375000000007,0.007850687870981395,0.2936339566264649,0.2819425439524183,0.012526089175889543,0,0,0,0,0,28.118369000367238,43.934909149811524,12.94604952500049
thermal_loss__ukf__neural__siso__0__9002,ff49d012db6101d7a6222e44b0428a4827a1eee7d1f03f21ab1523f47582eb2e,thermal_loss,ukf,neural,siso,False,9002,complete,,400,10.0,0.061183559983598874,0.05361396731231075,0.000671017559141619,0.4267646936048416,123.34343399756867,188.47756818570718,5.101875000000006,0.008011302813940847,0.2935201879919435,0.2819747679691639,0.01241232054136815,0,0,0,0,0,27.78088149989344,43.712846850030466,12.662080405998495
thermal_loss__ukf__neural__siso__0__9003,ff49d012db6101d7a6222e44b0428a4827a1eee7d1f03f21ab1523f47582eb2e,thermal_loss,ukf,neural,siso,False,9003,complete,,400,10.0,0.05949808995751585,0.05248272988890228,0.0006502644926037945,0.41855081181608206,122.44974213883208,188.88893489103873,5.168125000000007,0.007896823501384041,0.29336007815551574,0.2819838490736098,0.01225221070494037,0,0,0,0,0,27.83689650004817,38.52582135123156,12.551489939000021
thermal_loss__ukf__neural__siso__1__9001,ff49d012db6101d7a6222e44b0428a4827a1eee7d1f03f21ab1523f47582eb2e,thermal_loss,ukf,neural,siso,True,9001,complete,,400,10.0,0.02070922792122609,0.012684460723399885,0.00010264060493365236,0.08975078705126684,106.94040398704482,183.7261077139874,5.028125000000005,0.007282325353781607,0.28141920868145187,0.27122096498431253,0.0003113412308765051,0,0,0,0,0,24.811433500872226,38.779648050331126,11.160784513998806
thermal_loss__ukf__neural__siso__1__9002,ff49d012db6101d7a6222e44b0428a4827a1eee7d1f03f21ab1523f47582eb2e,thermal_loss,ukf,neural,siso,True,9002,complete,,400,10.0,0.02114207372087863,0.014099637867835808,0.000102285903191264,0.09912828472292048,106.98305805532397,183.83242184033483,4.895625000000003,0.007427739939472165,0.2811696647574981,0.27108460890648917,6.179730692273955e-05,0,0,0,0,0,25.447199999689474,45.47152030045253,11.404556223000327
thermal_loss__ukf__neural__siso__1__9003,ff49d012db6101d7a6222e44b0428a4827a1eee7d1f03f21ab1523f47582eb2e,thermal_loss,ukf,neural,siso,True,9003,complete,,400,10.0,0.02063782907855574,0.014107507591803778,0.00010036949905208748,0.09940861572028417,106.49042332857715,183.99048242045407,4.875625000000003,0.0073206613800612256,0.28075755014562265,0.27085091117435867,0.0003503173049527186,0,0,0,0,0,25.86620550027874,41.378813949722776,11.326413538001361
thermal_loss__ukf__physical__mimo__0__9001,ff49d012db6101d7a6222e44b0428a4827a1eee7d1f03f21ab1523f47582eb2e,thermal_loss,ukf,physical,mimo,False,9001,complete,,400,10.0,0.06061498780764779,0.05217913589236195,0.0006447092841685644,0.4175836047269491,96.66317831321655,182.35751633328073,4.884375000000003,0.007840191818925748,0.2938197684485035,0.2820211302386533,0.012711900997928127,0,0,0,0,0,14.090143999055726,24.288954948951858,7.559127140999408
thermal_loss__ukf__physical__mimo__0__9002,ff49d012db6101d7a6222e44b0428a4827a1eee7d1f03f21ab1523f47582eb2e,thermal_loss,ukf,physical,mimo,False,9002,complete,,400,10.0,0.061313220743262606,0.05373350989445006,0.0006726358296205363,0.4279809642515577,96.40483945365172,182.3439289852839,4.895625000000003,0.007990221506934276,0.2936887593322405,0.28204926322611806,0.012580891881665113,0,0,0,0,0,14.2855634994703,26.005430249006164,7.875199247000637
thermal_loss__ukf__physical__mimo__0__9003,ff49d012db6101d7a6222e44b0428a4827a1eee7d1f03f21ab1523f47582eb2e,thermal_loss,ukf,physical,mimo,False,9003,complete,,400,10.0,0.05968785014219511,0.05261776621522033,0.0006526427630710714,0.4198912712430284,96.30500022292794,182.6841177154728,4.876875000000003,0.00788100466264487,0.2935304636821297,0.2820264428054884,0.01242259623155434,0,0,0,0,0,14.517031499963196,25.79742079906282,7.983837765001226
thermal_loss__ukf__physical__mimo__1__9001,ff49d012db6101d7a6222e44b0428a4827a1eee7d1f03f21ab1523f47582eb2e,thermal_loss,ukf,physical,mimo,True,9001,complete,,400,10.0,0.06061503045615239,0.05217944201558963,0.0006447156375873838,0.4175849268179968,96.66302699435342,182.3574631430135,4.884375000000003,0.00784019864047706,0.29381975237096114,0.2820210982053213,0.012711884920385774,0,0,0,0,0,14.27506250092847,24.98097509869694,7.6050676989998465
thermal_loss__ukf__physical__mimo__1__9002,ff49d012db6101d7a6222e44b0428a4827a1eee7d1f03f21ab1523f47582eb2e,thermal_loss,ukf,physical,mimo,True,9002,complete,,400,10.0,0.06131254037984139,0.05373331694263217,0.0006726295907115153,0.42797879596223193,96.40498014086022,182.3438928460681,4.895625000000003,0.007990221305901612,0.29368804085983785,0.28204841175015355,0.012580173409262485,0,0,0,0,0,14.41188850094477,25.747956700615756,7.9657218440006545
thermal_loss__ukf__physical__mimo__1__9003,ff49d012db6101d7a6222e44b0428a4827a1eee7d1f03f21ab1523f47582eb2e,thermal_loss,ukf,physical,mimo,True,9003,complete,,400,10.0,0.059688666177644664,0.05261844805839147,0.0006526572310865262,0.41989679310820616,96.30524421176256,182.6841170609944,4.876875000000003,0.007881012519091679,0.29353040179594253,0.28202628381235845,0.012422534345367164,0,0,0,0,0,14.271952999479254,25.119811900822235,7.885767181000119
thermal_loss__ukf__physical__siso__0__9001,ff49d012db6101d7a6222e44b0428a4827a1eee7d1f03f21ab1523f47582eb2e,thermal_loss,ukf,physical,siso,False,9001,complete,,400,10.0,0.060578767163827076,0.052154908811433795,0.0006451958312839644,0.4172301587053362,123.18745121946564,188.51272857536614,5.160625000000007,0.007852818901088554,0.29369565655890617,0.281996709991734,0.012587789108330805,0,0,0,0,0,7.791401500071515,11.840527550975818,5.216994241998691
thermal_loss__ukf__physical__siso__0__9002,ff49d012db6101d7a6222e44b0428a4827a1eee7d1f03f21ab1523f47582eb2e,thermal_loss,ukf,physical,siso,False,9002,complete,,400,10.0,0.061301537763746604,0.05375573379514758,0.0006745283267657998,0.42800951899881073,123.38674255979667,188.4996930920254,5.100625000000006,0.008013476853588863,0.2935817574418115,0.2820288785859214,0.012473889991236109,0,0,0,0,0,7.882914000219898,12.449008950079586,5.304383400000006
thermal_loss__ukf__physical__siso__0__9003,ff49d012db6101d7a6222e44b0428a4827a1eee7d1f03f21ab1523f47582eb2e,thermal_loss,ukf,physical,siso,False,9003,complete,,400,10.0,0.05961113877621879,0.05261668122793563,0.0006535717561984006,0.419746348182836,122.49091712316144,188.91254020325061,5.165625000000007,0.007898893128696011,0.29342460504511336,0.2820411575214221,0.012316737594537996,0,0,0,0,0,7.3463700000502286,12.646908449642066,5.1141695080004865
thermal_loss__ukf__physical__siso__1__9001,ff49d012db6101d7a6222e44b0428a4827a1eee7d1f03f21ab1523f47582eb2e,thermal_loss,ukf,physical,siso,True,9001,complete,,400,10.0,0.020731548380729974,0.012714143478624403,0.00010277676094294333,0.08995989756541117,106.95961959709763,183.7331195139582,5.031875000000005,0.007283038195444477,0.2814375186660599,0.2712367059229646,0.000329651215484561,0,0,0,0,0,6.714554499922087,12.76709799976743,4.563019544999406
thermal_loss__ukf__physical__siso__1__9002,ff49d012db6101d7a6222e44b0428a4827a1eee7d1f03f21ab1523f47582eb2e,thermal_loss,ukf,physical,siso,True,9002,complete,,400,10.0,0.021161279704846683,0.01412596136333095,0.00010248292153501546,0.09930245434744063,107.00215297062334,183.83839359607765,4.895625000000003,0.007428456929767002,0.28118787234582215,0.27110067804765337,8.0004895246788e-05,0,0,0,0,0,6.425708999813651,11.807756651433008,4.367802979000771
thermal_loss__ukf__physical__siso__1__9003,ff49d012db6101d7a6222e44b0428a4827a1eee7d1f03f21ab1523f47582eb2e,thermal_loss,ukf,physical,siso,True,9003,complete,,400,10.0,0.020656658242029165,0.0141309427046341,0.0001005773362231748,0.09956963929849874,106.50998943493282,183.99725671332695,4.893125000000003,0.007321389842748413,0.2807761281916337,0.2708670271187483,0.00033173925894164347,0,0,0,0,0,6.625986499784631,11.86286609945455,4.4098544899989065
