case,color,time_h,xEB,resolution_per_pixel,source_page
startup,black,0.0,,0.0020050125313283208,53
startup,black,0.01,0.0101734335839599,0.0020050125313283208,53
startup,black,0.02,0.014183458646616541,0.0020050125313283208,53
startup,black,0.03,0.018023308270676688,0.0020050125313283208,53
startup,black,0.04,0.028667669172932328,0.0020050125313283208,53
startup,black,0.05,0.039312030075187965,0.0020050125313283208,53
startup,black,0.06,0.05034586466165413,0.0020050125313283208,53
startup,black,0.07,0.06324812030075189,0.0020050125313283208,53
startup,black,0.08,0.07615037593984963,0.0020050125313283208,53
startup,black,0.09,0.08905263157894737,0.0020050125313283208,53
startup,black,0.1,0.10195488721804513,0.0020050125313283208,53
startup,black,0.11,0.11485714285714287,0.0020050125313283208,53
startup,black,0.12,0.1277593984962406,0.0020050125313283208,53
startup,black,0.13,0.14012724117987277,0.0020050125313283208,53
startup,black,0.14,0.15005205320994797,0.0020050125313283208,53
startup,black,0.15,0.15997686524002314,0.0020050125313283208,53
startup,black,0.16,0.1699016772700983,0.0020050125313283208,53
startup,black,0.17,0.1798264893001735,0.0020050125313283208,53
startup,black,0.18,0.18847117794486215,0.0020050125313283208,53
startup,black,0.19,0.1949233082706767,0.0020050125313283208,53
startup,black,0.2,0.2059949874686717,0.0020050125313283208,53
startup,black,0.21,0.21158295739348373,0.0020050125313283208,53
startup,black,0.22,0.2137904761904762,0.0020050125313283208,53
startup,black,0.23,0.2197513784461153,0.0020050125313283208,53
startup,black,0.24,0.22310977443609023,0.0020050125313283208,53
startup,black,0.25,0.22791979949874686,0.0020050125313283208,53
startup,black,0.26,0.2305002506265664,0.0020050125313283208,53
startup,black,0.27,0.2335839598997494,0.0020050125313283208,53
startup,black,0.28,0.23566115288220552,0.0020050125313283208,53
startup,black,0.29,0.23759398496240602,0.0020050125313283208,53
startup,black,0.3,0.23981954887218046,0.0020050125313283208,53
startup,black,0.31,0.24160401002506268,0.0020050125313283208,53
startup,black,0.32,0.2439779448621554,0.0020050125313283208,53
startup,black,0.33,0.2456140350877193,0.0020050125313283208,53
startup,black,0.34,0.24661654135338346,0.0020050125313283208,53
startup,black,0.35000000000000003,0.24761904761904763,0.0020050125313283208,53
startup,black,0.36,0.24862155388471177,0.0020050125313283208,53
startup,black,0.37,0.24962406015037597,0.0020050125313283208,53
startup,black,0.38,0.2506265664160401,0.0020050125313283208,53
startup,black,0.39,0.25101353383458647,0.0020050125313283208,53
startup,black,0.4,0.25162907268170426,0.0020050125313283208,53
startup,black,0.41000000000000003,0.25263157894736843,0.0020050125313283208,53
startup,black,0.42,0.25273984962406015,0.0020050125313283208,53
startup,black,0.43,0.2536340852130326,0.0020050125313283208,53
startup,black,0.44,0.2546365914786967,0.0020050125313283208,53
startup,black,0.45,0.2546365914786967,0.0020050125313283208,53
startup,black,0.46,0.2546365914786967,0.0020050125313283208,53
startup,black,0.47000000000000003,0.2546365914786967,0.0020050125313283208,53
startup,black,0.48,0.2546365914786967,0.0020050125313283208,53
startup,black,0.49,0.2556706766917294,0.0020050125313283208,53
startup,black,0.5,0.2563157894736842,0.0020050125313283208,53
startup,black,0.51,0.25664160401002506,0.0020050125313283208,53
startup,black,0.52,0.25664160401002506,0.0020050125313283208,53
startup,black,0.53,0.25664160401002506,0.0020050125313283208,53
startup,black,0.54,0.25664160401002506,0.0020050125313283208,53
startup,black,0.55,0.25664160401002506,0.0020050125313283208,53
startup,black,0.56,0.25764411027568923,0.0020050125313283208,53
startup,black,0.5700000000000001,0.2586466165413534,0.0020050125313283208,53
startup,black,0.58,0.2586466165413534,0.0020050125313283208,53
startup,black,0.59,0.2586466165413534,0.0020050125313283208,53
startup,black,0.6,0.2586466165413534,0.0020050125313283208,53
startup,black,0.61,0.2586466165413534,0.0020050125313283208,53
startup,black,0.62,0.2586466165413534,0.0020050125313283208,53
startup,black,0.63,0.2586466165413534,0.0020050125313283208,53
startup,black,0.64,0.2586466165413534,0.0020050125313283208,53
startup,black,0.65,0.25895739348370933,0.0020050125313283208,53
startup,black,0.66,0.2596491228070176,0.0020050125313283208,53
startup,black,0.67,0.2606516290726817,0.0020050125313283208,53
startup,black,0.68,0.2606516290726817,0.0020050125313283208,53
startup,black,0.6900000000000001,0.2606516290726817,0.0020050125313283208,53
startup,black,0.7000000000000001,0.2606516290726817,0.0020050125313283208,53
startup,black,0.71,0.2606516290726817,0.0020050125313283208,53
startup,black,0.72,0.2606516290726817,0.0020050125313283208,53
startup,black,0.73,0.2606516290726817,0.0020050125313283208,53
startup,black,0.74,0.2606516290726817,0.0020050125313283208,53
startup,black,0.75,0.2606516290726817,0.0020050125313283208,53
startup,black,0.76,0.2606516290726817,0.0020050125313283208,53
startup,black,0.77,0.2606516290726817,0.0020050125313283208,53
startup,black,0.78,0.2606516290726817,0.0020050125313283208,53
startup,black,0.79,0.2606516290726817,0.0020050125313283208,53
startup,black,0.8,0.2606516290726817,0.0020050125313283208,53
startup,black,0.81,0.26165413533834586,0.0020050125313283208,53
startup,black,0.8200000000000001,0.26265664160401003,0.0020050125313283208,53
startup,black,0.8300000000000001,0.26265664160401003,0.0020050125313283208,53
startup,black,0.84,0.26265664160401003,0.0020050125313283208,53
startup,black,0.85,0.26265664160401003,0.0020050125313283208,53
startup,black,0.86,0.26265664160401003,0.0020050125313283208,53
startup,black,0.87,0.26265664160401003,0.0020050125313283208,53
startup,black,0.88,0.26265664160401003,0.0020050125313283208,53
startup,black,0.89,0.26265664160401003,0.0020050125313283208,53
startup,black,0.9,0.26265664160401003,0.0020050125313283208,53
startup,black,0.91,0.26265664160401003,0.0020050125313283208,53
startup,black,0.92,0.26265664160401003,0.0020050125313283208,53
startup,black,0.93,0.26265664160401003,0.0020050125313283208,53
startup,black,0.9400000000000001,0.26265664160401003,0.0020050125313283208,53
startup,black,0.9500000000000001,0.2636591478696742,0.0020050125313283208,53
startup,black,0.96,0.2646616541353383,0.0020050125313283208,53
startup,black,0.97,0.2646616541353383,0.0020050125313283208,53
startup,black,0.98,0.2646616541353383,0.0020050125313283208,53
startup,black,0.99,0.2646616541353383,0.0020050125313283208,53
startup,black,1.0,0.2646616541353383,0.0020050125313283208,53
startup,black,1.01,0.2646616541353383,0.0020050125313283208,53
startup,black,1.02,0.2646616541353383,0.0020050125313283208,53
startup,black,1.03,0.2646616541353383,0.0020050125313283208,53
startup,black,1.04,0.2646616541353383,0.0020050125313283208,53
startup,black,1.05,0.2646616541353383,0.0020050125313283208,53
startup,black,1.06,0.2646616541353383,0.0020050125313283208,53
startup,black,1.07,0.2646616541353383,0.0020050125313283208,53
startup,black,1.08,0.2646616541353383,0.0020050125313283208,53
startup,black,1.09,0.26566416040100255,0.0020050125313283208,53
startup,black,1.1,0.26666666666666666,0.0020050125313283208,53
startup,black,1.11,0.26666666666666666,0.0020050125313283208,53
startup,black,1.12,0.26666666666666666,0.0020050125313283208,53
startup,black,1.1300000000000001,0.26666666666666666,0.0020050125313283208,53
startup,black,1.1400000000000001,0.26666666666666666,0.0020050125313283208,53
startup,black,1.1500000000000001,0.26666666666666666,0.0020050125313283208,53
startup,black,1.16,0.26666666666666666,0.0020050125313283208,53
startup,black,1.17,0.26666666666666666,0.0020050125313283208,53
startup,black,1.18,0.26666666666666666,0.0020050125313283208,53
startup,black,1.19,0.26666666666666666,0.0020050125313283208,53
startup,black,1.2,0.26666666666666666,0.0020050125313283208,53
startup,black,1.21,0.26666666666666666,0.0020050125313283208,53
startup,black,1.22,0.26666666666666666,0.0020050125313283208,53
startup,black,1.23,0.26666666666666666,0.0020050125313283208,53
startup,black,1.24,0.26666666666666666,0.0020050125313283208,53
startup,black,1.25,0.26666666666666666,0.0020050125313283208,53
startup,black,1.26,0.26699147869674184,0.0020050125313283208,53
startup,black,1.27,0.26766917293233083,0.0020050125313283208,53
startup,black,1.28,0.268671679197995,0.0020050125313283208,53
startup,black,1.29,0.268671679197995,0.0020050125313283208,53
startup,black,1.3,0.268671679197995,0.0020050125313283208,53
startup,black,1.31,0.268671679197995,0.0020050125313283208,53
startup,black,1.32,0.268671679197995,0.0020050125313283208,53
startup,black,1.33,0.268671679197995,0.0020050125313283208,53
startup,black,1.34,0.268671679197995,0.0020050125313283208,53
startup,black,1.35,0.268671679197995,0.0020050125313283208,53
startup,black,1.36,0.268671679197995,0.0020050125313283208,53
startup,black,1.37,0.268671679197995,0.0020050125313283208,53
startup,black,1.3800000000000001,0.268671679197995,0.0020050125313283208,53
startup,black,1.3900000000000001,0.268671679197995,0.0020050125313283208,53
startup,black,1.4000000000000001,0.268671679197995,0.0020050125313283208,53
startup,black,1.41,0.268671679197995,0.0020050125313283208,53
startup,black,1.42,0.268671679197995,0.0020050125313283208,53
startup,black,1.43,0.268671679197995,0.0020050125313283208,53
startup,black,1.44,0.268671679197995,0.0020050125313283208,53
startup,black,1.45,0.2696741854636592,0.0020050125313283208,53
startup,black,1.46,0.2706766917293233,0.0020050125313283208,53
startup,black,1.47,0.2706766917293233,0.0020050125313283208,53
startup,black,1.48,0.2706766917293233,0.0020050125313283208,53
startup,black,1.49,0.2706766917293233,0.0020050125313283208,53
startup,black,1.5,0.2706766917293233,0.0020050125313283208,53
startup,black,1.51,0.2706766917293233,0.0020050125313283208,53
startup,black,1.52,0.2706766917293233,0.0020050125313283208,53
startup,black,1.53,0.2706766917293233,0.0020050125313283208,53
startup,black,1.54,0.2706766917293233,0.0020050125313283208,53
startup,black,1.55,0.2706766917293233,0.0020050125313283208,53
startup,black,1.56,0.2706766917293233,0.0020050125313283208,53
startup,black,1.57,0.2706766917293233,0.0020050125313283208,53
startup,black,1.58,0.2706766917293233,0.0020050125313283208,53
startup,black,1.59,0.2706766917293233,0.0020050125313283208,53
startup,black,1.6,0.2706766917293233,0.0020050125313283208,53
startup,black,1.61,0.2706766917293233,0.0020050125313283208,53
startup,black,1.62,0.2706766917293233,0.0020050125313283208,53
startup,black,1.6300000000000001,0.2706766917293233,0.0020050125313283208,53
startup,black,1.6400000000000001,0.27167919799498746,0.0020050125313283208,53
startup,black,1.6500000000000001,0.27268170426065164,0.0020050125313283208,53
startup,black,1.6600000000000001,0.27268170426065164,0.0020050125313283208,53
startup,black,1.67,0.27268170426065164,0.0020050125313283208,53
startup,black,1.68,0.27268170426065164,0.0020050125313283208,53
startup,black,1.69,0.27268170426065164,0.0020050125313283208,53
startup,black,1.7,0.27268170426065164,0.0020050125313283208,53
startup,black,1.71,0.27268170426065164,0.0020050125313283208,53
startup,black,1.72,0.27268170426065164,0.0020050125313283208,53
startup,black,1.73,0.27268170426065164,0.0020050125313283208,53
startup,black,1.74,0.27268170426065164,0.0020050125313283208,53
startup,black,1.75,0.27268170426065164,0.0020050125313283208,53
startup,black,1.76,0.27268170426065164,0.0020050125313283208,53
startup,black,1.77,0.27268170426065164,0.0020050125313283208,53
startup,black,1.78,0.27268170426065164,0.0020050125313283208,53
startup,black,1.79,0.27268170426065164,0.0020050125313283208,53
startup,black,1.8,0.27268170426065164,0.0020050125313283208,53
startup,black,1.81,0.27268170426065164,0.0020050125313283208,53
startup,black,1.82,0.27268170426065164,0.0020050125313283208,53
startup,black,1.83,0.27268170426065164,0.0020050125313283208,53
startup,black,1.84,0.27268170426065164,0.0020050125313283208,53
startup,black,1.85,0.27268170426065164,0.0020050125313283208,53
startup,black,1.86,0.27268170426065164,0.0020050125313283208,53
startup,black,1.87,0.2736842105263158,0.0020050125313283208,53
startup,black,1.8800000000000001,0.2746867167919799,0.0020050125313283208,53
startup,black,1.8900000000000001,0.2746867167919799,0.0020050125313283208,53
startup,black,1.9000000000000001,0.2746867167919799,0.0020050125313283208,53
startup,black,1.9100000000000001,0.2746867167919799,0.0020050125313283208,53
startup,black,1.92,0.2746867167919799,0.0020050125313283208,53
startup,black,1.93,0.2746867167919799,0.0020050125313283208,53
startup,black,1.94,0.2746867167919799,0.0020050125313283208,53
startup,black,1.95,0.2746867167919799,0.0020050125313283208,53
startup,black,1.96,0.2746867167919799,0.0020050125313283208,53
startup,black,1.97,0.2746867167919799,0.0020050125313283208,53
startup,black,1.98,0.2746867167919799,0.0020050125313283208,53
startup,black,1.99,0.2746867167919799,0.0020050125313283208,53
startup,black,2.0,0.2746867167919799,0.0020050125313283208,53
startup,black,2.0100000000000002,0.2746867167919799,0.0020050125313283208,53
startup,black,2.02,0.2746867167919799,0.0020050125313283208,53
startup,black,2.0300000000000002,0.2746867167919799,0.0020050125313283208,53
startup,black,2.04,0.2746867167919799,0.0020050125313283208,53
startup,black,2.05,0.2746867167919799,0.0020050125313283208,53
startup,black,2.06,0.2746867167919799,0.0020050125313283208,53
startup,black,2.07,0.2746867167919799,0.0020050125313283208,53
startup,black,2.08,0.2746867167919799,0.0020050125313283208,53
startup,black,2.09,0.2746867167919799,0.0020050125313283208,53
startup,black,2.1,0.2746867167919799,0.0020050125313283208,53
startup,black,2.11,0.2746867167919799,0.0020050125313283208,53
startup,black,2.12,0.2746867167919799,0.0020050125313283208,53
startup,black,2.13,0.2749493734335839,0.0020050125313283208,53
startup,black,2.14,0.27568922305764415,0.0020050125313283208,53
startup,black,2.15,0.27669172932330827,0.0020050125313283208,53
startup,black,2.16,0.27669172932330827,0.0020050125313283208,53
startup,black,2.17,0.27669172932330827,0.0020050125313283208,53
startup,black,2.18,0.27669172932330827,0.0020050125313283208,53
startup,black,2.19,0.27669172932330827,0.0020050125313283208,53
startup,black,2.2,0.27669172932330827,0.0020050125313283208,53
startup,black,2.21,0.27669172932330827,0.0020050125313283208,53
startup,black,2.22,0.27669172932330827,0.0020050125313283208,53
startup,black,2.23,0.27669172932330827,0.0020050125313283208,53
startup,black,2.24,0.27669172932330827,0.0020050125313283208,53
startup,black,2.25,0.27669172932330827,0.0020050125313283208,53
startup,black,2.2600000000000002,0.27669172932330827,0.0020050125313283208,53
startup,black,2.27,0.27669172932330827,0.0020050125313283208,53
startup,black,2.2800000000000002,0.27669172932330827,0.0020050125313283208,53
startup,black,2.29,0.27669172932330827,0.0020050125313283208,53
startup,black,2.3000000000000003,0.27669172932330827,0.0020050125313283208,53
startup,black,2.31,0.27669172932330827,0.0020050125313283208,53
startup,black,2.32,0.27669172932330827,0.0020050125313283208,53
startup,black,2.33,0.27669172932330827,0.0020050125313283208,53
startup,black,2.34,0.27669172932330827,0.0020050125313283208,53
startup,black,2.35,0.27669172932330827,0.0020050125313283208,53
startup,black,2.36,0.27669172932330827,0.0020050125313283208,53
startup,black,2.37,0.27669172932330827,0.0020050125313283208,53
startup,black,2.38,0.27669172932330827,0.0020050125313283208,53
startup,black,2.39,0.27669172932330827,0.0020050125313283208,53
startup,black,2.4,0.27669172932330827,0.0020050125313283208,53
startup,black,2.41,0.27669172932330827,0.0020050125313283208,53
startup,black,2.42,0.27669172932330827,0.0020050125313283208,53
startup,black,2.43,0.27669172932330827,0.0020050125313283208,53
startup,black,2.44,0.27669172932330827,0.0020050125313283208,53
startup,black,2.45,0.27669172932330827,0.0020050125313283208,53
startup,black,2.46,0.27669172932330827,0.0020050125313283208,53
startup,black,2.47,0.27669172932330827,0.0020050125313283208,53
startup,black,2.48,0.27669172932330827,0.0020050125313283208,53
startup,black,2.49,0.27669172932330827,0.0020050125313283208,53
startup,black,2.5,0.27731829573934835,0.0020050125313283208,53
startup,black,2.5100000000000002,0.27769423558897244,0.0020050125313283208,53
startup,black,2.52,0.2786967418546366,0.0020050125313283208,53
startup,black,2.5300000000000002,0.2786967418546366,0.0020050125313283208,53
startup,black,2.54,0.2786967418546366,0.0020050125313283208,53
startup,black,2.5500000000000003,0.2786967418546366,0.0020050125313283208,53
startup,black,2.56,0.2786967418546366,0.0020050125313283208,53
startup,black,2.57,0.2786967418546366,0.0020050125313283208,53
startup,black,2.58,0.2786967418546366,0.0020050125313283208,53
startup,black,2.59,0.2786967418546366,0.0020050125313283208,53
startup,black,2.6,0.2786967418546366,0.0020050125313283208,53
startup,black,2.61,0.2786967418546366,0.0020050125313283208,53
startup,black,2.62,0.2786967418546366,0.0020050125313283208,53
startup,black,2.63,0.2786967418546366,0.0020050125313283208,53
startup,black,2.64,0.2786967418546366,0.0020050125313283208,53
startup,black,2.65,0.2786967418546366,0.0020050125313283208,53
startup,black,2.66,0.2786967418546366,0.0020050125313283208,53
startup,black,2.67,0.2786967418546366,0.0020050125313283208,53
startup,black,2.68,0.2786967418546366,0.0020050125313283208,53
startup,black,2.69,0.2786967418546366,0.0020050125313283208,53
startup,black,2.7,0.2786967418546366,0.0020050125313283208,53
startup,black,2.71,0.2786967418546366,0.0020050125313283208,53
startup,black,2.72,0.2786967418546366,0.0020050125313283208,53
startup,black,2.73,0.2786967418546366,0.0020050125313283208,53
startup,black,2.74,0.2786967418546366,0.0020050125313283208,53
startup,black,2.75,0.2786967418546366,0.0020050125313283208,53
startup,black,2.7600000000000002,0.2786967418546366,0.0020050125313283208,53
startup,black,2.77,0.2786967418546366,0.0020050125313283208,53
startup,black,2.7800000000000002,0.2786967418546366,0.0020050125313283208,53
startup,black,2.79,0.2786967418546366,0.0020050125313283208,53
startup,black,2.8000000000000003,0.2786967418546366,0.0020050125313283208,53
startup,black,2.81,0.2786967418546366,0.0020050125313283208,53
startup,black,2.82,0.2786967418546366,0.0020050125313283208,53
startup,black,2.83,0.2786967418546366,0.0020050125313283208,53
startup,black,2.84,0.2786967418546366,0.0020050125313283208,53
startup,black,2.85,0.2786967418546366,0.0020050125313283208,53
startup,black,2.86,0.2786967418546366,0.0020050125313283208,53
startup,black,2.87,0.2786967418546366,0.0020050125313283208,53
startup,black,2.88,0.2786967418546366,0.0020050125313283208,53
startup,black,2.89,0.2786967418546366,0.0020050125313283208,53
startup,black,2.9,0.2786967418546366,0.0020050125313283208,53
startup,black,2.91,0.2786967418546366,0.0020050125313283208,53
startup,black,2.92,0.2786967418546366,0.0020050125313283208,53
startup,black,2.93,0.2786967418546366,0.0020050125313283208,53
startup,black,2.94,0.2786967418546366,0.0020050125313283208,53
startup,black,2.95,0.2786967418546366,0.0020050125313283208,53
startup,black,2.96,0.2786967418546366,0.0020050125313283208,53
startup,black,2.97,0.2786967418546366,0.0020050125313283208,53
startup,black,2.98,0.2786967418546366,0.0020050125313283208,53
startup,black,2.99,0.2786967418546366,0.0020050125313283208,53
startup,black,3.0,0.2786967418546366,0.0020050125313283208,53
startup,black,3.0100000000000002,0.2786967418546366,0.0020050125313283208,53
startup,black,3.02,0.2786967418546366,0.0020050125313283208,53
startup,black,3.0300000000000002,0.2786967418546366,0.0020050125313283208,53
startup,black,3.04,0.2786967418546366,0.0020050125313283208,53
startup,black,3.0500000000000003,0.2786967418546366,0.0020050125313283208,53
startup,black,3.06,0.2786967418546366,0.0020050125313283208,53
startup,black,3.0700000000000003,0.2786967418546366,0.0020050125313283208,53
startup,black,3.08,0.2786967418546366,0.0020050125313283208,53
startup,black,3.09,0.2790636591478697,0.0020050125313283208,53
startup,black,3.1,0.2796992481203008,0.0020050125313283208,53
startup,black,3.11,0.2796992481203008,0.0020050125313283208,53
startup,black,3.12,0.2796992481203008,0.0020050125313283208,53
startup,black,3.13,0.2807017543859649,0.0020050125313283208,53
startup,black,3.14,0.2807017543859649,0.0020050125313283208,53
startup,black,3.15,0.2807017543859649,0.0020050125313283208,53
startup,black,3.16,0.2807017543859649,0.0020050125313283208,53
startup,black,3.17,0.2807017543859649,0.0020050125313283208,53
startup,black,3.18,0.2807017543859649,0.0020050125313283208,53
startup,black,3.19,0.2807017543859649,0.0020050125313283208,53
startup,black,3.2,0.2807017543859649,0.0020050125313283208,53
startup,black,3.21,0.2807017543859649,0.0020050125313283208,53
startup,black,3.22,0.2807017543859649,0.0020050125313283208,53
startup,black,3.23,0.2807017543859649,0.0020050125313283208,53
startup,black,3.24,0.2807017543859649,0.0020050125313283208,53
startup,black,3.25,0.2807017543859649,0.0020050125313283208,53
startup,black,3.2600000000000002,0.2807017543859649,0.0020050125313283208,53
startup,black,3.27,0.2807017543859649,0.0020050125313283208,53
startup,black,3.2800000000000002,0.2807017543859649,0.0020050125313283208,53
startup,black,3.29,0.2807017543859649,0.0020050125313283208,53
startup,black,3.3000000000000003,0.2807017543859649,0.0020050125313283208,53
startup,black,3.31,0.2807017543859649,0.0020050125313283208,53
startup,black,3.3200000000000003,0.2807017543859649,0.0020050125313283208,53
startup,black,3.33,0.2807017543859649,0.0020050125313283208,53
startup,black,3.34,0.2807017543859649,0.0020050125313283208,53
startup,black,3.35,0.2807017543859649,0.0020050125313283208,53
startup,black,3.36,0.2807017543859649,0.0020050125313283208,53
startup,black,3.37,0.2807017543859649,0.0020050125313283208,53
startup,black,3.38,0.2807017543859649,0.0020050125313283208,53
startup,black,3.39,0.2807017543859649,0.0020050125313283208,53
startup,black,3.4,0.2807017543859649,0.0020050125313283208,53
startup,black,3.41,0.2807017543859649,0.0020050125313283208,53
startup,black,3.42,0.2807017543859649,0.0020050125313283208,53
startup,black,3.43,0.2807017543859649,0.0020050125313283208,53
startup,black,3.44,0.2807017543859649,0.0020050125313283208,53
startup,black,3.45,0.2807017543859649,0.0020050125313283208,53
startup,black,3.46,0.2807017543859649,0.0020050125313283208,53
startup,black,3.47,0.2807017543859649,0.0020050125313283208,53
startup,black,3.48,0.2807017543859649,0.0020050125313283208,53
startup,black,3.49,0.2807017543859649,0.0020050125313283208,53
startup,black,3.5,0.2807017543859649,0.0020050125313283208,53
startup,black,3.5100000000000002,0.2807017543859649,0.0020050125313283208,53
startup,black,3.52,0.2807017543859649,0.0020050125313283208,53
startup,black,3.5300000000000002,0.2807017543859649,0.0020050125313283208,53
startup,black,3.54,0.2807017543859649,0.0020050125313283208,53
startup,black,3.5500000000000003,0.2807017543859649,0.0020050125313283208,53
startup,black,3.56,0.2807017543859649,0.0020050125313283208,53
startup,black,3.5700000000000003,0.2807017543859649,0.0020050125313283208,53
startup,black,3.58,0.2807017543859649,0.0020050125313283208,53
startup,black,3.59,0.2807017543859649,0.0020050125313283208,53
startup,black,3.6,0.2807017543859649,0.0020050125313283208,53
startup,black,3.61,0.2807017543859649,0.0020050125313283208,53
startup,black,3.62,0.2807017543859649,0.0020050125313283208,53
startup,black,3.63,0.2807017543859649,0.0020050125313283208,53
startup,black,3.64,0.2807017543859649,0.0020050125313283208,53
startup,black,3.65,0.2807017543859649,0.0020050125313283208,53
startup,black,3.66,0.2807017543859649,0.0020050125313283208,53
startup,black,3.67,0.2807017543859649,0.0020050125313283208,53
startup,black,3.68,0.2807017543859649,0.0020050125313283208,53
startup,black,3.69,0.2807017543859649,0.0020050125313283208,53
startup,black,3.7,0.2807017543859649,0.0020050125313283208,53
startup,black,3.71,0.2807017543859649,0.0020050125313283208,53
startup,black,3.72,0.2807017543859649,0.0020050125313283208,53
startup,black,3.73,0.2807017543859649,0.0020050125313283208,53
startup,black,3.74,0.2807017543859649,0.0020050125313283208,53
startup,black,3.75,0.2807017543859649,0.0020050125313283208,53
startup,black,3.7600000000000002,0.2807017543859649,0.0020050125313283208,53
startup,black,3.77,0.2807017543859649,0.0020050125313283208,53
startup,black,3.7800000000000002,0.2807017543859649,0.0020050125313283208,53
startup,black,3.79,0.2807017543859649,0.0020050125313283208,53
startup,black,3.8000000000000003,0.2807017543859649,0.0020050125313283208,53
startup,black,3.81,0.2807017543859649,0.0020050125313283208,53
startup,black,3.8200000000000003,0.2807017543859649,0.0020050125313283208,53
startup,black,3.83,0.2807017543859649,0.0020050125313283208,53
startup,black,3.84,0.2807017543859649,0.0020050125313283208,53
startup,black,3.85,0.2807017543859649,0.0020050125313283208,53
startup,black,3.86,0.2807017543859649,0.0020050125313283208,53
startup,black,3.87,0.2807017543859649,0.0020050125313283208,53
startup,black,3.88,0.2807017543859649,0.0020050125313283208,53
startup,black,3.89,0.2807017543859649,0.0020050125313283208,53
startup,black,3.9,0.2807017543859649,0.0020050125313283208,53
startup,black,3.91,0.2807017543859649,0.0020050125313283208,53
startup,black,3.92,0.2807017543859649,0.0020050125313283208,53
startup,black,3.93,0.2807017543859649,0.0020050125313283208,53
startup,black,3.94,0.2807017543859649,0.0020050125313283208,53
startup,black,3.95,0.2807017543859649,0.0020050125313283208,53
startup,black,3.96,0.2807017543859649,0.0020050125313283208,53
startup,black,3.97,0.2807017543859649,0.0020050125313283208,53
startup,black,3.98,0.2807017543859649,0.0020050125313283208,53
startup,black,3.99,0.2807017543859649,0.0020050125313283208,53
startup,black,4.0,0.2807017543859649,0.0020050125313283208,53
startup,black,4.01,0.2807017543859649,0.0020050125313283208,53
startup,black,4.0200000000000005,0.2807017543859649,0.0020050125313283208,53
startup,black,4.03,0.2807017543859649,0.0020050125313283208,53
startup,black,4.04,0.2807017543859649,0.0020050125313283208,53
startup,black,4.05,0.2807017543859649,0.0020050125313283208,53
startup,black,4.0600000000000005,0.2807017543859649,0.0020050125313283208,53
startup,black,4.07,0.2807017543859649,0.0020050125313283208,53
startup,black,4.08,0.2807017543859649,0.0020050125313283208,53
startup,black,4.09,0.2807017543859649,0.0020050125313283208,53
startup,black,4.1,0.2807017543859649,0.0020050125313283208,53
startup,black,4.11,0.2807017543859649,0.0020050125313283208,53
startup,black,4.12,0.2807017543859649,0.0020050125313283208,53
startup,black,4.13,0.2807017543859649,0.0020050125313283208,53
startup,black,4.14,0.2807017543859649,0.0020050125313283208,53
startup,black,4.15,0.2807017543859649,0.0020050125313283208,53
startup,black,4.16,0.2807017543859649,0.0020050125313283208,53
startup,black,4.17,0.2807017543859649,0.0020050125313283208,53
startup,black,4.18,0.2807017543859649,0.0020050125313283208,53
startup,black,4.19,0.2807017543859649,0.0020050125313283208,53
startup,black,4.2,0.2807017543859649,0.0020050125313283208,53
startup,black,4.21,0.2807017543859649,0.0020050125313283208,53
startup,black,4.22,0.2807017543859649,0.0020050125313283208,53
startup,black,4.23,0.2807017543859649,0.0020050125313283208,53
startup,black,4.24,0.2807017543859649,0.0020050125313283208,53
startup,black,4.25,0.2807017543859649,0.0020050125313283208,53
startup,black,4.26,,0.0020050125313283208,53
startup,black,4.2700000000000005,,0.0020050125313283208,53
startup,black,4.28,,0.0020050125313283208,53
startup,black,4.29,,0.0020050125313283208,53
startup,black,4.3,,0.0020050125313283208,53
startup,black,4.3100000000000005,,0.0020050125313283208,53
startup,black,4.32,,0.0020050125313283208,53
startup,black,4.33,,0.0020050125313283208,53
startup,black,4.34,,0.0020050125313283208,53
startup,black,4.3500000000000005,,0.0020050125313283208,53
startup,black,4.36,,0.0020050125313283208,53
startup,black,4.37,,0.0020050125313283208,53
startup,black,4.38,,0.0020050125313283208,53
startup,black,4.39,,0.0020050125313283208,53
startup,black,4.4,,0.0020050125313283208,53
startup,black,4.41,,0.0020050125313283208,53
startup,black,4.42,,0.0020050125313283208,53
startup,black,4.43,,0.0020050125313283208,53
startup,black,4.44,,0.0020050125313283208,53
startup,black,4.45,,0.0020050125313283208,53
startup,black,4.46,,0.0020050125313283208,53
startup,black,4.47,,0.0020050125313283208,53
startup,black,4.48,,0.0020050125313283208,53
startup,black,4.49,,0.0020050125313283208,53
startup,black,4.5,,0.0020050125313283208,53
startup,black,4.51,,0.0020050125313283208,53
startup,black,4.5200000000000005,,0.0020050125313283208,53
startup,black,4.53,,0.0020050125313283208,53
startup,black,4.54,,0.0020050125313283208,53
startup,black,4.55,,0.0020050125313283208,53
startup,black,4.5600000000000005,,0.0020050125313283208,53
startup,black,4.57,,0.0020050125313283208,53
startup,black,4.58,,0.0020050125313283208,53
startup,black,4.59,,0.0020050125313283208,53
startup,black,4.6000000000000005,,0.0020050125313283208,53
startup,black,4.61,,0.0020050125313283208,53
startup,black,4.62,,0.0020050125313283208,53
startup,black,4.63,,0.0020050125313283208,53
startup,black,4.64,,0.0020050125313283208,53
startup,black,4.65,,0.0020050125313283208,53
startup,black,4.66,,0.0020050125313283208,53
startup,black,4.67,,0.0020050125313283208,53
startup,black,4.68,,0.0020050125313283208,53
startup,black,4.69,,0.0020050125313283208,53
startup,black,4.7,,0.0020050125313283208,53
startup,black,4.71,,0.0020050125313283208,53
startup,black,4.72,,0.0020050125313283208,53
startup,black,4.73,,0.0020050125313283208,53
startup,black,4.74,,0.0020050125313283208,53
startup,black,4.75,,0.0020050125313283208,53
startup,black,4.76,,0.0020050125313283208,53
startup,black,4.7700000000000005,,0.0020050125313283208,53
startup,black,4.78,,0.0020050125313283208,53
startup,black,4.79,,0.0020050125313283208,53
startup,black,4.8,,0.0020050125313283208,53
startup,black,4.8100000000000005,,0.0020050125313283208,53
startup,black,4.82,,0.0020050125313283208,53
startup,black,4.83,,0.0020050125313283208,53
startup,black,4.84,,0.0020050125313283208,53
startup,black,4.8500000000000005,,0.0020050125313283208,53
startup,black,4.86,,0.0020050125313283208,53
startup,black,4.87,,0.0020050125313283208,53
startup,black,4.88,,0.0020050125313283208,53
startup,black,4.89,,0.0020050125313283208,53
startup,black,4.9,,0.0020050125313283208,53
startup,black,4.91,,0.0020050125313283208,53
startup,black,4.92,,0.0020050125313283208,53
startup,black,4.93,,0.0020050125313283208,53
startup,black,4.94,,0.0020050125313283208,53
startup,black,4.95,,0.0020050125313283208,53
startup,black,4.96,,0.0020050125313283208,53
startup,black,4.97,,0.0020050125313283208,53
startup,black,4.98,,0.0020050125313283208,53
startup,black,4.99,,0.0020050125313283208,53
startup,black,5.0,,0.0020050125313283208,53
benzene_50,gray,0.0,,0.0010443864229765013,55
benzene_50,gray,0.02,,0.0010443864229765013,55
benzene_50,gray,0.04,,0.0010443864229765013,55
benzene_50,gray,0.06,,0.0010443864229765013,55
benzene_50,gray,0.08,,0.0010443864229765013,55
benzene_50,gray,0.1,,0.0010443864229765013,55
benzene_50,gray,0.12,,0.0010443864229765013,55
benzene_50,gray,0.14,,0.0010443864229765013,55
benzene_50,gray,0.16,,0.0010443864229765013,55
benzene_50,gray,0.18,,0.0010443864229765013,55
benzene_50,gray,0.2,0.3064386422976501,0.0010443864229765013,55
benzene_50,gray,0.22,0.31401671018276767,0.0010443864229765013,55
benzene_50,gray,0.24,0.31900992167101827,0.0010443864229765013,55
benzene_50,gray,0.26,0.3227874673629243,0.0010443864229765013,55
benzene_50,gray,0.28,0.3264939947780679,0.0010443864229765013,55
benzene_50,gray,0.3,0.32857441253263714,0.0010443864229765013,55
benzene_50,gray,0.32,0.3310537859007833,0.0010443864229765013,55
benzene_50,gray,0.34,0.33177963446475195,0.0010443864229765013,55
benzene_50,gray,0.36,0.3330193211488251,0.0010443864229765013,55
benzene_50,gray,0.38,0.3336814621409922,0.0010443864229765013,55
benzene_50,gray,0.4,0.3336814621409922,0.0010443864229765013,55
benzene_50,gray,0.42,0.3330830287206267,0.0010443864229765013,55
benzene_50,gray,0.44,0.33432271540469977,0.0010443864229765013,55
benzene_50,gray,0.46,0.3347258485639687,0.0010443864229765013,55
benzene_50,gray,0.48,0.3347258485639687,0.0010443864229765013,55
benzene_50,gray,0.5,0.3347258485639687,0.0010443864229765013,55
benzene_50,gray,0.52,0.3347258485639687,0.0010443864229765013,55
benzene_50,gray,0.54,0.3347258485639687,0.0010443864229765013,55
benzene_50,gray,0.56,0.3347258485639687,0.0010443864229765013,55
benzene_50,gray,0.58,0.3347258485639687,0.0010443864229765013,55
benzene_50,gray,0.6,0.3347258485639687,0.0010443864229765013,55
benzene_50,gray,0.62,0.3347258485639687,0.0010443864229765013,55
benzene_50,gray,0.64,0.3347258485639687,0.0010443864229765013,55
benzene_50,gray,0.66,0.3345472584856397,0.0010443864229765013,55
benzene_50,gray,0.68,0.334577545691906,0.0010443864229765013,55
benzene_50,gray,0.7000000000000001,0.33418015665796347,0.0010443864229765013,55
benzene_50,gray,0.72,0.3336814621409922,0.0010443864229765013,55
benzene_50,gray,0.74,0.3336814621409922,0.0010443864229765013,55
benzene_50,gray,0.76,0.3336814621409922,0.0010443864229765013,55
benzene_50,gray,0.78,0.3336814621409922,0.0010443864229765013,55
benzene_50,gray,0.8,0.3336814621409922,0.0010443864229765013,55
benzene_50,gray,0.8200000000000001,0.3336814621409922,0.0010443864229765013,55
benzene_50,gray,0.84,0.3336814621409922,0.0010443864229765013,55
benzene_50,gray,0.86,0.3336814621409922,0.0010443864229765013,55
benzene_50,gray,0.88,0.3336814621409922,0.0010443864229765013,55
benzene_50,gray,0.9,0.3336814621409922,0.0010443864229765013,55
benzene_50,gray,0.92,0.3336814621409922,0.0010443864229765013,55
benzene_50,gray,0.9400000000000001,0.3336814621409922,0.0010443864229765013,55
benzene_50,gray,0.96,0.3336814621409922,0.0010443864229765013,55
benzene_50,gray,0.98,0.3336814621409922,0.0010443864229765013,55
benzene_50,gray,1.0,0.3336814621409922,0.0010443864229765013,55
benzene_50,gray,1.02,0.3336814621409922,0.0010443864229765013,55
benzene_50,gray,1.04,0.3336814621409922,0.0010443864229765013,55
benzene_50,gray,1.06,0.3336814621409922,0.0010443864229765013,55
benzene_50,gray,1.08,0.3336814621409922,0.0010443864229765013,55
benzene_50,gray,1.1,0.3336814621409922,0.0010443864229765013,55
benzene_50,gray,1.12,0.3336814621409922,0.0010443864229765013,55
benzene_50,gray,1.1400000000000001,0.3336814621409922,0.0010443864229765013,55
benzene_50,gray,1.16,0.3336814621409922,0.0010443864229765013,55
benzene_50,gray,1.18,0.3336814621409922,0.0010443864229765013,55
benzene_50,gray,1.2,0.33391122715404703,0.0010443864229765013,55
benzene_50,gray,1.22,0.33401740644038297,0.0010443864229765013,55
benzene_50,gray,1.24,0.3324093994778068,0.0010443864229765013,55
benzene_50,gray,1.26,0.3339749347258486,0.0010443864229765013,55
benzene_50,gray,1.28,0.3347258485639687,0.0010443864229765013,55
benzene_50,gray,1.3,0.3347258485639687,0.0010443864229765013,55
benzene_50,gray,1.32,0.3347258485639687,0.0010443864229765013,55
benzene_50,gray,1.34,0.33598224543080957,0.0010443864229765013,55
benzene_50,gray,1.36,0.33942558746736295,0.0010443864229765013,55
benzene_50,gray,1.3800000000000001,0.3384825065274152,0.0010443864229765013,55
benzene_50,gray,1.4000000000000001,0.3333228894691035,0.0010443864229765013,55
benzene_50,gray,1.42,0.32735874673629245,0.0010443864229765013,55
benzene_50,gray,1.44,0.3148114882506527,0.0010443864229765013,55
benzene_50,gray,1.46,0.3133159268929504,0.0010443864229765013,55
benzene_50,gray,1.48,0.31541932114882515,0.0010443864229765013,55
benzene_50,gray,1.5,0.3180678851174935,0.0010443864229765013,55
benzene_50,gray,1.52,0.3216543080939948,0.0010443864229765013,55
benzene_50,gray,1.54,0.3246986945169713,0.0010443864229765013,55
benzene_50,gray,1.56,0.3293242819843342,0.0010443864229765013,55
benzene_50,gray,1.58,0.32731906005221933,0.0010443864229765013,55
benzene_50,gray,1.6,0.3209608355091384,0.0010443864229765013,55
benzene_50,gray,1.62,0.3169409921671018,0.0010443864229765013,55
benzene_50,gray,1.6400000000000001,0.30635404699738905,0.0010443864229765013,55
benzene_50,gray,1.6600000000000001,0.3087697127937338,0.0010443864229765013,55
benzene_50,gray,1.68,0.31592271540469974,0.0010443864229765013,55
benzene_50,gray,1.7,0.3210391644908616,0.0010443864229765013,55
benzene_50,gray,1.72,0.32411070496083555,0.0010443864229765013,55
benzene_50,gray,1.74,0.32239477806788513,0.0010443864229765013,55
benzene_50,gray,1.76,0.31672480417754567,0.0010443864229765013,55
benzene_50,gray,1.78,0.31018067885117495,0.0010443864229765013,55
benzene_50,gray,1.8,0.3087937336814622,0.0010443864229765013,55
benzene_50,gray,1.82,0.31147571801566576,0.0010443864229765013,55
benzene_50,gray,1.84,0.32010443864229765,0.0010443864229765013,55
benzene_50,gray,1.86,0.3192877284595301,0.0010443864229765013,55
benzene_50,gray,1.8800000000000001,0.31697127937336816,0.0010443864229765013,55
benzene_50,gray,1.9000000000000001,0.311378590078329,0.0010443864229765013,55
benzene_50,gray,1.92,0.30679895561357695,0.0010443864229765013,55
benzene_50,gray,1.94,0.3081185378590079,0.0010443864229765013,55
benzene_50,gray,1.96,0.3120442123585727,0.0010443864229765013,55
benzene_50,gray,1.98,0.31592689295039167,0.0010443864229765013,55
benzene_50,gray,2.0,0.3111749347258487,0.0010443864229765013,55
benzene_50,gray,2.02,0.3020135770234988,0.0010443864229765013,55
benzene_50,gray,2.04,0.3088668407310704,0.0010443864229765013,55
benzene_50,gray,2.06,0.31436031331592695,0.0010443864229765013,55
benzene_50,gray,2.08,0.3133159268929504,0.0010443864229765013,55
benzene_50,gray,2.1,0.3103812010443864,0.0010443864229765013,55
benzene_50,gray,2.12,0.3008543080939947,0.0010443864229765013,55
benzene_50,gray,2.14,0.30600522193211493,0.0010443864229765013,55
benzene_50,gray,2.16,0.3120250652741516,0.0010443864229765013,55
benzene_50,gray,2.18,0.31853785900783294,0.0010443864229765013,55
benzene_50,gray,2.2,0.3190600522193212,0.0010443864229765013,55
benzene_50,gray,2.22,0.31588302872062657,0.0010443864229765013,55
benzene_50,gray,2.24,0.30844490861618784,0.0010443864229765013,55
benzene_50,gray,2.2600000000000002,0.30241148825065256,0.0010443864229765013,55
benzene_50,gray,2.2800000000000002,0.30293848563968667,0.0010443864229765013,55
benzene_50,gray,2.3000000000000003,0.3031864229765013,0.0010443864229765013,55
benzene_50,gray,2.32,0.3017900783289818,0.0010443864229765013,55
benzene_50,gray,2.34,0.2969848563968669,0.0010443864229765013,55
benzene_50,gray,2.36,0.28829033942558757,0.0010443864229765013,55
benzene_50,gray,2.38,0.28857775456919055,0.0010443864229765013,55
benzene_50,gray,2.4,0.2940323759791123,0.0010443864229765013,55
benzene_50,gray,2.42,0.30315404699738907,0.0010443864229765013,55
benzene_50,gray,2.44,0.30809399477806787,0.0010443864229765013,55
benzene_50,gray,2.46,0.3049577023498694,0.0010443864229765013,55
benzene_50,gray,2.48,0.3012386422976501,0.0010443864229765013,55
benzene_50,gray,2.5,0.297911227154047,0.0010443864229765013,55
benzene_50,gray,2.52,0.3011718015665798,0.0010443864229765013,55
benzene_50,gray,2.54,0.30314882506527374,0.0010443864229765013,55
benzene_50,gray,2.56,0.29648459530026106,0.0010443864229765013,55
benzene_50,gray,2.58,0.29078454308093993,0.0010443864229765013,55
benzene_50,gray,2.6,0.29004073107049605,0.0010443864229765013,55
benzene_50,gray,2.62,0.28929691906005217,0.0010443864229765013,55
benzene_50,gray,2.64,0.2952410791993037,0.0010443864229765013,55
benzene_50,gray,2.66,0.2931749347258486,0.0010443864229765013,55
benzene_50,gray,2.68,0.2896355091383812,0.0010443864229765013,55
benzene_50,gray,2.7,0.293697127937337,0.0010443864229765013,55
benzene_50,gray,2.72,0.290836553524804,0.0010443864229765013,55
benzene_50,gray,2.74,0.2997058311575283,0.0010443864229765013,55
benzene_50,gray,2.7600000000000002,0.29945065274151444,0.0010443864229765013,55
benzene_50,gray,2.7800000000000002,0.2981869451697127,0.0010443864229765013,55
benzene_50,gray,2.8000000000000003,0.2892114882506526,0.0010443864229765013,55
benzene_50,gray,2.82,0.28539530026109655,0.0010443864229765013,55
benzene_50,gray,2.84,0.28291592689295036,0.0010443864229765013,55
benzene_50,gray,2.86,0.2809399477806788,0.0010443864229765013,55
benzene_50,gray,2.88,0.2882464751958226,0.0010443864229765013,55
benzene_50,gray,2.9,0.289355091383812,0.0010443864229765013,55
benzene_50,gray,2.92,0.28997493472584857,0.0010443864229765013,55
benzene_50,gray,2.94,0.292892950391645,0.0010443864229765013,55
benzene_50,gray,2.96,0.30113838120104436,0.0010443864229765013,55
benzene_50,gray,2.98,0.2964895561357702,0.0010443864229765013,55
benzene_50,gray,3.0,0.2906527415143603,0.0010443864229765013,55
benzene_50,gray,3.02,0.27808146214099216,0.0010443864229765013,55
benzene_50,gray,3.04,0.2783289817232376,0.0010443864229765013,55
benzene_50,gray,3.06,0.27815456919060055,0.0010443864229765013,55
benzene_50,gray,3.08,0.28395718015665805,0.0010443864229765013,55
benzene_50,gray,3.1,0.29128981723237607,0.0010443864229765013,55
benzene_50,gray,3.12,0.29469242819843344,0.0010443864229765013,55
benzene_50,gray,3.14,0.29500234986945173,0.0010443864229765013,55
benzene_50,gray,3.16,0.29531227154046996,0.0010443864229765013,55
benzene_50,gray,3.18,0.29653472584856405,0.0010443864229765013,55
benzene_50,gray,3.2,0.29577023498694505,0.0010443864229765013,55
benzene_50,gray,3.22,0.28802715404699736,0.0010443864229765013,55
benzene_50,gray,3.24,0.28613263707571795,0.0010443864229765013,55
benzene_50,gray,3.2600000000000002,0.27784647519582245,0.0010443864229765013,55
benzene_50,gray,3.2800000000000002,0.2778067885117494,0.0010443864229765013,55
benzene_50,gray,3.3000000000000003,0.28122976501305497,0.0010443864229765013,55
benzene_50,gray,3.3200000000000003,0.2859818973020018,0.0010443864229765013,55
benzene_50,gray,3.34,0.28957806788511753,0.0010443864229765013,55
benzene_50,gray,3.36,0.2885297127937337,0.0010443864229765013,55
benzene_50,gray,3.38,0.28753796344647525,0.0010443864229765013,55
benzene_50,gray,3.4,0.2910287206266318,0.0010443864229765013,55
benzene_50,gray,3.42,0.2985383812010444,0.0010443864229765013,55
benzene_50,gray,3.44,0.2985232375979112,0.0010443864229765013,55
benzene_50,gray,3.46,0.2958172323759792,0.0010443864229765013,55
benzene_50,gray,3.48,0.2907425587467363,0.0010443864229765013,55
benzene_50,gray,3.5,0.2975456919060052,0.0010443864229765013,55
benzene_50,gray,3.52,0.29464647519582254,0.0010443864229765013,55
benzene_50,gray,3.54,,0.0010443864229765013,55
benzene_50,gray,3.56,,0.0010443864229765013,55
benzene_50,gray,3.58,,0.0010443864229765013,55
benzene_50,gray,3.6,,0.0010443864229765013,55
benzene_50,gray,3.62,,0.0010443864229765013,55
benzene_50,gray,3.64,0.2939947780678851,0.0010443864229765013,55
benzene_50,gray,3.66,0.29126514360313316,0.0010443864229765013,55
benzene_50,gray,3.68,0.28677127937336816,0.0010443864229765013,55
benzene_50,gray,3.7,0.28227741514360316,0.0010443864229765013,55
benzene_50,gray,3.72,0.2841524804177548,0.0010443864229765013,55
benzene_50,gray,3.74,0.28710913838120106,0.0010443864229765013,55
benzene_50,gray,3.7600000000000002,0.29278328981723256,0.0010443864229765013,55
benzene_50,gray,3.7800000000000002,0.29817232375979114,0.0010443864229765013,55
benzene_50,gray,3.8000000000000003,0.2976501305483029,0.0010443864229765013,55
benzene_50,gray,3.8200000000000003,0.29442819843342033,0.0010443864229765013,55
benzene_50,gray,3.84,0.2844532637075721,0.0010443864229765013,55
benzene_50,gray,3.86,0.2872062663185379,0.0010443864229765013,55
benzene_50,gray,3.88,0.28781566579634466,0.0010443864229765013,55
benzene_50,gray,3.9,0.28874543080939946,0.0010443864229765013,55
benzene_50,gray,3.92,0.2832793733681463,0.0010443864229765013,55
benzene_50,gray,3.94,0.27687728459530053,0.0010443864229765013,55
benzene_50,gray,3.96,0.2749180156657963,0.0010443864229765013,55
benzene_50,gray,3.98,0.28563028720626615,0.0010443864229765013,55
benzene_50,gray,4.0,0.29472584856396883,0.0010443864229765013,55
benzene_50,gray,4.0200000000000005,0.2991258485639687,0.0010443864229765013,55
benzene_50,gray,4.04,0.29216292428198504,0.0010443864229765013,55
benzene_50,gray,4.0600000000000005,0.2861211488250653,0.0010443864229765013,55
benzene_50,gray,4.08,0.2781298520452569,0.0010443864229765013,55
benzene_50,gray,4.1,0.27234464751958254,0.0010443864229765013,55
benzene_50,gray,4.12,0.27554308093994767,0.0010443864229765013,55
benzene_50,gray,4.14,0.2801919060052218,0.0010443864229765013,55
benzene_50,gray,4.16,0.2848407310704962,0.0010443864229765013,55
benzene_50,gray,4.18,0.2872062663185379,0.0010443864229765013,55
benzene_50,gray,4.2,0.2872062663185379,0.0010443864229765013,55
benzene_50,gray,4.22,0.2867289817232376,0.0010443864229765013,55
benzene_50,gray,4.24,0.2854537859007833,0.0010443864229765013,55
benzene_50,gray,4.26,0.28607362924281987,0.0010443864229765013,55
benzene_50,gray,4.28,0.28669347258485645,0.0010443864229765013,55
benzene_50,gray,4.3,0.28716344647519587,0.0010443864229765013,55
benzene_50,gray,4.32,0.2869155091383812,0.0010443864229765013,55
benzene_50,gray,4.34,0.2866015665796345,0.0010443864229765013,55
benzene_50,gray,4.36,0.2909618798955615,0.0010443864229765013,55
benzene_50,gray,4.38,0.2886460574412533,0.0010443864229765013,55
benzene_50,gray,4.4,0.2839352480417754,0.0010443864229765013,55
benzene_50,gray,4.42,0.28580052219321156,0.0010443864229765013,55
benzene_50,gray,4.44,0.2945462140992168,0.0010443864229765013,55
benzene_50,gray,4.46,0.2948292428198433,0.0010443864229765013,55
benzene_50,gray,4.48,0.29144647519582223,0.0010443864229765013,55
benzene_50,gray,4.5,0.28795039164490865,0.0010443864229765013,55
benzene_50,gray,4.5200000000000005,0.2873305483028721,0.0010443864229765013,55
benzene_50,gray,4.54,0.2867107049608355,0.0010443864229765013,55
benzene_50,gray,4.5600000000000005,0.28371801566579624,0.0010443864229765013,55
benzene_50,gray,4.58,0.28061879895561354,0.0010443864229765013,55
benzene_50,gray,4.6000000000000005,0.2841775456919065,0.0010443864229765013,55
benzene_50,gray,4.62,0.288324456048738,0.0010443864229765013,55
benzene_50,gray,4.64,0.28560208877284615,0.0010443864229765013,55
benzene_50,gray,4.66,0.2806433420365536,0.0010443864229765013,55
benzene_50,gray,4.68,0.27964281984334205,0.0010443864229765013,55
benzene_50,gray,4.7,0.2808825065274152,0.0010443864229765013,55
benzene_50,gray,4.72,0.2844657963446476,0.0010443864229765013,55
benzene_50,gray,4.74,0.2943279373368146,0.0010443864229765013,55
benzene_50,gray,4.76,0.2939947780678851,0.0010443864229765013,55
benzene_50,gray,4.78,,0.0010443864229765013,55
benzene_50,gray,4.8,,0.0010443864229765013,55
benzene_50,gray,4.82,,0.0010443864229765013,55
benzene_50,gray,4.84,,0.0010443864229765013,55
benzene_50,gray,4.86,,0.0010443864229765013,55
benzene_50,gray,4.88,,0.0010443864229765013,55
benzene_50,gray,4.9,0.2791592689295039,0.0010443864229765013,55
benzene_50,gray,4.92,0.2824960835509139,0.0010443864229765013,55
benzene_50,gray,4.94,0.28133472584856406,0.0010443864229765013,55
benzene_50,gray,4.96,0.2838140992167102,0.0010443864229765013,55
benzene_50,gray,4.98,0.27591122715404687,0.0010443864229765013,55
benzene_50,gray,5.0,0.27258485639686686,0.0010443864229765013,55
benzene_50,gray,5.0200000000000005,0.2791060052219332,0.0010443864229765013,55
benzene_50,gray,5.04,0.27492845953002637,0.0010443864229765013,55
benzene_50,gray,5.0600000000000005,0.28162785030461296,0.0010443864229765013,55
benzene_50,gray,5.08,0.28823951261966957,0.0010443864229765013,55
benzene_50,gray,5.1000000000000005,0.28299216710182706,0.0010443864229765013,55
benzene_50,gray,5.12,,0.0010443864229765013,55
benzene_50,gray,5.14,,0.0010443864229765013,55
benzene_50,gray,5.16,,0.0010443864229765013,55
benzene_50,gray,5.18,,0.0010443864229765013,55
benzene_50,gray,5.2,,0.0010443864229765013,55
benzene_50,gray,5.22,,0.0010443864229765013,55
benzene_50,gray,5.24,,0.0010443864229765013,55
benzene_50,gray,5.26,0.2836950391644909,0.0010443864229765013,55
benzene_50,gray,5.28,0.28121566579634455,0.0010443864229765013,55
benzene_50,gray,5.3,0.2770600522193211,0.0010443864229765013,55
benzene_50,gray,5.32,0.27051279373368137,0.0010443864229765013,55
benzene_50,gray,5.34,0.2699738903394256,0.0010443864229765013,55
benzene_50,gray,5.36,0.2727665796344649,0.0010443864229765013,55
benzene_50,gray,5.38,0.2746261096605745,0.0010443864229765013,55
benzene_50,gray,5.4,0.27648563968668416,0.0010443864229765013,55
benzene_50,gray,5.42,0.28106945169712844,0.0010443864229765013,55
benzene_50,gray,5.44,0.2901054830287211,0.0010443864229765013,55
benzene_50,gray,5.46,0.2860523685192092,0.0010443864229765013,55
benzene_50,gray,5.48,0.28003103319656825,0.0010443864229765013,55
benzene_50,gray,5.5,0.2740096978739276,0.0010443864229765013,55
benzene_50,gray,5.5200000000000005,0.2829201044386425,0.0010443864229765013,55
benzene_50,gray,5.54,0.2779039164490863,0.0010443864229765013,55
benzene_50,gray,5.5600000000000005,0.2798882506527416,0.0010443864229765013,55
benzene_50,gray,5.58,0.275918955613577,0.0010443864229765013,55
benzene_50,gray,5.6000000000000005,0.27443133159268923,0.0010443864229765013,55
benzene_50,gray,5.62,0.27983011314186246,0.0010443864229765013,55
benzene_50,gray,5.64,0.2781771975630984,0.0010443864229765013,55
benzene_50,gray,5.66,0.2789065274151434,0.0010443864229765013,55
benzene_50,gray,5.68,0.2732198433420366,0.0010443864229765013,55
benzene_50,gray,5.7,0.27258485639686686,0.0010443864229765013,55
benzene_50,gray,5.72,0.27272868332711675,0.0010443864229765013,55
benzene_50,gray,5.74,0.2730828795225662,0.0010443864229765013,55
benzene_50,gray,5.76,0.2734370757180157,0.0010443864229765013,55
benzene_50,gray,5.78,0.27258485639686686,0.0010443864229765013,55
benzene_50,gray,5.8,0.27522715404699727,0.0010443864229765013,55
benzene_50,gray,5.82,0.27868812010443866,0.0010443864229765013,55
benzene_50,gray,5.84,0.2791530026109661,0.0010443864229765013,55
benzene_50,gray,5.86,0.2796178851174935,0.0010443864229765013,55
benzene_50,gray,5.88,0.2823916449086163,0.0010443864229765013,55
benzene_50,gray,5.9,0.27641253263707577,0.0010443864229765013,55
benzene_50,gray,5.92,0.2748281984334204,0.0010443864229765013,55
benzene_50,gray,5.94,0.275155091383812,0.0010443864229765013,55
benzene_50,gray,5.96,0.28767832898172335,0.0010443864229765013,55
benzene_50,gray,5.98,0.293290861618799,0.0010443864229765013,55
benzene_50,gray,6.0,0.2934725848563969,0.0010443864229765013,55
benzene_50,gray,6.0200000000000005,,0.0010443864229765013,55
benzene_50,gray,6.04,,0.0010443864229765013,55
benzene_50,gray,6.0600000000000005,,0.0010443864229765013,55
benzene_50,gray,6.08,,0.0010443864229765013,55
benzene_50,gray,6.1000000000000005,,0.0010443864229765013,55
benzene_50,gray,6.12,0.2837263707571801,0.0010443864229765013,55
benzene_50,gray,6.140000000000001,0.2792783289817233,0.0010443864229765013,55
benzene_50,gray,6.16,0.2781284595300261,0.0010443864229765013,55
benzene_50,gray,6.18,0.2683383812010444,0.0010443864229765013,55
benzene_50,gray,6.2,0.2679477806788512,0.0010443864229765013,55
benzene_50,gray,6.22,0.26925744125326373,0.0010443864229765013,55
benzene_50,gray,6.24,0.27966997389033976,0.0010443864229765013,55
benzene_50,gray,6.26,0.28360156657963453,0.0010443864229765013,55
benzene_50,gray,6.28,0.2755436031331591,0.0010443864229765013,55
benzene_50,gray,6.3,0.2745587467362925,0.0010443864229765013,55
benzene_50,gray,6.32,0.2798955613577024,0.0010443864229765013,55
benzene_50,gray,6.34,0.28111592689295045,0.0010443864229765013,55
benzene_50,gray,6.36,0.2829754569190601,0.0010443864229765013,55
benzene_50,gray,6.38,0.28483498694516973,0.0010443864229765013,55
benzene_50,gray,6.4,0.28592515230635335,0.0010443864229765013,55
benzene_50,gray,6.42,0.2849483028720627,0.0010443864229765013,55
benzene_50,gray,6.44,0.27996866840731094,0.0010443864229765013,55
benzene_50,gray,6.46,0.27968355091383806,0.0010443864229765013,55
benzene_50,gray,6.48,0.2706617928633592,0.0010443864229765013,55
benzene_50,gray,6.5,0.2714099216710183,0.0010443864229765013,55
benzene_50,gray,6.5200000000000005,0.27760835509138404,0.0010443864229765013,55
benzene_50,gray,6.54,0.2824511749347258,0.0010443864229765013,55
benzene_50,gray,6.5600000000000005,0.28859321148825057,0.0010443864229765013,55
benzene_50,gray,6.58,0.28611383812010444,0.0010443864229765013,55
benzene_50,gray,6.6000000000000005,0.2806684073107049,0.0010443864229765013,55
benzene_50,gray,6.62,0.2736605744125326,0.0010443864229765013,55
benzene_50,gray,6.640000000000001,0.2715404699738903,0.0010443864229765013,55
benzene_50,gray,6.66,0.27635195822454334,0.0010443864229765013,55
benzene_50,gray,6.68,0.28415665796344614,0.0010443864229765013,55
benzene_50,gray,6.7,0.2898172323759791,0.0010443864229765013,55
benzene_50,gray,6.72,0.28455213228894727,0.0010443864229765013,55
benzene_50,gray,6.74,0.27167441253263697,0.0010443864229765013,55
benzene_50,gray,6.76,0.28004229765013045,0.0010443864229765013,55
benzene_50,gray,6.78,0.28429108541588943,0.0010443864229765013,55
benzene_50,gray,6.8,0.2802178291682208,0.0010443864229765013,55
benzene_50,gray,6.82,0.27614457292055195,0.0010443864229765013,55
benzene_50,gray,6.84,0.27268093994778064,0.0010443864229765013,55
benzene_50,gray,6.86,0.27595926892950373,0.0010443864229765013,55
benzene_50,gray,6.88,0.285988511749347,0.0010443864229765013,55
benzene_50,gray,6.9,0.28834882506527415,0.0010443864229765013,55
benzene_50,gray,6.92,0.28785295039164494,0.0010443864229765013,55
benzene_50,gray,6.94,0.28355039164490864,0.0010443864229765013,55
benzene_50,gray,6.96,0.28029493472584854,0.0010443864229765013,55
benzene_50,gray,6.98,0.28327018276762406,0.0010443864229765013,55
benzene_50,gray,7.0,0.2811227154046999,0.0010443864229765013,55
benzene_50,gray,7.0200000000000005,0.27610715404699737,0.0010443864229765013,55
benzene_50,gray,7.04,0.27585921671018276,0.0010443864229765013,55
benzene_50,gray,7.0600000000000005,0.279186945169713,0.0010443864229765013,55
benzene_50,gray,7.08,0.2852929503916445,0.0010443864229765013,55
benzene_50,gray,7.1000000000000005,0.29033942558746734,0.0010443864229765013,55
benzene_50,gray,7.12,,0.0010443864229765013,55
benzene_50,gray,7.140000000000001,,0.0010443864229765013,55
benzene_50,gray,7.16,,0.0010443864229765013,55
benzene_50,gray,7.18,,0.0010443864229765013,55
benzene_50,gray,7.2,,0.0010443864229765013,55
benzene_50,gray,7.22,,0.0010443864229765013,55
benzene_50,gray,7.24,0.27532045256744997,0.0010443864229765013,55
benzene_50,gray,7.26,0.2782130548302871,0.0010443864229765013,55
benzene_50,gray,7.28,0.2807624020887729,0.0010443864229765013,55
benzene_50,gray,7.3,0.27766318537859014,0.0010443864229765013,55
benzene_50,gray,7.32,0.2803342036553524,0.0010443864229765013,55
benzene_50,gray,7.34,0.2812772845953005,0.0010443864229765013,55
benzene_50,gray,7.36,,0.0010443864229765013,55
benzene_50,gray,7.38,,0.0010443864229765013,55
benzene_50,gray,7.4,,0.0010443864229765013,55
benzene_50,gray,7.42,,0.0010443864229765013,55
benzene_50,gray,7.44,0.2876774934725849,0.0010443864229765013,55
benzene_50,gray,7.46,0.28866924281984335,0.0010443864229765013,55
benzene_50,gray,7.48,,0.0010443864229765013,55
benzene_50,gray,7.5,,0.0010443864229765013,55
benzene_50,gray,7.5200000000000005,,0.0010443864229765013,55
benzene_50,gray,7.54,,0.0010443864229765013,55
benzene_50,gray,7.5600000000000005,,0.0010443864229765013,55
benzene_50,gray,7.58,0.28810966057441256,0.0010443864229765013,55
benzene_50,gray,7.6000000000000005,0.2924281984334204,0.0010443864229765013,55
benzene_50,gray,7.62,0.2921702349869452,0.0010443864229765013,55
benzene_50,gray,7.640000000000001,0.2910524804177546,0.0010443864229765013,55
benzene_50,gray,7.66,0.28996775456919066,0.0010443864229765013,55
benzene_50,gray,7.68,0.2888830287206267,0.0010443864229765013,55
benzene_50,gray,7.7,0.29031853785900774,0.0010443864229765013,55
benzene_50,gray,7.72,0.2874882506527417,0.0010443864229765013,55
benzene_50,gray,7.74,0.27544438642297653,0.0010443864229765013,55
benzene_50,gray,7.76,0.27467362924281985,0.0010443864229765013,55
benzene_50,gray,7.78,0.28717702349869456,0.0010443864229765013,55
benzene_50,gray,7.8,0.2864295039164491,0.0010443864229765013,55
benzene_50,gray,7.82,0.284105091383812,0.0010443864229765013,55
benzene_50,gray,7.84,0.28178067885117497,0.0010443864229765013,55
benzene_50,gray,7.86,0.2813792428198434,0.0010443864229765013,55
benzene_50,gray,7.88,0.28370365535248043,0.0010443864229765013,55
benzene_50,gray,7.9,0.2860280678851176,0.0010443864229765013,55
benzene_50,gray,7.92,0.2882506527415144,0.0010443864229765013,55
benzene_50,gray,7.94,0.28361984334203666,0.0010443864229765013,55
benzene_50,gray,7.96,0.27618172323759815,0.0010443864229765013,55
benzene_50,gray,7.98,0.2728208877284596,0.0010443864229765013,55
benzene_50,gray,8.0,0.27404699738903393,0.0010443864229765013,55
benzene_50,gray,8.02,0.2736563968668409,0.0010443864229765013,55
benzene_50,gray,8.040000000000001,0.27590078328981765,0.0010443864229765013,55
benzene_50,gray,8.06,0.2900772845953003,0.0010443864229765013,55
benzene_50,gray,8.08,0.29441671018276766,0.0010443864229765013,55
benzene_50,gray,8.1,0.29116971279373394,0.0010443864229765013,55
benzene_50,gray,8.120000000000001,0.2868630113141862,0.0010443864229765013,55
benzene_50,gray,8.14,0.2820475776037134,0.0010443864229765013,55
benzene_50,gray,8.16,0.2827362924281985,0.0010443864229765013,55
benzene_50,gray,8.18,0.2834250072526835,0.0010443864229765013,55
benzene_50,gray,8.2,0.2841137220771685,0.0010443864229765013,55
benzene_50,gray,8.22,0.28492154046997387,0.0010443864229765013,55
benzene_50,gray,8.24,0.28600626631853787,0.0010443864229765013,55
benzene_50,gray,8.26,0.2870909921671018,0.0010443864229765013,55
benzene_50,gray,8.28,0.28817571801566577,0.0010443864229765013,55
benzene_50,gray,8.3,0.29105483028720613,0.0010443864229765013,55
benzene_50,gray,8.32,0.2793733681462141,0.0010443864229765013,55
benzene_50,gray,8.34,0.27030287206266307,0.0010443864229765013,55
benzene_50,gray,8.36,0.2689295039164491,0.0010443864229765013,55
benzene_50,gray,8.38,0.27387571801566696,0.0010443864229765013,55
benzene_50,gray,8.4,,0.0010443864229765013,55
benzene_50,gray,8.42,,0.0010443864229765013,55
benzene_50,gray,8.44,,0.0010443864229765013,55
benzene_50,gray,8.46,,0.0010443864229765013,55
benzene_50,gray,8.48,,0.0010443864229765013,55
benzene_50,gray,8.5,,0.0010443864229765013,55
benzene_50,gray,8.52,0.28525013054830284,0.0010443864229765013,55
benzene_50,gray,8.540000000000001,0.28603394255874653,0.0010443864229765013,55
benzene_50,gray,8.56,0.28499216710182745,0.0010443864229765013,55
benzene_50,gray,8.58,0.2808598781549172,0.0010443864229765013,55
benzene_50,gray,8.6,0.276727589208007,0.0010443864229765013,55
benzene_50,gray,8.620000000000001,0.2792459530026115,0.0010443864229765013,55
benzene_50,gray,8.64,0.2864584856396868,0.0010443864229765013,55
benzene_50,gray,8.66,0.28598015665796345,0.0010443864229765013,55
benzene_50,gray,8.68,0.2862123585726719,0.0010443864229765013,55
benzene_50,gray,8.700000000000001,0.28724543080939957,0.0010443864229765013,55
benzene_50,gray,8.72,0.28838433420365567,0.0010443864229765013,55
benzene_50,gray,8.74,0.28886788511749295,0.0010443864229765013,55
benzene_50,gray,8.76,0.28511749347258486,0.0010443864229765013,55
benzene_50,gray,8.78,0.28511749347258486,0.0010443864229765013,55
benzene_50,gray,8.8,0.2833629242819841,0.0010443864229765013,55
benzene_50,gray,8.82,0.28068015665796364,0.0010443864229765013,55
benzene_50,gray,8.84,0.2853289817232378,0.0010443864229765013,55
benzene_50,gray,8.86,0.28580574412532633,0.0010443864229765013,55
benzene_50,gray,8.88,,0.0010443864229765013,55
benzene_50,gray,8.9,,0.0010443864229765013,55
benzene_50,gray,8.92,,0.0010443864229765013,55
benzene_50,gray,8.94,,0.0010443864229765013,55
benzene_50,gray,8.96,,0.0010443864229765013,55
benzene_50,gray,8.98,0.2778840731070495,0.0010443864229765013,55
benzene_50,gray,9.0,0.27712047743379337,0.0010443864229765013,55
benzene_50,gray,9.02,0.27641208504289444,0.0010443864229765013,55
benzene_50,gray,9.040000000000001,0.275684595300261,0.0010443864229765013,55
benzene_50,gray,9.06,0.27403167972149695,0.0010443864229765013,55
benzene_50,gray,9.08,0.27972532637075725,0.0010443864229765013,55
benzene_50,gray,9.1,,0.0010443864229765013,55
benzene_50,gray,9.120000000000001,,0.0010443864229765013,55
benzene_50,gray,9.14,,0.0010443864229765013,55
benzene_50,gray,9.16,,0.0010443864229765013,55
benzene_50,gray,9.18,,0.0010443864229765013,55
benzene_50,gray,9.200000000000001,0.27469451697127945,0.0010443864229765013,55
benzene_50,gray,9.22,0.27476344647519574,0.0010443864229765013,55
benzene_50,gray,9.24,0.2754966057441254,0.0010443864229765013,55
benzene_50,gray,9.26,0.2779759791122715,0.0010443864229765013,55
benzene_50,gray,9.28,0.2817420365535248,0.0010443864229765013,55
benzene_50,gray,9.3,0.2860678851174936,0.0010443864229765013,55
benzene_50,gray,9.32,0.2948135770234988,0.0010443864229765013,55
benzene_50,gray,9.34,0.29194673629242807,0.0010443864229765013,55
benzene_50,gray,9.36,0.27882889469103567,0.0010443864229765013,55
benzene_50,gray,9.38,0.27717597911227143,0.0010443864229765013,55
benzene_50,gray,9.4,0.2755230635335073,0.0010443864229765013,55
benzene_50,gray,9.42,0.27933263707571815,0.0010443864229765013,55
benzene_50,gray,9.44,0.2691759791122716,0.0010443864229765013,55
benzene_50,gray,9.46,0.2694516971279374,0.0010443864229765013,55
benzene_50,gray,9.48,0.2704605744125331,0.0010443864229765013,55
benzene_50,gray,9.5,0.276117120477434,0.0010443864229765013,55
benzene_50,gray,9.52,0.2794819843342037,0.0010443864229765013,55
benzene_50,gray,9.540000000000001,0.2828468481909737,0.0010443864229765013,55
benzene_50,gray,9.56,0.28108616187989566,0.0010443864229765013,55
benzene_50,gray,9.58,0.2854986945169714,0.0010443864229765013,55
benzene_50,gray,9.6,0.2929712793733681,0.0010443864229765013,55
benzene_50,gray,9.620000000000001,0.2924281984334204,0.0010443864229765013,55
benzene_50,gray,9.64,,0.0010443864229765013,55
benzene_50,gray,9.66,,0.0010443864229765013,55
benzene_50,gray,9.68,,0.0010443864229765013,55
benzene_50,gray,9.700000000000001,,0.0010443864229765013,55
benzene_50,gray,9.72,,0.0010443864229765013,55
benzene_50,gray,9.74,,0.0010443864229765013,55
benzene_50,gray,9.76,0.28669660574412537,0.0010443864229765013,55
benzene_50,gray,9.78,0.2900417754569187,0.0010443864229765013,55
benzene_50,gray,9.8,0.2980365535248042,0.0010443864229765013,55
benzene_50,gray,9.82,0.2879707571801566,0.0010443864229765013,55
benzene_50,gray,9.84,0.28169608355091413,0.0010443864229765013,55
benzene_50,gray,9.86,0.2736381201044389,0.0010443864229765013,55
benzene_50,gray,9.88,0.2764309834638819,0.0010443864229765013,55
benzene_50,gray,9.9,0.27974281984334187,0.0010443864229765013,55
benzene_50,gray,9.92,0.27695352480417756,0.0010443864229765013,55
benzene_50,gray,9.94,0.2741642297650132,0.0010443864229765013,55
benzene_50,gray,9.96,0.27137493472584856,0.0010443864229765013,55
benzene_50,gray,9.98,,0.0010443864229765013,55
benzene_50,gray,10.0,,0.0010443864229765013,55
benzene_50,olive,0.0,,0.0010443864229765013,55
benzene_50,olive,0.02,,0.0010443864229765013,55
benzene_50,olive,0.04,0.14241462140992167,0.0010443864229765013,55
benzene_50,olive,0.06,0.15853054830287208,0.0010443864229765013,55
benzene_50,olive,0.08,0.17464647519582246,0.0010443864229765013,55
benzene_50,olive,0.1,0.19076240208877288,0.0010443864229765013,55
benzene_50,olive,0.12,0.20687832898172326,0.0010443864229765013,55
benzene_50,olive,0.14,0.22299425587467367,0.0010443864229765013,55
benzene_50,olive,0.16,0.22714569190600525,0.0010443864229765013,55
benzene_50,olive,0.18,0.23437597911227154,0.0010443864229765013,55
benzene_50,olive,0.2,0.23786945169712795,0.0010443864229765013,55
benzene_50,olive,0.22,0.24420783289817236,0.0010443864229765013,55
benzene_50,olive,0.24,0.24358433420365533,0.0010443864229765013,55
benzene_50,olive,0.26,0.24730339425587466,0.0010443864229765013,55
benzene_50,olive,0.28,0.2481650130548303,0.0010443864229765013,55
benzene_50,olive,0.3,0.25052567449956487,0.0010443864229765013,55
benzene_50,olive,0.32,0.25170548302872064,0.0010443864229765013,55
benzene_50,olive,0.34,0.25188407310704963,0.0010443864229765013,55
benzene_50,olive,0.36,0.25493263707571806,0.0010443864229765013,55
benzene_50,olive,0.38,0.25529712793733683,0.0010443864229765013,55
benzene_50,olive,0.4,0.2545587467362925,0.0010443864229765013,55
benzene_50,olive,0.42,0.25579843342036557,0.0010443864229765013,55
benzene_50,olive,0.44,0.25703812010443866,0.0010443864229765013,55
benzene_50,olive,0.46,0.25767702349869454,0.0010443864229765013,55
benzene_50,olive,0.48,0.2586067885117494,0.0010443864229765013,55
benzene_50,olive,0.5,0.2583289817232376,0.0010443864229765013,55
benzene_50,olive,0.52,0.25870774586597045,0.0010443864229765013,55
benzene_50,olive,0.54,0.25829451697127936,0.0010443864229765013,55
benzene_50,olive,0.56,0.2587028720626632,0.0010443864229765013,55
benzene_50,olive,0.58,0.2595300261096606,0.0010443864229765013,55
benzene_50,olive,0.6,0.25999373368146217,0.0010443864229765013,55
benzene_50,olive,0.62,0.2604896083550914,0.0010443864229765013,55
benzene_50,olive,0.64,0.2605744125326371,0.0010443864229765013,55
benzene_50,olive,0.66,0.26085472584856395,0.0010443864229765013,55
benzene_50,olive,0.68,0.2613506005221932,0.0010443864229765013,55
benzene_50,olive,0.7000000000000001,0.2616187989556136,0.0010443864229765013,55
benzene_50,olive,0.72,0.2617399477806788,0.0010443864229765013,55
benzene_50,olive,0.74,0.2623597911227154,0.0010443864229765013,55
benzene_50,olive,0.76,0.26225169712793733,0.0010443864229765013,55
benzene_50,olive,0.78,0.26281618798955614,0.0010443864229765013,55
benzene_50,olive,0.8,0.2634360313315927,0.0010443864229765013,55
benzene_50,olive,0.8200000000000001,0.2628375979112271,0.0010443864229765013,55
benzene_50,olive,0.84,0.2637075718015666,0.0010443864229765013,55
benzene_50,olive,0.86,0.2637075718015666,0.0010443864229765013,55
benzene_50,olive,0.88,0.2637075718015666,0.0010443864229765013,55
benzene_50,olive,0.9,0.2637075718015666,0.0010443864229765013,55
benzene_50,olive,0.92,0.2635626109660575,0.0010443864229765013,55
benzene_50,olive,0.9400000000000001,0.2643064229765013,0.0010443864229765013,55
benzene_50,olive,0.96,0.2647519582245431,0.0010443864229765013,55
benzene_50,olive,0.98,0.26353733681462144,0.0010443864229765013,55
benzene_50,olive,1.0,0.26466492602262837,0.0010443864229765013,55
benzene_50,olive,1.02,0.2657963446475196,0.0010443864229765013,55
benzene_50,olive,1.04,0.2657963446475196,0.0010443864229765013,55
benzene_50,olive,1.06,0.2657963446475196,0.0010443864229765013,55
benzene_50,olive,1.08,0.2648543080939948,0.0010443864229765013,55
benzene_50,olive,1.1,0.2660939947780679,0.0010443864229765013,55
benzene_50,olive,1.12,0.26684073107049605,0.0010443864229765013,55
benzene_50,olive,1.1400000000000001,0.2669071540469974,0.0010443864229765013,55
benzene_50,olive,1.16,0.2674030287206266,0.0010443864229765013,55
benzene_50,olive,1.18,0.2678851174934726,0.0010443864229765013,55
benzene_50,olive,1.2,0.2678851174934726,0.0010443864229765013,55
benzene_50,olive,1.22,0.2688323759791123,0.0010443864229765013,55
benzene_50,olive,1.24,0.2689295039164491,0.0010443864229765013,55
benzene_50,olive,1.26,0.2689295039164491,0.0010443864229765013,55
benzene_50,olive,1.28,0.2689295039164491,0.0010443864229765013,55
benzene_50,olive,1.3,0.2689295039164491,0.0010443864229765013,55
benzene_50,olive,1.32,0.2689295039164491,0.0010443864229765013,55
benzene_50,olive,1.34,0.26740078328981726,0.0010443864229765013,55
benzene_50,olive,1.36,0.26895039164490864,0.0010443864229765013,55
benzene_50,olive,1.3800000000000001,0.2699738903394256,0.0010443864229765013,55
benzene_50,olive,1.4000000000000001,0.2699738903394256,0.0010443864229765013,55
benzene_50,olive,1.42,0.2699738903394256,0.0010443864229765013,55
benzene_50,olive,1.44,0.2699738903394256,0.0010443864229765013,55
benzene_50,olive,1.46,0.2706537859007833,0.0010443864229765013,55
benzene_50,olive,1.48,0.2710182767624021,0.0010443864229765013,55
benzene_50,olive,1.5,0.2710182767624021,0.0010443864229765013,55
benzene_50,olive,1.52,0.2710182767624021,0.0010443864229765013,55
benzene_50,olive,1.54,0.27118496083550914,0.0010443864229765013,55
benzene_50,olive,1.56,0.2716808355091384,0.0010443864229765013,55
benzene_50,olive,1.58,0.2720626631853786,0.0010443864229765013,55
benzene_50,olive,1.6,0.2720626631853786,0.0010443864229765013,55
benzene_50,olive,1.62,0.2720626631853786,0.0010443864229765013,55
benzene_50,olive,1.6400000000000001,0.2720626631853786,0.0010443864229765013,55
benzene_50,olive,1.6600000000000001,0.2715185378590078,0.0010443864229765013,55
benzene_50,olive,1.68,0.27175770234986946,0.0010443864229765013,55
benzene_50,olive,1.7,0.2729973890339426,0.0010443864229765013,55
benzene_50,olive,1.72,0.27310704960835513,0.0010443864229765013,55
benzene_50,olive,1.74,0.27310704960835513,0.0010443864229765013,55
benzene_50,olive,1.76,0.27310704960835513,0.0010443864229765013,55
benzene_50,olive,1.78,0.2732563968668408,0.0010443864229765013,55
benzene_50,olive,1.8,0.27415143603133163,0.0010443864229765013,55
benzene_50,olive,1.82,0.27415143603133163,0.0010443864229765013,55
benzene_50,olive,1.84,0.27415143603133163,0.0010443864229765013,55
benzene_50,olive,1.86,0.27415143603133163,0.0010443864229765013,55
benzene_50,olive,1.8800000000000001,0.274714360313316,0.0010443864229765013,55
benzene_50,olive,1.9000000000000001,0.2746422976501306,0.0010443864229765013,55
benzene_50,olive,1.92,0.27514569190600524,0.0010443864229765013,55
benzene_50,olive,1.94,0.2751958224543081,0.0010443864229765013,55
benzene_50,olive,1.96,0.2751958224543081,0.0010443864229765013,55
benzene_50,olive,1.98,0.2751958224543081,0.0010443864229765013,55
benzene_50,olive,2.0,0.2751958224543081,0.0010443864229765013,55
benzene_50,olive,2.02,0.2751958224543081,0.0010443864229765013,55
benzene_50,olive,2.04,0.2751958224543081,0.0010443864229765013,55
benzene_50,olive,2.06,0.27577253263707574,0.0010443864229765013,55
benzene_50,olive,2.08,0.27602046997389035,0.0010443864229765013,55
benzene_50,olive,2.1,0.27624020887728457,0.0010443864229765013,55
benzene_50,olive,2.12,0.27624020887728457,0.0010443864229765013,55
benzene_50,olive,2.14,0.27624020887728457,0.0010443864229765013,55
benzene_50,olive,2.16,0.27624020887728457,0.0010443864229765013,55
benzene_50,olive,2.18,0.27624020887728457,0.0010443864229765013,55
benzene_50,olive,2.2,0.27647832898172325,0.0010443864229765013,55
benzene_50,olive,2.22,0.27697420365535247,0.0010443864229765013,55
benzene_50,olive,2.24,0.2772845953002611,0.0010443864229765013,55
benzene_50,olive,2.2600000000000002,0.2772845953002611,0.0010443864229765013,55
benzene_50,olive,2.2800000000000002,0.2772845953002611,0.0010443864229765013,55
benzene_50,olive,2.3000000000000003,0.2772845953002611,0.0010443864229765013,55
benzene_50,olive,2.32,0.2772845953002611,0.0010443864229765013,55
benzene_50,olive,2.34,0.2772845953002611,0.0010443864229765013,55
benzene_50,olive,2.36,0.2772845953002611,0.0010443864229765013,55
benzene_50,olive,2.38,0.2772845953002611,0.0010443864229765013,55
benzene_50,olive,2.4,0.2772845953002611,0.0010443864229765013,55
benzene_50,olive,2.42,0.27754652741514363,0.0010443864229765013,55
benzene_50,olive,2.44,0.27804240208877284,0.0010443864229765013,55
benzene_50,olive,2.46,0.2783289817232376,0.0010443864229765013,55
benzene_50,olive,2.48,0.2783289817232376,0.0010443864229765013,55
benzene_50,olive,2.5,0.2783289817232376,0.0010443864229765013,55
benzene_50,olive,2.52,0.2783289817232376,0.0010443864229765013,55
benzene_50,olive,2.54,0.2783289817232376,0.0010443864229765013,55
benzene_50,olive,2.56,0.2783289817232376,0.0010443864229765013,55
benzene_50,olive,2.58,0.2783289817232376,0.0010443864229765013,55
benzene_50,olive,2.6,0.2783289817232376,0.0010443864229765013,55
benzene_50,olive,2.62,0.2783289817232376,0.0010443864229765013,55
benzene_50,olive,2.64,0.2783289817232376,0.0010443864229765013,55
benzene_50,olive,2.66,0.2783289817232376,0.0010443864229765013,55
benzene_50,olive,2.68,0.278450130548303,0.0010443864229765013,55
benzene_50,olive,2.7,0.2788511749347259,0.0010443864229765013,55
benzene_50,olive,2.72,0.2793733681462141,0.0010443864229765013,55
benzene_50,olive,2.74,0.279139634464752,0.0010443864229765013,55
benzene_50,olive,2.7600000000000002,0.2788916971279374,0.0010443864229765013,55
benzene_50,olive,2.7800000000000002,0.2788511749347259,0.0010443864229765013,55
benzene_50,olive,2.8000000000000003,0.2788511749347259,0.0010443864229765013,55
benzene_50,olive,2.82,0.2788511749347259,0.0010443864229765013,55
benzene_50,olive,2.84,0.2788511749347259,0.0010443864229765013,55
benzene_50,olive,2.86,0.2788511749347259,0.0010443864229765013,55
benzene_50,olive,2.88,0.2788511749347259,0.0010443864229765013,55
benzene_50,olive,2.9,0.2789712793733682,0.0010443864229765013,55
benzene_50,olive,2.92,0.2793733681462141,0.0010443864229765013,55
benzene_50,olive,2.94,0.27916678851174936,0.0010443864229765013,55
benzene_50,olive,2.96,0.27891885117493476,0.0010443864229765013,55
benzene_50,olive,2.98,0.2788511749347259,0.0010443864229765013,55
benzene_50,olive,3.0,,0.0010443864229765013,55
benzene_50,olive,3.02,,0.0010443864229765013,55
benzene_50,olive,3.04,,0.0010443864229765013,55
benzene_50,olive,3.06,,0.0010443864229765013,55
benzene_50,olive,3.08,0.2793733681462141,0.0010443864229765013,55
benzene_50,olive,3.1,0.2793733681462141,0.0010443864229765013,55
benzene_50,olive,3.12,0.2791285639686684,0.0010443864229765013,55
benzene_50,olive,3.14,0.2788806266318538,0.0010443864229765013,55
benzene_50,olive,3.16,0.27988755439512625,0.0010443864229765013,55
benzene_50,olive,3.18,0.2796809399477807,0.0010443864229765013,55
benzene_50,olive,3.2,0.27947432550043516,0.0010443864229765013,55
benzene_50,olive,3.22,0.2793733681462141,0.0010443864229765013,55
benzene_50,olive,3.24,0.2793295039164491,0.0010443864229765013,55
benzene_50,olive,3.2600000000000002,0.27915240581872436,0.0010443864229765013,55
benzene_50,olive,3.2800000000000002,0.27897530772099965,0.0010443864229765013,55
benzene_50,olive,3.3000000000000003,0.27922193211488255,0.0010443864229765013,55
benzene_50,olive,3.3200000000000003,0.2793733681462141,0.0010443864229765013,55
benzene_50,olive,3.34,0.2793733681462141,0.0010443864229765013,55
benzene_50,olive,3.36,0.2793113017530772,0.0010443864229765013,55
benzene_50,olive,3.38,0.2791342036553525,0.0010443864229765013,55
benzene_50,olive,3.4,0.27895710555762776,0.0010443864229765013,55
benzene_50,olive,3.42,0.27934934725848565,0.0010443864229765013,55
benzene_50,olive,3.44,0.27933911227154046,0.0010443864229765013,55
benzene_50,olive,3.46,0.27909117493472585,0.0010443864229765013,55
benzene_50,olive,3.48,0.2788511749347259,0.0010443864229765013,55
benzene_50,olive,3.5,0.2790861618798956,0.0010443864229765013,55
benzene_50,olive,3.52,0.2793733681462141,0.0010443864229765013,55
benzene_50,olive,3.54,0.2793733681462141,0.0010443864229765013,55
benzene_50,olive,3.56,0.2791498694516972,0.0010443864229765013,55
benzene_50,olive,3.58,0.2798955613577024,0.0010443864229765013,55
benzene_50,olive,3.6,0.2798955613577024,0.0010443864229765013,55
benzene_50,olive,3.62,0.2798955613577024,0.0010443864229765013,55
benzene_50,olive,3.64,0.2798955613577024,0.0010443864229765013,55
benzene_50,olive,3.66,0.2798955613577024,0.0010443864229765013,55
benzene_50,olive,3.68,0.2798955613577024,0.0010443864229765013,55
benzene_50,olive,3.7,0.2798955613577024,0.0010443864229765013,55
benzene_50,olive,3.72,0.2798955613577024,0.0010443864229765013,55
benzene_50,olive,3.74,0.2798955613577024,0.0010443864229765013,55
benzene_50,olive,3.7600000000000002,0.2798955613577024,0.0010443864229765013,55
benzene_50,olive,3.7800000000000002,0.2798955613577024,0.0010443864229765013,55
benzene_50,olive,3.8000000000000003,,0.0010443864229765013,55
benzene_50,olive,3.8200000000000003,,0.0010443864229765013,55
benzene_50,olive,3.84,,0.0010443864229765013,55
benzene_50,olive,3.86,,0.0010443864229765013,55
benzene_50,olive,3.88,,0.0010443864229765013,55
benzene_50,olive,3.9,,0.0010443864229765013,55
benzene_50,olive,3.92,,0.0010443864229765013,55
benzene_50,olive,3.94,,0.0010443864229765013,55
benzene_50,olive,3.96,,0.0010443864229765013,55
benzene_50,olive,3.98,,0.0010443864229765013,55
benzene_50,olive,4.0,,0.0010443864229765013,55
benzene_50,olive,4.0200000000000005,,0.0010443864229765013,55
benzene_50,olive,4.04,0.2798955613577024,0.0010443864229765013,55
benzene_50,olive,4.0600000000000005,0.2798955613577024,0.0010443864229765013,55
benzene_50,olive,4.08,0.2810945169712794,0.0010443864229765013,55
benzene_50,olive,4.1,0.28233420365535244,0.0010443864229765013,55
benzene_50,olive,4.12,0.2819690165361184,0.0010443864229765013,55
benzene_50,olive,4.14,0.2811425587467363,0.0010443864229765013,55
benzene_50,olive,4.16,0.28031610095735426,0.0010443864229765013,55
benzene_50,olive,4.18,0.28137545691906,0.0010443864229765013,55
benzene_50,olive,4.2,0.280710182767624,0.0010443864229765013,55
benzene_50,olive,4.22,0.2803559865721746,0.0010443864229765013,55
benzene_50,olive,4.24,0.2800017903767251,0.0010443864229765013,55
benzene_50,olive,4.26,0.2798955613577024,0.0010443864229765013,55
benzene_50,olive,4.28,0.2801613577023499,0.0010443864229765013,55
benzene_50,olive,4.3,0.28047127937336813,0.0010443864229765013,55
benzene_50,olive,4.32,0.2807812010443864,0.0010443864229765013,55
benzene_50,olive,4.34,,0.0010443864229765013,55
benzene_50,olive,4.36,,0.0010443864229765013,55
benzene_50,olive,4.38,,0.0010443864229765013,55
benzene_50,olive,4.4,,0.0010443864229765013,55
benzene_50,olive,4.42,,0.0010443864229765013,55
benzene_50,olive,4.44,,0.0010443864229765013,55
benzene_50,olive,4.46,0.2798955613577024,0.0010443864229765013,55
benzene_50,olive,4.48,0.2798955613577024,0.0010443864229765013,55
benzene_50,olive,4.5,0.2798955613577024,0.0010443864229765013,55
benzene_50,olive,4.5200000000000005,0.2798955613577024,0.0010443864229765013,55
benzene_50,olive,4.54,0.28166311077955986,0.0010443864229765013,55
benzene_50,olive,4.5600000000000005,0.2821944050727341,0.0010443864229765013,55
benzene_50,olive,4.58,0.28272569936590825,0.0010443864229765013,55
benzene_50,olive,4.6000000000000005,0.28301618798955613,0.0010443864229765013,55
benzene_50,olive,4.62,0.28152856396866843,0.0010443864229765013,55
benzene_50,olive,4.64,0.28004093994778073,0.0010443864229765013,55
benzene_50,olive,4.66,0.2798955613577024,0.0010443864229765013,55
benzene_50,olive,4.68,0.2798955613577024,0.0010443864229765013,55
benzene_50,olive,4.7,0.2798955613577024,0.0010443864229765013,55
benzene_50,olive,4.72,0.2798955613577024,0.0010443864229765013,55
benzene_50,olive,4.74,0.2798955613577024,0.0010443864229765013,55
benzene_50,olive,4.76,0.2798955613577024,0.0010443864229765013,55
benzene_50,olive,4.78,0.2798955613577024,0.0010443864229765013,55
benzene_50,olive,4.8,0.2798955613577024,0.0010443864229765013,55
benzene_50,olive,4.82,0.2798955613577024,0.0010443864229765013,55
benzene_50,olive,4.84,0.2798955613577024,0.0010443864229765013,55
benzene_50,olive,4.86,0.2798955613577024,0.0010443864229765013,55
benzene_50,olive,4.88,0.2798955613577024,0.0010443864229765013,55
benzene_50,olive,4.9,0.2798955613577024,0.0010443864229765013,55
benzene_50,olive,4.92,,0.0010443864229765013,55
benzene_50,olive,4.94,,0.0010443864229765013,55
benzene_50,olive,4.96,,0.0010443864229765013,55
benzene_50,olive,4.98,,0.0010443864229765013,55
benzene_50,olive,5.0,,0.0010443864229765013,55
benzene_50,olive,5.0200000000000005,,0.0010443864229765013,55
benzene_50,olive,5.04,,0.0010443864229765013,55
benzene_50,olive,5.0600000000000005,0.2776093994778069,0.0010443864229765013,55
benzene_50,olive,5.08,0.27520104438642295,0.0010443864229765013,55
benzene_50,olive,5.1000000000000005,0.27258485639686686,0.0010443864229765013,55
benzene_50,olive,5.12,0.27206684073107046,0.0010443864229765013,55
benzene_50,olive,5.14,0.2705577023498695,0.0010443864229765013,55
benzene_50,olive,5.16,0.2715404699738903,0.0010443864229765013,55
benzene_50,olive,5.18,0.27237493472584867,0.0010443864229765013,55
benzene_50,olive,5.2,0.2708302872062663,0.0010443864229765013,55
benzene_50,olive,5.22,0.26913107049608354,0.0010443864229765013,55
benzene_50,olive,5.24,0.26872313315926893,0.0010443864229765013,55
benzene_50,olive,5.26,0.2682272584856397,0.0010443864229765013,55
benzene_50,olive,5.28,0.2675007832898172,0.0010443864229765013,55
benzene_50,olive,5.3,0.2672480417754569,0.0010443864229765013,55
benzene_50,olive,5.32,0.26476866840731067,0.0010443864229765013,55
benzene_50,olive,5.34,0.2657963446475196,0.0010443864229765013,55
benzene_50,olive,5.36,0.2653953002610967,0.0010443864229765013,55
benzene_50,olive,5.38,0.2638395126196693,0.0010443864229765013,55
benzene_50,olive,5.4,0.2636762402088774,0.0010443864229765013,55
benzene_50,olive,5.42,0.2637075718015666,0.0010443864229765013,55
benzene_50,olive,5.44,0.2632563968668407,0.0010443864229765013,55
benzene_50,olive,5.46,0.26266318537859007,0.0010443864229765013,55
benzene_50,olive,5.48,0.26214099216710185,0.0010443864229765013,55
benzene_50,olive,5.5,0.2623302872062663,0.0010443864229765013,55
benzene_50,olive,5.5200000000000005,0.26140052219321147,0.0010443864229765013,55
benzene_50,olive,5.54,0.2605744125326371,0.0010443864229765013,55
benzene_50,olive,5.5600000000000005,0.26036845953002613,0.0010443864229765013,55
benzene_50,olive,5.58,0.2601205221932115,0.0010443864229765013,55
benzene_50,olive,5.6000000000000005,0.2595300261096606,0.0010443864229765013,55
benzene_50,olive,5.62,0.25941577023498696,0.0010443864229765013,55
benzene_50,olive,5.64,0.25916783289817236,0.0010443864229765013,55
benzene_50,olive,5.66,0.25856814621409924,0.0010443864229765013,55
benzene_50,olive,5.68,0.2584630809399478,0.0010443864229765013,55
benzene_50,olive,5.7,0.25821514360313313,0.0010443864229765013,55
benzene_50,olive,5.72,0.2579672062663185,0.0010443864229765013,55
benzene_50,olive,5.74,0.2574412532637076,0.0010443864229765013,55
benzene_50,olive,5.76,0.2574412532637076,0.0010443864229765013,55
benzene_50,olive,5.78,0.2574412532637076,0.0010443864229765013,55
benzene_50,olive,5.8,0.2569190600522193,0.0010443864229765013,55
benzene_50,olive,5.82,0.257223498694517,0.0010443864229765013,55
benzene_50,olive,5.84,0.2566036553524804,0.0010443864229765013,55
benzene_50,olive,5.86,0.2563968668407311,0.0010443864229765013,55
benzene_50,olive,5.88,0.256197180156658,0.0010443864229765013,55
benzene_50,olive,5.9,0.2557013054830287,0.0010443864229765013,55
benzene_50,olive,5.92,0.2553524804177546,0.0010443864229765013,55
benzene_50,olive,5.94,0.2553524804177546,0.0010443864229765013,55
benzene_50,olive,5.96,0.2553524804177546,0.0010443864229765013,55
benzene_50,olive,5.98,0.2553524804177546,0.0010443864229765013,55
benzene_50,olive,6.0,0.2553524804177546,0.0010443864229765013,55
benzene_50,olive,6.0200000000000005,0.2549415143603133,0.0010443864229765013,55
benzene_50,olive,6.04,0.2543216710182768,0.0010443864229765013,55
benzene_50,olive,6.0600000000000005,0.2543080939947781,0.0010443864229765013,55
benzene_50,olive,6.08,0.2543080939947781,0.0010443864229765013,55
benzene_50,olive,6.1000000000000005,0.2543080939947781,0.0010443864229765013,55
benzene_50,olive,6.12,0.2543080939947781,0.0010443864229765013,55
benzene_50,olive,6.140000000000001,0.2541372323759791,0.0010443864229765013,55
benzene_50,olive,6.16,0.25364135770234986,0.0010443864229765013,55
benzene_50,olive,6.18,0.25326370757180156,0.0010443864229765013,55
benzene_50,olive,6.2,0.25326370757180156,0.0010443864229765013,55
benzene_50,olive,6.22,0.25326370757180156,0.0010443864229765013,55
benzene_50,olive,6.24,0.25326370757180156,0.0010443864229765013,55
benzene_50,olive,6.26,0.25326370757180156,0.0010443864229765013,55
benzene_50,olive,6.28,0.25326370757180156,0.0010443864229765013,55
benzene_50,olive,6.3,0.25326370757180156,0.0010443864229765013,55
benzene_50,olive,6.32,0.25326370757180156,0.0010443864229765013,55
benzene_50,olive,6.34,0.2531471540469974,0.0010443864229765013,55
benzene_50,olive,6.36,0.2526512793733681,0.0010443864229765013,55
benzene_50,olive,6.38,0.25221932114882506,0.0010443864229765013,55
benzene_50,olive,6.4,0.25221932114882506,0.0010443864229765013,55
benzene_50,olive,6.42,0.25221932114882506,0.0010443864229765013,55
benzene_50,olive,6.44,0.25221932114882506,0.0010443864229765013,55
benzene_50,olive,6.46,0.25221932114882506,0.0010443864229765013,55
benzene_50,olive,6.48,0.25221932114882506,0.0010443864229765013,55
benzene_50,olive,6.5,0.25221932114882506,0.0010443864229765013,55
benzene_50,olive,6.5200000000000005,0.25221932114882506,0.0010443864229765013,55
benzene_50,olive,6.54,0.25221932114882506,0.0010443864229765013,55
benzene_50,olive,6.5600000000000005,0.25221932114882506,0.0010443864229765013,55
benzene_50,olive,6.58,0.25221932114882506,0.0010443864229765013,55
benzene_50,olive,6.6000000000000005,0.25221932114882506,0.0010443864229765013,55
benzene_50,olive,6.62,0.2514976501305483,0.0010443864229765013,55
benzene_50,olive,6.640000000000001,0.25117493472584856,0.0010443864229765013,55
benzene_50,olive,6.66,0.25117493472584856,0.0010443864229765013,55
benzene_50,olive,6.68,0.25117493472584856,0.0010443864229765013,55
benzene_50,olive,6.7,0.25117493472584856,0.0010443864229765013,55
benzene_50,olive,6.72,0.25117493472584856,0.0010443864229765013,55
benzene_50,olive,6.74,0.25117493472584856,0.0010443864229765013,55
benzene_50,olive,6.76,0.25117493472584856,0.0010443864229765013,55
benzene_50,olive,6.78,0.25117493472584856,0.0010443864229765013,55
benzene_50,olive,6.8,0.25117493472584856,0.0010443864229765013,55
benzene_50,olive,6.82,0.25117493472584856,0.0010443864229765013,55
benzene_50,olive,6.84,0.25117493472584856,0.0010443864229765013,55
benzene_50,olive,6.86,0.25117493472584856,0.0010443864229765013,55
benzene_50,olive,6.88,0.25117493472584856,0.0010443864229765013,55
benzene_50,olive,6.9,0.25117493472584856,0.0010443864229765013,55
benzene_50,olive,6.92,0.25117493472584856,0.0010443864229765013,55
benzene_50,olive,6.94,0.25117493472584856,0.0010443864229765013,55
benzene_50,olive,6.96,0.25117493472584856,0.0010443864229765013,55
benzene_50,olive,6.98,0.25117493472584856,0.0010443864229765013,55
benzene_50,olive,7.0,0.25117493472584856,0.0010443864229765013,55
benzene_50,olive,7.0200000000000005,0.2509374412532637,0.0010443864229765013,55
benzene_50,olive,7.04,0.2506895039164491,0.0010443864229765013,55
benzene_50,olive,7.0600000000000005,0.25013054830287207,0.0010443864229765013,55
benzene_50,olive,7.08,0.24981514360313314,0.0010443864229765013,55
benzene_50,olive,7.1000000000000005,0.25013054830287207,0.0010443864229765013,55
benzene_50,olive,7.12,0.25013054830287207,0.0010443864229765013,55
benzene_50,olive,7.140000000000001,0.25013054830287207,0.0010443864229765013,55
benzene_50,olive,7.16,0.25013054830287207,0.0010443864229765013,55
benzene_50,olive,7.18,0.25013054830287207,0.0010443864229765013,55
benzene_50,olive,7.2,0.25013054830287207,0.0010443864229765013,55
benzene_50,olive,7.22,0.25013054830287207,0.0010443864229765013,55
benzene_50,olive,7.24,0.25013054830287207,0.0010443864229765013,55
benzene_50,olive,7.26,0.25013054830287207,0.0010443864229765013,55
benzene_50,olive,7.28,0.25013054830287207,0.0010443864229765013,55
benzene_50,olive,7.3,0.25013054830287207,0.0010443864229765013,55
benzene_50,olive,7.32,0.25013054830287207,0.0010443864229765013,55
benzene_50,olive,7.34,0.25013054830287207,0.0010443864229765013,55
benzene_50,olive,7.36,0.25013054830287207,0.0010443864229765013,55
benzene_50,olive,7.38,0.25013054830287207,0.0010443864229765013,55
benzene_50,olive,7.4,0.25013054830287207,0.0010443864229765013,55
benzene_50,olive,7.42,0.25013054830287207,0.0010443864229765013,55
benzene_50,olive,7.44,0.25013054830287207,0.0010443864229765013,55
benzene_50,olive,7.46,0.25013054830287207,0.0010443864229765013,55
benzene_50,olive,7.48,0.25013054830287207,0.0010443864229765013,55
benzene_50,olive,7.5,0.25013054830287207,0.0010443864229765013,55
benzene_50,olive,7.5200000000000005,0.25013054830287207,0.0010443864229765013,55
benzene_50,olive,7.54,0.25013054830287207,0.0010443864229765013,55
benzene_50,olive,7.5600000000000005,0.25013054830287207,0.0010443864229765013,55
benzene_50,olive,7.58,0.25013054830287207,0.0010443864229765013,55
benzene_50,olive,7.6000000000000005,0.25013054830287207,0.0010443864229765013,55
benzene_50,olive,7.62,0.25013054830287207,0.0010443864229765013,55
benzene_50,olive,7.640000000000001,0.25013054830287207,0.0010443864229765013,55
benzene_50,olive,7.66,0.25013054830287207,0.0010443864229765013,55
benzene_50,olive,7.68,0.25013054830287207,0.0010443864229765013,55
benzene_50,olive,7.7,0.25013054830287207,0.0010443864229765013,55
benzene_50,olive,7.72,0.25013054830287207,0.0010443864229765013,55
benzene_50,olive,7.74,0.25013054830287207,0.0010443864229765013,55
benzene_50,olive,7.76,0.25013054830287207,0.0010443864229765013,55
benzene_50,olive,7.78,0.25013054830287207,0.0010443864229765013,55
benzene_50,olive,7.8,0.25013054830287207,0.0010443864229765013,55
benzene_50,olive,7.82,0.25013054830287207,0.0010443864229765013,55
benzene_50,olive,7.84,0.25013054830287207,0.0010443864229765013,55
benzene_50,olive,7.86,0.25013054830287207,0.0010443864229765013,55
benzene_50,olive,7.88,0.25013054830287207,0.0010443864229765013,55
benzene_50,olive,7.9,0.25013054830287207,0.0010443864229765013,55
benzene_50,olive,7.92,0.25013054830287207,0.0010443864229765013,55
benzene_50,olive,7.94,0.25013054830287207,0.0010443864229765013,55
benzene_50,olive,7.96,0.25013054830287207,0.0010443864229765013,55
benzene_50,olive,7.98,0.25013054830287207,0.0010443864229765013,55
benzene_50,olive,8.0,0.25013054830287207,0.0010443864229765013,55
benzene_50,olive,8.02,0.25013054830287207,0.0010443864229765013,55
benzene_50,olive,8.040000000000001,0.25013054830287207,0.0010443864229765013,55
benzene_50,olive,8.06,0.25013054830287207,0.0010443864229765013,55
benzene_50,olive,8.08,0.25013054830287207,0.0010443864229765013,55
benzene_50,olive,8.1,0.25013054830287207,0.0010443864229765013,55
benzene_50,olive,8.120000000000001,0.25013054830287207,0.0010443864229765013,55
benzene_50,olive,8.14,0.25013054830287207,0.0010443864229765013,55
benzene_50,olive,8.16,0.25013054830287207,0.0010443864229765013,55
benzene_50,olive,8.18,0.2496261096605745,0.0010443864229765013,55
benzene_50,olive,8.2,0.24915718015665791,0.0010443864229765013,55
benzene_50,olive,8.22,0.2496530548302872,0.0010443864229765013,55
benzene_50,olive,8.24,0.25013054830287207,0.0010443864229765013,55
benzene_50,olive,8.26,0.25013054830287207,0.0010443864229765013,55
benzene_50,olive,8.28,0.24853263707571818,0.0010443864229765013,55
benzene_50,olive,8.3,0.24826109660574422,0.0010443864229765013,55
benzene_50,olive,8.32,0.24908616187989555,0.0010443864229765013,55
benzene_50,olive,8.34,0.24908616187989555,0.0010443864229765013,55
benzene_50,olive,8.36,0.24908616187989555,0.0010443864229765013,55
benzene_50,olive,8.38,0.24939321148825047,0.0010443864229765013,55
benzene_50,olive,8.4,0.24908616187989555,0.0010443864229765013,55
benzene_50,olive,8.42,0.2486120104438641,0.0010443864229765013,55
benzene_50,olive,8.44,0.24860052219321144,0.0010443864229765013,55
benzene_50,olive,8.46,0.24908616187989555,0.0010443864229765013,55
benzene_50,olive,8.48,0.24908616187989555,0.0010443864229765013,55
benzene_50,olive,8.5,0.2487467362924282,0.0010443864229765013,55
benzene_50,olive,8.52,0.24908616187989555,0.0010443864229765013,55
benzene_50,olive,8.540000000000001,0.24908616187989555,0.0010443864229765013,55
benzene_50,olive,8.56,0.24908616187989555,0.0010443864229765013,55
benzene_50,olive,8.58,0.24908616187989555,0.0010443864229765013,55
benzene_50,olive,8.6,0.24908616187989555,0.0010443864229765013,55
benzene_50,olive,8.620000000000001,0.24908616187989555,0.0010443864229765013,55
benzene_50,olive,8.64,0.24908616187989555,0.0010443864229765013,55
benzene_50,olive,8.66,0.24908616187989555,0.0010443864229765013,55
benzene_50,olive,8.68,0.24908616187989555,0.0010443864229765013,55
benzene_50,olive,8.700000000000001,0.24908616187989555,0.0010443864229765013,55
benzene_50,olive,8.72,0.24908616187989555,0.0010443864229765013,55
benzene_50,olive,8.74,0.24908616187989555,0.0010443864229765013,55
benzene_50,olive,8.76,0.24908616187989555,0.0010443864229765013,55
benzene_50,olive,8.78,0.24908616187989555,0.0010443864229765013,55
benzene_50,olive,8.8,0.24908616187989555,0.0010443864229765013,55
benzene_50,olive,8.82,0.24908616187989555,0.0010443864229765013,55
benzene_50,olive,8.84,0.24908616187989555,0.0010443864229765013,55
benzene_50,olive,8.86,0.24908616187989555,0.0010443864229765013,55
benzene_50,olive,8.88,0.24908616187989555,0.0010443864229765013,55
benzene_50,olive,8.9,0.24908616187989555,0.0010443864229765013,55
benzene_50,olive,8.92,0.24908616187989555,0.0010443864229765013,55
benzene_50,olive,8.94,0.24908616187989555,0.0010443864229765013,55
benzene_50,olive,8.96,0.24908616187989555,0.0010443864229765013,55
benzene_50,olive,8.98,0.24908616187989555,0.0010443864229765013,55
benzene_50,olive,9.0,0.24908616187989555,0.0010443864229765013,55
benzene_50,olive,9.02,0.24908616187989555,0.0010443864229765013,55
benzene_50,olive,9.040000000000001,0.24908616187989555,0.0010443864229765013,55
benzene_50,olive,9.06,0.24908616187989555,0.0010443864229765013,55
benzene_50,olive,9.08,0.24908616187989555,0.0010443864229765013,55
benzene_50,olive,9.1,0.24908616187989555,0.0010443864229765013,55
benzene_50,olive,9.120000000000001,0.24908616187989555,0.0010443864229765013,55
benzene_50,olive,9.14,0.24908616187989555,0.0010443864229765013,55
benzene_50,olive,9.16,0.24908616187989555,0.0010443864229765013,55
benzene_50,olive,9.18,0.24908616187989555,0.0010443864229765013,55
benzene_50,olive,9.200000000000001,0.24908616187989555,0.0010443864229765013,55
benzene_50,olive,9.22,0.24908616187989555,0.0010443864229765013,55
benzene_50,olive,9.24,0.24908616187989555,0.0010443864229765013,55
benzene_50,olive,9.26,0.24908616187989555,0.0010443864229765013,55
benzene_50,olive,9.28,0.24908616187989555,0.0010443864229765013,55
benzene_50,olive,9.3,0.24908616187989555,0.0010443864229765013,55
benzene_50,olive,9.32,0.24908616187989555,0.0010443864229765013,55
benzene_50,olive,9.34,0.24908616187989555,0.0010443864229765013,55
benzene_50,olive,9.36,0.24908616187989555,0.0010443864229765013,55
benzene_50,olive,9.38,0.24908616187989555,0.0010443864229765013,55
benzene_50,olive,9.4,0.24908616187989555,0.0010443864229765013,55
benzene_50,olive,9.42,0.24908616187989555,0.0010443864229765013,55
benzene_50,olive,9.44,0.24908616187989555,0.0010443864229765013,55
benzene_50,olive,9.46,0.24908616187989555,0.0010443864229765013,55
benzene_50,olive,9.48,0.24908616187989555,0.0010443864229765013,55
benzene_50,olive,9.5,0.24908616187989555,0.0010443864229765013,55
benzene_50,olive,9.52,0.24908616187989555,0.0010443864229765013,55
benzene_50,olive,9.540000000000001,0.24908616187989555,0.0010443864229765013,55
benzene_50,olive,9.56,0.24908616187989555,0.0010443864229765013,55
benzene_50,olive,9.58,0.24908616187989555,0.0010443864229765013,55
benzene_50,olive,9.6,0.24908616187989555,0.0010443864229765013,55
benzene_50,olive,9.620000000000001,0.24908616187989555,0.0010443864229765013,55
benzene_50,olive,9.64,0.24908616187989555,0.0010443864229765013,55
benzene_50,olive,9.66,0.24908616187989555,0.0010443864229765013,55
benzene_50,olive,9.68,0.24908616187989555,0.0010443864229765013,55
benzene_50,olive,9.700000000000001,0.24908616187989555,0.0010443864229765013,55
benzene_50,olive,9.72,0.24908616187989555,0.0010443864229765013,55
benzene_50,olive,9.74,0.24908616187989555,0.0010443864229765013,55
benzene_50,olive,9.76,0.24908616187989555,0.0010443864229765013,55
benzene_50,olive,9.78,0.24908616187989555,0.0010443864229765013,55
benzene_50,olive,9.8,0.24908616187989555,0.0010443864229765013,55
benzene_50,olive,9.82,0.24908616187989555,0.0010443864229765013,55
benzene_50,olive,9.84,0.24908616187989555,0.0010443864229765013,55
benzene_50,olive,9.86,0.24908616187989555,0.0010443864229765013,55
benzene_50,olive,9.88,0.24908616187989555,0.0010443864229765013,55
benzene_50,olive,9.9,0.24908616187989555,0.0010443864229765013,55
benzene_50,olive,9.92,0.24908616187989555,0.0010443864229765013,55
benzene_50,olive,9.94,0.24908616187989555,0.0010443864229765013,55
benzene_50,olive,9.96,0.24908616187989555,0.0010443864229765013,55
benzene_50,olive,9.98,0.24908616187989555,0.0010443864229765013,55
benzene_50,olive,10.0,,0.0010443864229765013,55
recycle_minus50,gray,0.0,,0.0008816120906801007,56
recycle_minus50,gray,0.02,,0.0008816120906801007,56
recycle_minus50,gray,0.04,0.15300818639798486,0.0008816120906801007,56
recycle_minus50,gray,0.06,,0.0008816120906801007,56
recycle_minus50,gray,0.08,,0.0008816120906801007,56
recycle_minus50,gray,0.1,,0.0008816120906801007,56
recycle_minus50,gray,0.12,,0.0008816120906801007,56
recycle_minus50,gray,0.14,,0.0008816120906801007,56
recycle_minus50,gray,0.16,0.22874659949622164,0.0008816120906801007,56
recycle_minus50,gray,0.18,0.23407374055415614,0.0008816120906801007,56
recycle_minus50,gray,0.2,0.23934005037783374,0.0008816120906801007,56
recycle_minus50,gray,0.22,0.24215327455919394,0.0008816120906801007,56
recycle_minus50,gray,0.24,0.2470770780856423,0.0008816120906801007,56
recycle_minus50,gray,0.26,0.24925289672544076,0.0008816120906801007,56
recycle_minus50,gray,0.28,0.2512594458438287,0.0008816120906801007,56
recycle_minus50,gray,0.3,0.25179722921914355,0.0008816120906801007,56
recycle_minus50,gray,0.32,0.2535986565910999,0.0008816120906801007,56
recycle_minus50,gray,0.34,0.25434508816120904,0.0008816120906801007,56
recycle_minus50,gray,0.36,0.2535816120906801,0.0008816120906801007,56
recycle_minus50,gray,0.38,0.25485598236775814,0.0008816120906801007,56
recycle_minus50,gray,0.4,0.25610831234256926,0.0008816120906801007,56
recycle_minus50,gray,0.42,0.25677498740554155,0.0008816120906801007,56
recycle_minus50,gray,0.44,0.2574028715365239,0.0008816120906801007,56
recycle_minus50,gray,0.46,0.25787153652392947,0.0008816120906801007,56
recycle_minus50,gray,0.48,0.25787153652392947,0.0008816120906801007,56
recycle_minus50,gray,0.5,,0.0008816120906801007,56
recycle_minus50,gray,0.52,,0.0008816120906801007,56
recycle_minus50,gray,0.54,,0.0008816120906801007,56
recycle_minus50,gray,0.56,,0.0008816120906801007,56
recycle_minus50,gray,0.58,,0.0008816120906801007,56
recycle_minus50,gray,0.6,0.26017254408060453,0.0008816120906801007,56
recycle_minus50,gray,0.62,0.26065690176322415,0.0008816120906801007,56
recycle_minus50,gray,0.64,0.26086619647355164,0.0008816120906801007,56
recycle_minus50,gray,0.66,0.2611079345088161,0.0008816120906801007,56
recycle_minus50,gray,0.68,0.2617136020151133,0.0008816120906801007,56
recycle_minus50,gray,0.7000000000000001,0.26268073047858936,0.0008816120906801007,56
recycle_minus50,gray,0.72,0.26227959697733,0.0008816120906801007,56
recycle_minus50,gray,0.74,0.26227959697733,0.0008816120906801007,56
recycle_minus50,gray,0.76,0.26325465994962216,0.0008816120906801007,56
recycle_minus50,gray,0.78,0.26316120906801005,0.0008816120906801007,56
recycle_minus50,gray,0.8,0.26316120906801005,0.0008816120906801007,56
recycle_minus50,gray,0.8200000000000001,0.2639328400503778,0.0008816120906801007,56
recycle_minus50,gray,0.84,0.26417153652392944,0.0008816120906801007,56
recycle_minus50,gray,0.86,0.26404282115869016,0.0008816120906801007,56
recycle_minus50,gray,0.88,0.2645241813602015,0.0008816120906801007,56
recycle_minus50,gray,0.9,0.26530903652392945,0.0008816120906801007,56
recycle_minus50,gray,0.92,0.2645735516372796,0.0008816120906801007,56
recycle_minus50,gray,0.9400000000000001,0.26505182619647355,0.0008816120906801007,56
recycle_minus50,gray,0.96,0.26557506297229216,0.0008816120906801007,56
recycle_minus50,gray,0.98,0.2650681360201511,0.0008816120906801007,56
recycle_minus50,gray,1.0,0.26580604534005037,0.0008816120906801007,56
recycle_minus50,gray,1.02,0.26580604534005037,0.0008816120906801007,56
recycle_minus50,gray,1.04,0.26580604534005037,0.0008816120906801007,56
recycle_minus50,gray,1.06,0.2663193198992443,0.0008816120906801007,56
recycle_minus50,gray,1.08,0.2665286146095718,0.0008816120906801007,56
recycle_minus50,gray,1.1,0.2666876574307305,0.0008816120906801007,56
recycle_minus50,gray,1.12,0.2666876574307305,0.0008816120906801007,56
recycle_minus50,gray,1.1400000000000001,0.26709637279596976,0.0008816120906801007,56
recycle_minus50,gray,1.16,0.26751496221662463,0.0008816120906801007,56
recycle_minus50,gray,1.18,0.2675692695214105,0.0008816120906801007,56
recycle_minus50,gray,1.2,0.26788664987405536,0.0008816120906801007,56
recycle_minus50,gray,1.22,0.2684098866498741,0.0008816120906801007,56
recycle_minus50,gray,1.24,0.2684508816120907,0.0008816120906801007,56
recycle_minus50,gray,1.26,0.2685885894206549,0.0008816120906801007,56
recycle_minus50,gray,1.28,0.2687978841309824,0.0008816120906801007,56
recycle_minus50,gray,1.3,0.26902833753148614,0.0008816120906801007,56
recycle_minus50,gray,1.32,0.269483249370277,0.0008816120906801007,56
recycle_minus50,gray,1.34,0.2700064861460957,0.0008816120906801007,56
recycle_minus50,gray,1.36,0.26952292191435767,0.0008816120906801007,56
recycle_minus50,gray,1.3800000000000001,0.27021410579345084,0.0008816120906801007,56
recycle_minus50,gray,1.4000000000000001,0.27021410579345084,0.0008816120906801007,56
recycle_minus50,gray,1.42,0.27021410579345084,0.0008816120906801007,56
recycle_minus50,gray,1.44,0.27021410579345084,0.0008816120906801007,56
recycle_minus50,gray,1.46,0.2691135600335852,0.0008816120906801007,56
recycle_minus50,gray,1.48,0.2708576826196474,0.0008816120906801007,56
recycle_minus50,gray,1.5,0.271095717884131,0.0008816120906801007,56
recycle_minus50,gray,1.52,0.2713468010075567,0.0008816120906801007,56
recycle_minus50,gray,1.54,0.2717653904282116,0.0008816120906801007,56
recycle_minus50,gray,1.56,0.27197732997481106,0.0008816120906801007,56
recycle_minus50,gray,1.58,0.27197732997481106,0.0008816120906801007,56
recycle_minus50,gray,1.6,0.27197732997481106,0.0008816120906801007,56
recycle_minus50,gray,1.62,0.27197732997481106,0.0008816120906801007,56
recycle_minus50,gray,1.6400000000000001,0.2724770277078086,0.0008816120906801007,56
recycle_minus50,gray,1.6600000000000001,0.272686322418136,0.0008816120906801007,56
recycle_minus50,gray,1.68,0.27285894206549116,0.0008816120906801007,56
recycle_minus50,gray,1.7,0.27285894206549116,0.0008816120906801007,56
recycle_minus50,gray,1.72,0.27357437027707804,0.0008816120906801007,56
recycle_minus50,gray,1.74,0.2739442065491184,0.0008816120906801007,56
recycle_minus50,gray,1.76,0.27374055415617127,0.0008816120906801007,56
recycle_minus50,gray,1.78,0.27374055415617127,0.0008816120906801007,56
recycle_minus50,gray,1.8,0.27374055415617127,0.0008816120906801007,56
recycle_minus50,gray,1.82,0.27374055415617127,0.0008816120906801007,56
recycle_minus50,gray,1.84,0.2738124937027708,0.0008816120906801007,56
recycle_minus50,gray,1.86,0.2742310831234257,0.0008816120906801007,56
recycle_minus50,gray,1.8800000000000001,0.2746221662468514,0.0008816120906801007,56
recycle_minus50,gray,1.9000000000000001,0.2746221662468514,0.0008816120906801007,56
recycle_minus50,gray,1.92,0.2750418136020151,0.0008816120906801007,56
recycle_minus50,gray,1.94,0.27525869017632243,0.0008816120906801007,56
recycle_minus50,gray,1.96,0.2753503778337531,0.0008816120906801007,56
recycle_minus50,gray,1.98,0.2755037783375315,0.0008816120906801007,56
recycle_minus50,gray,2.0,0.2755037783375315,0.0008816120906801007,56
recycle_minus50,gray,2.02,0.2755037783375315,0.0008816120906801007,56
recycle_minus50,gray,2.04,0.27600982367758187,0.0008816120906801007,56
recycle_minus50,gray,2.06,0.27659609571788407,0.0008816120906801007,56
recycle_minus50,gray,2.08,0.27638539042821153,0.0008816120906801007,56
recycle_minus50,gray,2.1,0.27638539042821153,0.0008816120906801007,56
recycle_minus50,gray,2.12,0.27638539042821153,0.0008816120906801007,56
recycle_minus50,gray,2.14,0.27638539042821153,0.0008816120906801007,56
recycle_minus50,gray,2.16,0.27638539042821153,0.0008816120906801007,56
recycle_minus50,gray,2.18,0.2767746221662468,0.0008816120906801007,56
recycle_minus50,gray,2.2,0.27714357682619645,0.0008816120906801007,56
recycle_minus50,gray,2.22,0.27705277078085644,0.0008816120906801007,56
recycle_minus50,gray,2.24,0.2772670025188917,0.0008816120906801007,56
recycle_minus50,gray,2.2600000000000002,0.2772670025188917,0.0008816120906801007,56
recycle_minus50,gray,2.2800000000000002,0.2772670025188917,0.0008816120906801007,56
recycle_minus50,gray,2.3000000000000003,0.2772670025188917,0.0008816120906801007,56
recycle_minus50,gray,2.32,0.2772670025188917,0.0008816120906801007,56
recycle_minus50,gray,2.34,0.2772670025188917,0.0008816120906801007,56
recycle_minus50,gray,2.36,0.2772670025188917,0.0008816120906801007,56
recycle_minus50,gray,2.38,0.2772670025188917,0.0008816120906801007,56
recycle_minus50,gray,2.4,0.2773445843828715,0.0008816120906801007,56
recycle_minus50,gray,2.42,0.27755387909319895,0.0008816120906801007,56
recycle_minus50,gray,2.44,0.2777078085642317,0.0008816120906801007,56
recycle_minus50,gray,2.46,0.2777078085642317,0.0008816120906801007,56
recycle_minus50,gray,2.48,0.2777078085642317,0.0008816120906801007,56
recycle_minus50,gray,2.5,0.2777078085642317,0.0008816120906801007,56
recycle_minus50,gray,2.52,0.2777078085642317,0.0008816120906801007,56
recycle_minus50,gray,2.54,0.2777078085642317,0.0008816120906801007,56
recycle_minus50,gray,2.56,0.2777078085642317,0.0008816120906801007,56
recycle_minus50,gray,2.58,0.2777078085642317,0.0008816120906801007,56
recycle_minus50,gray,2.6,0.2777624685138539,0.0008816120906801007,56
recycle_minus50,gray,2.62,0.2779717632241814,0.0008816120906801007,56
recycle_minus50,gray,2.64,0.2781486146095718,0.0008816120906801007,56
recycle_minus50,gray,2.66,0.2781486146095718,0.0008816120906801007,56
recycle_minus50,gray,2.68,0.2781486146095718,0.0008816120906801007,56
recycle_minus50,gray,2.7,0.2781486146095718,0.0008816120906801007,56
recycle_minus50,gray,2.72,0.2781486146095718,0.0008816120906801007,56
recycle_minus50,gray,2.74,0.2781486146095718,0.0008816120906801007,56
recycle_minus50,gray,2.7600000000000002,0.2781486146095718,0.0008816120906801007,56
recycle_minus50,gray,2.7800000000000002,0.2781486146095718,0.0008816120906801007,56
recycle_minus50,gray,2.8000000000000003,0.2781486146095718,0.0008816120906801007,56
recycle_minus50,gray,2.82,0.2781486146095718,0.0008816120906801007,56
recycle_minus50,gray,2.84,0.2781486146095718,0.0008816120906801007,56
recycle_minus50,gray,2.86,0.2781486146095718,0.0008816120906801007,56
recycle_minus50,gray,2.88,0.2781486146095718,0.0008816120906801007,56
recycle_minus50,gray,2.9,0.2781486146095718,0.0008816120906801007,56
recycle_minus50,gray,2.92,0.27820186397984886,0.0008816120906801007,56
recycle_minus50,gray,2.94,0.2784111586901763,0.0008816120906801007,56
recycle_minus50,gray,2.96,0.2785894206549118,0.0008816120906801007,56
recycle_minus50,gray,2.98,0.2785894206549118,0.0008816120906801007,56
recycle_minus50,gray,3.0,,0.0008816120906801007,56
recycle_minus50,gray,3.02,,0.0008816120906801007,56
recycle_minus50,gray,3.04,,0.0008816120906801007,56
recycle_minus50,gray,3.06,,0.0008816120906801007,56
recycle_minus50,gray,3.08,,0.0008816120906801007,56
recycle_minus50,gray,3.1,0.2785894206549118,0.0008816120906801007,56
recycle_minus50,gray,3.12,,0.0008816120906801007,56
recycle_minus50,gray,3.14,,0.0008816120906801007,56
recycle_minus50,gray,3.16,,0.0008816120906801007,56
recycle_minus50,gray,3.18,,0.0008816120906801007,56
recycle_minus50,gray,3.2,,0.0008816120906801007,56
recycle_minus50,gray,3.22,,0.0008816120906801007,56
recycle_minus50,gray,3.24,0.2785894206549118,0.0008816120906801007,56
recycle_minus50,gray,3.2600000000000002,,0.0008816120906801007,56
recycle_minus50,gray,3.2800000000000002,,0.0008816120906801007,56
recycle_minus50,gray,3.3000000000000003,,0.0008816120906801007,56
recycle_minus50,gray,3.3200000000000003,,0.0008816120906801007,56
recycle_minus50,gray,3.34,,0.0008816120906801007,56
recycle_minus50,gray,3.36,,0.0008816120906801007,56
recycle_minus50,gray,3.38,,0.0008816120906801007,56
recycle_minus50,gray,3.4,,0.0008816120906801007,56
recycle_minus50,gray,3.42,,0.0008816120906801007,56
recycle_minus50,gray,3.44,,0.0008816120906801007,56
recycle_minus50,gray,3.46,,0.0008816120906801007,56
recycle_minus50,gray,3.48,,0.0008816120906801007,56
recycle_minus50,gray,3.5,,0.0008816120906801007,56
recycle_minus50,gray,3.52,,0.0008816120906801007,56
recycle_minus50,gray,3.54,,0.0008816120906801007,56
recycle_minus50,gray,3.56,,0.0008816120906801007,56
recycle_minus50,gray,3.58,,0.0008816120906801007,56
recycle_minus50,gray,3.6,,0.0008816120906801007,56
recycle_minus50,gray,3.62,,0.0008816120906801007,56
recycle_minus50,gray,3.64,,0.0008816120906801007,56
recycle_minus50,gray,3.66,,0.0008816120906801007,56
recycle_minus50,gray,3.68,,0.0008816120906801007,56
recycle_minus50,gray,3.7,,0.0008816120906801007,56
recycle_minus50,gray,3.72,,0.0008816120906801007,56
recycle_minus50,gray,3.74,,0.0008816120906801007,56
recycle_minus50,gray,3.7600000000000002,,0.0008816120906801007,56
recycle_minus50,gray,3.7800000000000002,,0.0008816120906801007,56
recycle_minus50,gray,3.8000000000000003,,0.0008816120906801007,56
recycle_minus50,gray,3.8200000000000003,,0.0008816120906801007,56
recycle_minus50,gray,3.84,,0.0008816120906801007,56
recycle_minus50,gray,3.86,,0.0008816120906801007,56
recycle_minus50,gray,3.88,,0.0008816120906801007,56
recycle_minus50,gray,3.9,,0.0008816120906801007,56
recycle_minus50,gray,3.92,,0.0008816120906801007,56
recycle_minus50,gray,3.94,,0.0008816120906801007,56
recycle_minus50,gray,3.96,,0.0008816120906801007,56
recycle_minus50,gray,3.98,,0.0008816120906801007,56
recycle_minus50,gray,4.0,,0.0008816120906801007,56
recycle_minus50,gray,4.0200000000000005,,0.0008816120906801007,56
recycle_minus50,gray,4.04,,0.0008816120906801007,56
recycle_minus50,gray,4.0600000000000005,,0.0008816120906801007,56
recycle_minus50,gray,4.08,,0.0008816120906801007,56
recycle_minus50,gray,4.1,,0.0008816120906801007,56
recycle_minus50,gray,4.12,,0.0008816120906801007,56
recycle_minus50,gray,4.14,,0.0008816120906801007,56
recycle_minus50,gray,4.16,,0.0008816120906801007,56
recycle_minus50,gray,4.18,,0.0008816120906801007,56
recycle_minus50,gray,4.2,,0.0008816120906801007,56
recycle_minus50,gray,4.22,,0.0008816120906801007,56
recycle_minus50,gray,4.24,,0.0008816120906801007,56
recycle_minus50,gray,4.26,,0.0008816120906801007,56
recycle_minus50,gray,4.28,,0.0008816120906801007,56
recycle_minus50,gray,4.3,,0.0008816120906801007,56
recycle_minus50,gray,4.32,,0.0008816120906801007,56
recycle_minus50,gray,4.34,,0.0008816120906801007,56
recycle_minus50,gray,4.36,,0.0008816120906801007,56
recycle_minus50,gray,4.38,,0.0008816120906801007,56
recycle_minus50,gray,4.4,,0.0008816120906801007,56
recycle_minus50,gray,4.42,,0.0008816120906801007,56
recycle_minus50,gray,4.44,,0.0008816120906801007,56
recycle_minus50,gray,4.46,,0.0008816120906801007,56
recycle_minus50,gray,4.48,,0.0008816120906801007,56
recycle_minus50,gray,4.5,,0.0008816120906801007,56
recycle_minus50,gray,4.5200000000000005,,0.0008816120906801007,56
recycle_minus50,gray,4.54,,0.0008816120906801007,56
recycle_minus50,gray,4.5600000000000005,,0.0008816120906801007,56
recycle_minus50,gray,4.58,,0.0008816120906801007,56
recycle_minus50,gray,4.6000000000000005,,0.0008816120906801007,56
recycle_minus50,gray,4.62,,0.0008816120906801007,56
recycle_minus50,gray,4.64,,0.0008816120906801007,56
recycle_minus50,gray,4.66,,0.0008816120906801007,56
recycle_minus50,gray,4.68,,0.0008816120906801007,56
recycle_minus50,gray,4.7,,0.0008816120906801007,56
recycle_minus50,gray,4.72,,0.0008816120906801007,56
recycle_minus50,gray,4.74,,0.0008816120906801007,56
recycle_minus50,gray,4.76,,0.0008816120906801007,56
recycle_minus50,gray,4.78,,0.0008816120906801007,56
recycle_minus50,gray,4.8,,0.0008816120906801007,56
recycle_minus50,gray,4.82,,0.0008816120906801007,56
recycle_minus50,gray,4.84,,0.0008816120906801007,56
recycle_minus50,gray,4.86,,0.0008816120906801007,56
recycle_minus50,gray,4.88,,0.0008816120906801007,56
recycle_minus50,gray,4.9,,0.0008816120906801007,56
recycle_minus50,gray,4.92,,0.0008816120906801007,56
recycle_minus50,gray,4.94,,0.0008816120906801007,56
recycle_minus50,gray,4.96,,0.0008816120906801007,56
recycle_minus50,gray,4.98,,0.0008816120906801007,56
recycle_minus50,gray,5.0,,0.0008816120906801007,56
recycle_minus50,gray,5.0200000000000005,0.2861942065491182,0.0008816120906801007,56
recycle_minus50,gray,5.04,0.28787103274559195,0.0008816120906801007,56
recycle_minus50,gray,5.0600000000000005,0.29127207178841324,0.0008816120906801007,56
recycle_minus50,gray,5.08,0.2925453400503779,0.0008816120906801007,56
recycle_minus50,gray,5.1000000000000005,0.2938545340050377,0.0008816120906801007,56
recycle_minus50,gray,5.12,0.29456070528967254,0.0008816120906801007,56
recycle_minus50,gray,5.14,0.2973889168765743,0.0008816120906801007,56
recycle_minus50,gray,5.16,0.2982088161209068,0.0008816120906801007,56
recycle_minus50,gray,5.18,0.29975722082283796,0.0008816120906801007,56
recycle_minus50,gray,5.2,0.3019521410579345,0.0008816120906801007,56
recycle_minus50,gray,5.22,0.3020526448362721,0.0008816120906801007,56
recycle_minus50,gray,5.24,0.3038534844668347,0.0008816120906801007,56
recycle_minus50,gray,5.26,0.3047565491183879,0.0008816120906801007,56
recycle_minus50,gray,5.28,0.3045969773299748,0.0008816120906801007,56
recycle_minus50,gray,5.3,0.3085642317380352,0.0008816120906801007,56
recycle_minus50,gray,5.32,0.3083367758186398,0.0008816120906801007,56
recycle_minus50,gray,5.34,0.30787040302267,0.0008816120906801007,56
recycle_minus50,gray,5.36,0.3119884130982367,0.0008816120906801007,56
recycle_minus50,gray,5.38,0.3116498740554156,0.0008816120906801007,56
recycle_minus50,gray,5.4,0.31295465994962224,0.0008816120906801007,56
recycle_minus50,gray,5.42,0.31457947103274553,0.0008816120906801007,56
recycle_minus50,gray,5.44,0.31461561712846353,0.0008816120906801007,56
recycle_minus50,gray,5.46,0.31598593618807724,0.0008816120906801007,56
recycle_minus50,gray,5.48,0.31717052896725434,0.0008816120906801007,56
recycle_minus50,gray,5.5,0.3169395465994962,0.0008816120906801007,56
recycle_minus50,gray,5.5200000000000005,0.3161108312342572,0.0008816120906801007,56
recycle_minus50,gray,5.54,0.3197615869017632,0.0008816120906801007,56
recycle_minus50,gray,5.5600000000000005,0.3195843828715365,0.0008816120906801007,56
recycle_minus50,gray,5.58,0.3187195214105794,0.0008816120906801007,56
recycle_minus50,gray,5.6000000000000005,0.32185894206549126,0.0008816120906801007,56
recycle_minus50,gray,5.62,0.32174697732997476,0.0008816120906801007,56
recycle_minus50,gray,5.64,0.3216054785894206,0.0008816120906801007,56
recycle_minus50,gray,5.66,0.32291357052896724,0.0008816120906801007,56
recycle_minus50,gray,5.68,0.3237420654911839,0.0008816120906801007,56
recycle_minus50,gray,5.7,0.3248537783375315,0.0008816120906801007,56
recycle_minus50,gray,5.72,0.32548166246851384,0.0008816120906801007,56
recycle_minus50,gray,5.74,0.3259046599496222,0.0008816120906801007,56
recycle_minus50,gray,5.76,0.3267942065491184,0.0008816120906801007,56
recycle_minus50,gray,5.78,0.327317443324937,0.0008816120906801007,56
recycle_minus50,gray,5.8,0.3275188916876574,0.0008816120906801007,56
recycle_minus50,gray,5.82,0.32818027707808567,0.0008816120906801007,56
recycle_minus50,gray,5.84,0.32880816120906803,0.0008816120906801007,56
recycle_minus50,gray,5.86,0.3292821158690176,0.0008816120906801007,56
recycle_minus50,gray,5.88,0.3284392947103274,0.0008816120906801007,56
recycle_minus50,gray,5.9,0.33045465994962214,0.0008816120906801007,56
recycle_minus50,gray,5.92,0.33047405541561714,0.0008816120906801007,56
recycle_minus50,gray,5.94,0.3310590931989924,0.0008816120906801007,56
recycle_minus50,gray,5.96,0.33147768261964733,0.0008816120906801007,56
recycle_minus50,gray,5.98,0.3318962720403023,0.0008816120906801007,56
recycle_minus50,gray,6.0,0.33139798488664984,0.0008816120906801007,56
recycle_minus50,gray,6.0200000000000005,0.33173916876574305,0.0008816120906801007,56
recycle_minus50,gray,6.04,0.33278564231738034,0.0008816120906801007,56
recycle_minus50,gray,6.0600000000000005,0.3333913098236776,0.0008816120906801007,56
recycle_minus50,gray,6.08,0.33425088161209066,0.0008816120906801007,56
recycle_minus50,gray,6.1000000000000005,0.3349508816120906,0.0008816120906801007,56
recycle_minus50,gray,6.12,0.3345717884130982,0.0008816120906801007,56
recycle_minus50,gray,6.140000000000001,0.33484222292191435,0.0008816120906801007,56
recycle_minus50,gray,6.16,0.3356270780856423,0.0008816120906801007,56
recycle_minus50,gray,6.18,0.3354534005037783,0.0008816120906801007,56
recycle_minus50,gray,6.2,0.3354534005037783,0.0008816120906801007,56
recycle_minus50,gray,6.22,0.33586141057934504,0.0008816120906801007,56
recycle_minus50,gray,6.24,0.33627999999999997,0.0008816120906801007,56
recycle_minus50,gray,6.26,0.3363350125944584,0.0008816120906801007,56
recycle_minus50,gray,6.28,0.33696801007556676,0.0008816120906801007,56
recycle_minus50,gray,6.3,0.3373003778337531,0.0008816120906801007,56
recycle_minus50,gray,6.32,0.3372166246851385,0.0008816120906801007,56
recycle_minus50,gray,6.34,0.33756001259445845,0.0008816120906801007,56
recycle_minus50,gray,6.36,0.33808324937027706,0.0008816120906801007,56
recycle_minus50,gray,6.38,0.3377923173803526,0.0008816120906801007,56
recycle_minus50,gray,6.4,0.33809823677581863,0.0008816120906801007,56
recycle_minus50,gray,6.42,0.33809823677581863,0.0008816120906801007,56
recycle_minus50,gray,6.44,0.33809823677581863,0.0008816120906801007,56
recycle_minus50,gray,6.46,0.3377447103274559,0.0008816120906801007,56
recycle_minus50,gray,6.48,0.33823294710327456,0.0008816120906801007,56
recycle_minus50,gray,6.5,0.3388608312342569,0.0008816120906801007,56
recycle_minus50,gray,6.5200000000000005,0.33897984886649873,0.0008816120906801007,56
recycle_minus50,gray,6.54,0.33897984886649873,0.0008816120906801007,56
recycle_minus50,gray,6.5600000000000005,0.33897984886649873,0.0008816120906801007,56
recycle_minus50,gray,6.58,0.33895957178841307,0.0008816120906801007,56
recycle_minus50,gray,6.6000000000000005,0.33828337531486147,0.0008816120906801007,56
recycle_minus50,gray,6.62,0.33932984886649875,0.0008816120906801007,56
recycle_minus50,gray,6.640000000000001,0.33986146095717884,0.0008816120906801007,56
recycle_minus50,gray,6.66,0.33986146095717884,0.0008816120906801007,56
recycle_minus50,gray,6.68,0.33986146095717884,0.0008816120906801007,56
recycle_minus50,gray,6.7,0.33986146095717884,0.0008816120906801007,56
recycle_minus50,gray,6.72,0.33986146095717884,0.0008816120906801007,56
recycle_minus50,gray,6.74,0.3391109886649874,0.0008816120906801007,56
recycle_minus50,gray,6.76,0.34041908060453396,0.0008816120906801007,56
recycle_minus50,gray,6.78,0.3407430730478589,0.0008816120906801007,56
recycle_minus50,gray,6.8,0.3407430730478589,0.0008816120906801007,56
recycle_minus50,gray,6.82,0.3407430730478589,0.0008816120906801007,56
recycle_minus50,gray,6.84,0.3407430730478589,0.0008816120906801007,56
recycle_minus50,gray,6.86,0.3407430730478589,0.0008816120906801007,56
recycle_minus50,gray,6.88,0.3407430730478589,0.0008816120906801007,56
recycle_minus50,gray,6.9,0.3407430730478589,0.0008816120906801007,56
recycle_minus50,gray,6.92,0.34038690176322417,0.0008816120906801007,56
recycle_minus50,gray,6.94,0.33984933879093204,0.0008816120906801007,56
recycle_minus50,gray,6.96,0.3411574307304786,0.0008816120906801007,56
recycle_minus50,gray,6.98,0.34162468513853905,0.0008816120906801007,56
recycle_minus50,gray,7.0,0.34162468513853905,0.0008816120906801007,56
recycle_minus50,gray,7.0200000000000005,0.34162468513853905,0.0008816120906801007,56
recycle_minus50,gray,7.04,0.34162468513853905,0.0008816120906801007,56
recycle_minus50,gray,7.0600000000000005,0.34162468513853905,0.0008816120906801007,56
recycle_minus50,gray,7.08,0.34162468513853905,0.0008816120906801007,56
recycle_minus50,gray,7.1000000000000005,0.34162468513853905,0.0008816120906801007,56
recycle_minus50,gray,7.12,0.34162468513853905,0.0008816120906801007,56
recycle_minus50,gray,7.140000000000001,0.34162468513853905,0.0008816120906801007,56
recycle_minus50,gray,7.16,0.34162468513853905,0.0008816120906801007,56
recycle_minus50,gray,7.18,0.34162468513853905,0.0008816120906801007,56
recycle_minus50,gray,7.2,0.34162468513853905,0.0008816120906801007,56
recycle_minus50,gray,7.22,0.34162468513853905,0.0008816120906801007,56
recycle_minus50,gray,7.24,0.34162468513853905,0.0008816120906801007,56
recycle_minus50,gray,7.26,0.34162468513853905,0.0008816120906801007,56
recycle_minus50,gray,7.28,0.34162468513853905,0.0008816120906801007,56
recycle_minus50,gray,7.3,0.34162468513853905,0.0008816120906801007,56
recycle_minus50,gray,7.32,0.34162468513853905,0.0008816120906801007,56
recycle_minus50,gray,7.34,0.3409846347607052,0.0008816120906801007,56
recycle_minus50,gray,7.36,0.3425062972292191,0.0008816120906801007,56
recycle_minus50,gray,7.38,0.3425062972292191,0.0008816120906801007,56
recycle_minus50,gray,7.4,0.3425062972292191,0.0008816120906801007,56
recycle_minus50,gray,7.42,0.3425062972292191,0.0008816120906801007,56
recycle_minus50,gray,7.44,0.3425062972292191,0.0008816120906801007,56
recycle_minus50,gray,7.46,0.3425062972292191,0.0008816120906801007,56
recycle_minus50,gray,7.48,0.3425062972292191,0.0008816120906801007,56
recycle_minus50,gray,7.5,0.3425062972292191,0.0008816120906801007,56
recycle_minus50,gray,7.5200000000000005,0.3425062972292191,0.0008816120906801007,56
recycle_minus50,gray,7.54,0.3425062972292191,0.0008816120906801007,56
recycle_minus50,gray,7.5600000000000005,0.3425062972292191,0.0008816120906801007,56
recycle_minus50,gray,7.58,0.3425062972292191,0.0008816120906801007,56
recycle_minus50,gray,7.6000000000000005,0.3425062972292191,0.0008816120906801007,56
recycle_minus50,gray,7.62,0.3425062972292191,0.0008816120906801007,56
recycle_minus50,gray,7.640000000000001,0.3425062972292191,0.0008816120906801007,56
recycle_minus50,gray,7.66,0.3425062972292191,0.0008816120906801007,56
recycle_minus50,gray,7.68,0.3425062972292191,0.0008816120906801007,56
recycle_minus50,gray,7.7,0.3425062972292191,0.0008816120906801007,56
recycle_minus50,gray,7.72,0.3425062972292191,0.0008816120906801007,56
recycle_minus50,gray,7.74,0.3425062972292191,0.0008816120906801007,56
recycle_minus50,gray,7.76,0.3425062972292191,0.0008816120906801007,56
recycle_minus50,gray,7.78,0.3425062972292191,0.0008816120906801007,56
recycle_minus50,gray,7.8,0.3425062972292191,0.0008816120906801007,56
recycle_minus50,gray,7.82,0.3425062972292191,0.0008816120906801007,56
recycle_minus50,gray,7.84,0.3425062972292191,0.0008816120906801007,56
recycle_minus50,gray,7.86,0.3425062972292191,0.0008816120906801007,56
recycle_minus50,gray,7.88,0.3425062972292191,0.0008816120906801007,56
recycle_minus50,gray,7.9,0.3425062972292191,0.0008816120906801007,56
recycle_minus50,gray,7.92,0.3425062972292191,0.0008816120906801007,56
recycle_minus50,gray,7.94,0.3425062972292191,0.0008816120906801007,56
recycle_minus50,gray,7.96,0.3425062972292191,0.0008816120906801007,56
recycle_minus50,gray,7.98,0.3425062972292191,0.0008816120906801007,56
recycle_minus50,gray,8.0,0.3425062972292191,0.0008816120906801007,56
recycle_minus50,gray,8.02,0.3425062972292191,0.0008816120906801007,56
recycle_minus50,gray,8.040000000000001,0.3425062972292191,0.0008816120906801007,56
recycle_minus50,gray,8.06,0.3425062972292191,0.0008816120906801007,56
recycle_minus50,gray,8.08,0.3425062972292191,0.0008816120906801007,56
recycle_minus50,gray,8.1,0.3425062972292191,0.0008816120906801007,56
recycle_minus50,gray,8.120000000000001,0.3425062972292191,0.0008816120906801007,56
recycle_minus50,gray,8.14,0.3425062972292191,0.0008816120906801007,56
recycle_minus50,gray,8.16,0.3425062972292191,0.0008816120906801007,56
recycle_minus50,gray,8.18,0.3425062972292191,0.0008816120906801007,56
recycle_minus50,gray,8.2,0.3425062972292191,0.0008816120906801007,56
recycle_minus50,gray,8.22,0.3425062972292191,0.0008816120906801007,56
recycle_minus50,gray,8.24,0.3425062972292191,0.0008816120906801007,56
recycle_minus50,gray,8.26,0.3425062972292191,0.0008816120906801007,56
recycle_minus50,gray,8.28,0.3425062972292191,0.0008816120906801007,56
recycle_minus50,gray,8.3,0.3425062972292191,0.0008816120906801007,56
recycle_minus50,gray,8.32,0.3425062972292191,0.0008816120906801007,56
recycle_minus50,gray,8.34,0.3425062972292191,0.0008816120906801007,56
recycle_minus50,gray,8.36,0.3425062972292191,0.0008816120906801007,56
recycle_minus50,gray,8.38,0.3425062972292191,0.0008816120906801007,56
recycle_minus50,gray,8.4,0.3425062972292191,0.0008816120906801007,56
recycle_minus50,gray,8.42,0.3425062972292191,0.0008816120906801007,56
recycle_minus50,gray,8.44,0.3425062972292191,0.0008816120906801007,56
recycle_minus50,gray,8.46,0.3425062972292191,0.0008816120906801007,56
recycle_minus50,gray,8.48,0.3425062972292191,0.0008816120906801007,56
recycle_minus50,gray,8.5,0.3425062972292191,0.0008816120906801007,56
recycle_minus50,gray,8.52,0.3425062972292191,0.0008816120906801007,56
recycle_minus50,gray,8.540000000000001,0.3425062972292191,0.0008816120906801007,56
recycle_minus50,gray,8.56,0.3425062972292191,0.0008816120906801007,56
recycle_minus50,gray,8.58,0.3425062972292191,0.0008816120906801007,56
recycle_minus50,gray,8.6,0.3425062972292191,0.0008816120906801007,56
recycle_minus50,gray,8.620000000000001,0.3425062972292191,0.0008816120906801007,56
recycle_minus50,gray,8.64,0.3425062972292191,0.0008816120906801007,56
recycle_minus50,gray,8.66,0.3425062972292191,0.0008816120906801007,56
recycle_minus50,gray,8.68,0.3425062972292191,0.0008816120906801007,56
recycle_minus50,gray,8.700000000000001,0.3425062972292191,0.0008816120906801007,56
recycle_minus50,gray,8.72,0.3425062972292191,0.0008816120906801007,56
recycle_minus50,gray,8.74,0.3425062972292191,0.0008816120906801007,56
recycle_minus50,gray,8.76,0.3425062972292191,0.0008816120906801007,56
recycle_minus50,gray,8.78,0.3425062972292191,0.0008816120906801007,56
recycle_minus50,gray,8.8,0.3425062972292191,0.0008816120906801007,56
recycle_minus50,gray,8.82,0.3425062972292191,0.0008816120906801007,56
recycle_minus50,gray,8.84,0.3425062972292191,0.0008816120906801007,56
recycle_minus50,gray,8.86,0.3425062972292191,0.0008816120906801007,56
recycle_minus50,gray,8.88,,0.0008816120906801007,56
recycle_minus50,gray,8.9,,0.0008816120906801007,56
recycle_minus50,gray,8.92,,0.0008816120906801007,56
recycle_minus50,gray,8.94,,0.0008816120906801007,56
recycle_minus50,gray,8.96,,0.0008816120906801007,56
recycle_minus50,gray,8.98,,0.0008816120906801007,56
recycle_minus50,gray,9.0,,0.0008816120906801007,56
recycle_minus50,gray,9.02,,0.0008816120906801007,56
recycle_minus50,gray,9.040000000000001,,0.0008816120906801007,56
recycle_minus50,gray,9.06,,0.0008816120906801007,56
recycle_minus50,gray,9.08,,0.0008816120906801007,56
recycle_minus50,gray,9.1,,0.0008816120906801007,56
recycle_minus50,gray,9.120000000000001,,0.0008816120906801007,56
recycle_minus50,gray,9.14,,0.0008816120906801007,56
recycle_minus50,gray,9.16,,0.0008816120906801007,56
recycle_minus50,gray,9.18,,0.0008816120906801007,56
recycle_minus50,gray,9.200000000000001,,0.0008816120906801007,56
recycle_minus50,gray,9.22,,0.0008816120906801007,56
recycle_minus50,gray,9.24,,0.0008816120906801007,56
recycle_minus50,gray,9.26,,0.0008816120906801007,56
recycle_minus50,gray,9.28,,0.0008816120906801007,56
recycle_minus50,gray,9.3,,0.0008816120906801007,56
recycle_minus50,gray,9.32,,0.0008816120906801007,56
recycle_minus50,gray,9.34,,0.0008816120906801007,56
recycle_minus50,gray,9.36,,0.0008816120906801007,56
recycle_minus50,gray,9.38,,0.0008816120906801007,56
recycle_minus50,gray,9.4,,0.0008816120906801007,56
recycle_minus50,gray,9.42,,0.0008816120906801007,56
recycle_minus50,gray,9.44,,0.0008816120906801007,56
recycle_minus50,gray,9.46,,0.0008816120906801007,56
recycle_minus50,gray,9.48,,0.0008816120906801007,56
recycle_minus50,gray,9.5,,0.0008816120906801007,56
recycle_minus50,gray,9.52,,0.0008816120906801007,56
recycle_minus50,gray,9.540000000000001,,0.0008816120906801007,56
recycle_minus50,gray,9.56,,0.0008816120906801007,56
recycle_minus50,gray,9.58,,0.0008816120906801007,56
recycle_minus50,gray,9.6,,0.0008816120906801007,56
recycle_minus50,gray,9.620000000000001,,0.0008816120906801007,56
recycle_minus50,gray,9.64,,0.0008816120906801007,56
recycle_minus50,gray,9.66,,0.0008816120906801007,56
recycle_minus50,gray,9.68,,0.0008816120906801007,56
recycle_minus50,gray,9.700000000000001,,0.0008816120906801007,56
recycle_minus50,gray,9.72,,0.0008816120906801007,56
recycle_minus50,gray,9.74,,0.0008816120906801007,56
recycle_minus50,gray,9.76,,0.0008816120906801007,56
recycle_minus50,gray,9.78,,0.0008816120906801007,56
recycle_minus50,gray,9.8,,0.0008816120906801007,56
recycle_minus50,gray,9.82,,0.0008816120906801007,56
recycle_minus50,gray,9.84,,0.0008816120906801007,56
recycle_minus50,gray,9.86,,0.0008816120906801007,56
recycle_minus50,gray,9.88,,0.0008816120906801007,56
recycle_minus50,gray,9.9,,0.0008816120906801007,56
recycle_minus50,gray,9.92,,0.0008816120906801007,56
recycle_minus50,gray,9.94,,0.0008816120906801007,56
recycle_minus50,gray,9.96,,0.0008816120906801007,56
recycle_minus50,gray,9.98,0.3425062972292191,0.0008816120906801007,56
recycle_minus50,gray,10.0,,0.0008816120906801007,56
recycle_minus50,olive,0.0,,0.0008816120906801007,56
recycle_minus50,olive,0.02,,0.0008816120906801007,56
recycle_minus50,olive,0.04,,0.0008816120906801007,56
recycle_minus50,olive,0.06,,0.0008816120906801007,56
recycle_minus50,olive,0.08,,0.0008816120906801007,56
recycle_minus50,olive,0.1,,0.0008816120906801007,56
recycle_minus50,olive,0.12,,0.0008816120906801007,56
recycle_minus50,olive,0.14,,0.0008816120906801007,56
recycle_minus50,olive,0.16,,0.0008816120906801007,56
recycle_minus50,olive,0.18,,0.0008816120906801007,56
recycle_minus50,olive,0.2,,0.0008816120906801007,56
recycle_minus50,olive,0.22,0.3137648614609571,0.0008816120906801007,56
recycle_minus50,olive,0.24,0.3200146095717884,0.0008816120906801007,56
recycle_minus50,olive,0.26,0.3222292191435768,0.0008816120906801007,56
recycle_minus50,olive,0.28,0.32762292191435766,0.0008816120906801007,56
recycle_minus50,olive,0.3,0.3290352644836272,0.0008816120906801007,56
recycle_minus50,olive,0.32,0.33060453400503775,0.0008816120906801007,56
recycle_minus50,olive,0.34,0.33087386649874057,0.0008816120906801007,56
recycle_minus50,olive,0.36,0.33380831234256925,0.0008816120906801007,56
recycle_minus50,olive,0.38,0.3336901763224181,0.0008816120906801007,56
recycle_minus50,olive,0.4,0.3336901763224181,0.0008816120906801007,56
recycle_minus50,olive,0.42,0.33450743073047856,0.0008816120906801007,56
recycle_minus50,olive,0.44,0.3345717884130982,0.0008816120906801007,56
recycle_minus50,olive,0.46,0.3345717884130982,0.0008816120906801007,56
recycle_minus50,olive,0.48,0.3345717884130982,0.0008816120906801007,56
recycle_minus50,olive,0.5,0.3345717884130982,0.0008816120906801007,56
recycle_minus50,olive,0.52,0.3345717884130982,0.0008816120906801007,56
recycle_minus50,olive,0.54,0.3345717884130982,0.0008816120906801007,56
recycle_minus50,olive,0.56,0.3345717884130982,0.0008816120906801007,56
recycle_minus50,olive,0.58,0.3345717884130982,0.0008816120906801007,56
recycle_minus50,olive,0.6,0.3345717884130982,0.0008816120906801007,56
recycle_minus50,olive,0.62,0.3345717884130982,0.0008816120906801007,56
recycle_minus50,olive,0.64,0.3345717884130982,0.0008816120906801007,56
recycle_minus50,olive,0.66,0.3336901763224181,0.0008816120906801007,56
recycle_minus50,olive,0.68,0.3336901763224181,0.0008816120906801007,56
recycle_minus50,olive,0.7000000000000001,0.3336901763224181,0.0008816120906801007,56
recycle_minus50,olive,0.72,0.3336901763224181,0.0008816120906801007,56
recycle_minus50,olive,0.74,0.3336901763224181,0.0008816120906801007,56
recycle_minus50,olive,0.76,0.3336901763224181,0.0008816120906801007,56
recycle_minus50,olive,0.78,0.3336901763224181,0.0008816120906801007,56
recycle_minus50,olive,0.8,0.3336901763224181,0.0008816120906801007,56
recycle_minus50,olive,0.8200000000000001,0.3336901763224181,0.0008816120906801007,56
recycle_minus50,olive,0.84,0.3336901763224181,0.0008816120906801007,56
recycle_minus50,olive,0.86,0.3336901763224181,0.0008816120906801007,56
recycle_minus50,olive,0.88,0.3336901763224181,0.0008816120906801007,56
recycle_minus50,olive,0.9,0.3336901763224181,0.0008816120906801007,56
recycle_minus50,olive,0.92,0.3336901763224181,0.0008816120906801007,56
recycle_minus50,olive,0.9400000000000001,0.3336901763224181,0.0008816120906801007,56
recycle_minus50,olive,0.96,0.3336901763224181,0.0008816120906801007,56
recycle_minus50,olive,0.98,0.3336901763224181,0.0008816120906801007,56
recycle_minus50,olive,1.0,0.3336901763224181,0.0008816120906801007,56
recycle_minus50,olive,1.02,0.3336901763224181,0.0008816120906801007,56
recycle_minus50,olive,1.04,0.3336901763224181,0.0008816120906801007,56
recycle_minus50,olive,1.06,0.3336901763224181,0.0008816120906801007,56
recycle_minus50,olive,1.08,0.3336901763224181,0.0008816120906801007,56
recycle_minus50,olive,1.1,0.3336901763224181,0.0008816120906801007,56
recycle_minus50,olive,1.12,0.3336901763224181,0.0008816120906801007,56
recycle_minus50,olive,1.1400000000000001,0.3336901763224181,0.0008816120906801007,56
recycle_minus50,olive,1.16,0.3336901763224181,0.0008816120906801007,56
recycle_minus50,olive,1.18,0.3336901763224181,0.0008816120906801007,56
recycle_minus50,olive,1.2,0.33383564231738033,0.0008816120906801007,56
recycle_minus50,olive,1.22,0.3346204974811083,0.0008816120906801007,56
recycle_minus50,olive,1.24,0.33404811083123426,0.0008816120906801007,56
recycle_minus50,olive,1.26,0.3336901763224181,0.0008816120906801007,56
recycle_minus50,olive,1.28,0.33454357682619645,0.0008816120906801007,56
recycle_minus50,olive,1.3,0.3345717884130982,0.0008816120906801007,56
recycle_minus50,olive,1.32,0.3345717884130982,0.0008816120906801007,56
recycle_minus50,olive,1.34,0.33680138539042825,0.0008816120906801007,56
recycle_minus50,olive,1.36,0.3387294710327456,0.0008816120906801007,56
recycle_minus50,olive,1.3800000000000001,0.3371046599496221,0.0008816120906801007,56
recycle_minus50,olive,1.4000000000000001,0.3298830814441644,0.0008816120906801007,56
recycle_minus50,olive,1.42,0.3213368807724601,0.0008816120906801007,56
recycle_minus50,olive,1.44,0.3127906801007556,0.0008816120906801007,56
recycle_minus50,olive,1.46,0.3129308564231738,0.0008816120906801007,56
recycle_minus50,olive,1.48,0.31429471032745593,0.0008816120906801007,56
recycle_minus50,olive,1.5,0.31905541561712847,0.0008816120906801007,56
recycle_minus50,olive,1.52,0.32240201511335015,0.0008816120906801007,56
recycle_minus50,olive,1.54,0.32592934508816124,0.0008816120906801007,56
recycle_minus50,olive,1.56,0.3291304785894206,0.0008816120906801007,56
recycle_minus50,olive,1.58,0.32791914357682617,0.0008816120906801007,56
recycle_minus50,olive,1.6,0.32085390428211585,0.0008816120906801007,56
recycle_minus50,olive,1.62,0.31691397984886643,0.0008816120906801007,56
recycle_minus50,olive,1.6400000000000001,0.30665465994962215,0.0008816120906801007,56
recycle_minus50,olive,1.6600000000000001,0.30871234256926955,0.0008816120906801007,56
recycle_minus50,olive,1.68,0.3152468513853904,0.0008816120906801007,56
recycle_minus50,olive,1.7,0.3225774559193954,0.0008816120906801007,56
recycle_minus50,olive,1.72,0.3239201511335012,0.0008816120906801007,56
recycle_minus50,olive,1.74,0.3228401763224181,0.0008816120906801007,56
recycle_minus50,olive,1.76,0.31617430730478585,0.0008816120906801007,56
recycle_minus50,olive,1.78,0.3108290931989924,0.0008816120906801007,56
recycle_minus50,olive,1.8,0.306360201511335,0.0008816120906801007,56
recycle_minus50,olive,1.82,0.3165437027707808,0.0008816120906801007,56
recycle_minus50,olive,1.84,0.32002518891687654,0.0008816120906801007,56
recycle_minus50,olive,1.86,0.31933576826196475,0.0008816120906801007,56
recycle_minus50,olive,1.8800000000000001,0.3173803526448362,0.0008816120906801007,56
recycle_minus50,olive,1.9000000000000001,0.31045528967254404,0.0008816120906801007,56
recycle_minus50,olive,1.92,0.30619093198992436,0.0008816120906801007,56
recycle_minus50,olive,1.94,0.3080789042821158,0.0008816120906801007,56
recycle_minus50,olive,1.96,0.31209038623005875,0.0008816120906801007,56
recycle_minus50,olive,1.98,0.3160579345088161,0.0008816120906801007,56
recycle_minus50,olive,2.0,0.3113853904282116,0.0008816120906801007,56
recycle_minus50,olive,2.02,0.3015686397984887,0.0008816120906801007,56
recycle_minus50,olive,2.04,0.31119819479429045,0.0008816120906801007,56
recycle_minus50,olive,2.06,0.31102378253568425,0.0008816120906801007,56
recycle_minus50,olive,2.08,0.31084937027707804,0.0008816120906801007,56
recycle_minus50,olive,2.1,0.30993513853904275,0.0008816120906801007,56
recycle_minus50,olive,2.12,0.3013473551637278,0.0008816120906801007,56
recycle_minus50,olive,2.14,0.3042196473551638,0.0008816120906801007,56
recycle_minus50,olive,2.16,0.31259143576826204,0.0008816120906801007,56
recycle_minus50,olive,2.18,0.3179243073047859,0.0008816120906801007,56
recycle_minus50,olive,2.2,0.318323677581864,0.0008816120906801007,56
recycle_minus50,olive,2.22,0.3157188077246011,0.0008816120906801007,56
recycle_minus50,olive,2.24,0.30804466834592764,0.0008816120906801007,56
recycle_minus50,olive,2.2600000000000002,0.3021716624685135,0.0008816120906801007,56
recycle_minus50,olive,2.2800000000000002,0.3030324097397147,0.0008816120906801007,56
recycle_minus50,olive,2.3000000000000003,0.30707136859781686,0.0008816120906801007,56
recycle_minus50,olive,2.32,0.3015465994962217,0.0008816120906801007,56
recycle_minus50,olive,2.34,0.29797078085642315,0.0008816120906801007,56
recycle_minus50,olive,2.36,0.28870327455919403,0.0008816120906801007,56
recycle_minus50,olive,2.38,0.2903999370277077,0.0008816120906801007,56
recycle_minus50,olive,2.4,0.2978996641477749,0.0008816120906801007,56
recycle_minus50,olive,2.42,0.30493287153652393,0.0008816120906801007,56
recycle_minus50,olive,2.44,0.30768261964735516,0.0008816120906801007,56
recycle_minus50,olive,2.46,0.306357556675063,0.0008816120906801007,56
recycle_minus50,olive,2.48,0.30321813602015113,0.0008816120906801007,56
recycle_minus50,olive,2.5,0.29809508816120905,0.0008816120906801007,56
recycle_minus50,olive,2.52,0.3042910579345089,0.0008816120906801007,56
recycle_minus50,olive,2.54,0.30328866498740514,0.0008816120906801007,56
recycle_minus50,olive,2.56,0.29732896725440805,0.0008816120906801007,56
recycle_minus50,olive,2.58,0.28885755667506263,0.0008816120906801007,56
recycle_minus50,olive,2.6,0.28793891687657436,0.0008816120906801007,56
recycle_minus50,olive,2.62,0.2919503988245173,0.0008816120906801007,56
recycle_minus50,olive,2.64,0.2949074727120066,0.0008816120906801007,56
recycle_minus50,olive,2.66,0.29211687657430724,0.0008816120906801007,56
recycle_minus50,olive,2.68,0.28932628043660785,0.0008816120906801007,56
recycle_minus50,olive,2.7,0.2935415617128465,0.0008816120906801007,56
recycle_minus50,olive,2.72,0.29712443324937043,0.0008816120906801007,56
recycle_minus50,olive,2.74,0.2997201931150294,0.0008816120906801007,56
recycle_minus50,olive,2.7600000000000002,0.3000443324937029,0.0008816120906801007,56
recycle_minus50,olive,2.7800000000000002,0.29715264483627174,0.0008816120906801007,56
recycle_minus50,olive,2.8000000000000003,0.28997984886649864,0.0008816120906801007,56
recycle_minus50,olive,2.82,0.28956108312342566,0.0008816120906801007,56
recycle_minus50,olive,2.84,0.2913052057094878,0.0008816120906801007,56
recycle_minus50,olive,2.86,0.2908892317380352,0.0008816120906801007,56
recycle_minus50,olive,2.88,0.2889748110831235,0.0008816120906801007,56
recycle_minus50,olive,2.9,0.28994193954659947,0.0008816120906801007,56
recycle_minus50,olive,2.92,0.289732644836272,0.0008816120906801007,56
recycle_minus50,olive,2.94,0.29176511335012595,0.0008816120906801007,56
recycle_minus50,olive,2.96,0.3009424013434088,0.0008816120906801007,56
recycle_minus50,olive,2.98,0.2971053316540721,0.0008816120906801007,56
recycle_minus50,olive,3.0,0.2912405541561713,0.0008816120906801007,56
recycle_minus50,olive,3.02,0.2781486146095718,0.0008816120906801007,56
recycle_minus50,olive,3.04,0.2781486146095718,0.0008816120906801007,56
recycle_minus50,olive,3.06,0.27922506297229227,0.0008816120906801007,56
recycle_minus50,olive,3.08,0.28627002518891675,0.0008816120906801007,56
recycle_minus50,olive,3.1,0.29128022670025194,0.0008816120906801007,56
recycle_minus50,olive,3.12,0.29088144416456757,0.0008816120906801007,56
recycle_minus50,olive,3.14,0.29053261964735516,0.0008816120906801007,56
recycle_minus50,olive,3.16,0.2901837951301427,0.0008816120906801007,56
recycle_minus50,olive,3.18,0.29642707808564234,0.0008816120906801007,56
recycle_minus50,olive,3.2,0.2974735516372796,0.0008816120906801007,56
recycle_minus50,olive,3.22,0.2970730058774137,0.0008816120906801007,56
recycle_minus50,olive,3.24,0.28695709487825344,0.0008816120906801007,56
recycle_minus50,olive,3.2600000000000002,0.2787150503778336,0.0008816120906801007,56
recycle_minus50,olive,3.2800000000000002,0.27977430730478603,0.0008816120906801007,56
recycle_minus50,olive,3.3000000000000003,0.2800290931989925,0.0008816120906801007,56
recycle_minus50,olive,3.3200000000000003,0.28484287153652393,0.0008816120906801007,56
recycle_minus50,olive,3.34,0.2883241813602015,0.0008816120906801007,56
recycle_minus50,olive,3.36,0.28564090680100757,0.0008816120906801007,56
recycle_minus50,olive,3.38,0.288152443324937,0.0008816120906801007,56
recycle_minus50,olive,3.4,0.291073047858942,0.0008816120906801007,56
recycle_minus50,olive,3.42,0.2963898740554156,0.0008816120906801007,56
recycle_minus50,olive,3.44,0.29680846347607054,0.0008816120906801007,56
recycle_minus50,olive,3.46,0.295401322418136,0.0008816120906801007,56
recycle_minus50,olive,3.48,0.2903571788413098,0.0008816120906801007,56
recycle_minus50,olive,3.5,0.29789672544080603,0.0008816120906801007,56
recycle_minus50,olive,3.52,0.2948463476070529,0.0008816120906801007,56
recycle_minus50,olive,3.54,0.28950774559193954,0.0008816120906801007,56
recycle_minus50,olive,3.56,0.28828685978169605,0.0008816120906801007,56
recycle_minus50,olive,3.58,0.2870659739714525,0.0008816120906801007,56
recycle_minus50,olive,3.6,0.29354861460957177,0.0008816120906801007,56
recycle_minus50,olive,3.62,0.29333931989924433,0.0008816120906801007,56
recycle_minus50,olive,3.64,0.2931360201511335,0.0008816120906801007,56
recycle_minus50,olive,3.66,0.2928181989924433,0.0008816120906801007,56
recycle_minus50,olive,3.68,0.29229496221662465,0.0008816120906801007,56
recycle_minus50,olive,3.7,0.29177172544080604,0.0008816120906801007,56
recycle_minus50,olive,3.72,0.28975680100755663,0.0008816120906801007,56
recycle_minus50,olive,3.74,0.28688274559193955,0.0008816120906801007,56
recycle_minus50,olive,3.7600000000000002,0.29554458438287157,0.0008816120906801007,56
recycle_minus50,olive,3.7800000000000002,0.29842569269521413,0.0008816120906801007,56
recycle_minus50,olive,3.8000000000000003,0.29710327455919394,0.0008816120906801007,56
recycle_minus50,olive,3.8200000000000003,0.2941921914357682,0.0008816120906801007,56
recycle_minus50,olive,3.84,0.28755717884131,0.0008816120906801007,56
recycle_minus50,olive,3.86,0.28920902602854737,0.0008816120906801007,56
recycle_minus50,olive,3.88,0.28970743073047855,0.0008816120906801007,56
recycle_minus50,olive,3.9,0.28918419395465994,0.0008816120906801007,56
recycle_minus50,olive,3.92,0.2842188077246013,0.0008816120906801007,56
recycle_minus50,olive,3.94,0.27654466834592795,0.0008816120906801007,56
recycle_minus50,olive,3.96,0.27504005037783374,0.0008816120906801007,56
recycle_minus50,olive,3.98,0.28467959697732975,0.0008816120906801007,56
recycle_minus50,olive,4.0,0.2948110831234258,0.0008816120906801007,56
recycle_minus50,olive,4.0200000000000005,0.29798488664987405,0.0008816120906801007,56
recycle_minus50,olive,4.04,0.2940837531486149,0.0008816120906801007,56
recycle_minus50,olive,4.0600000000000005,0.2864895465994962,0.0008816120906801007,56
recycle_minus50,olive,4.08,0.2774962216624686,0.0008816120906801007,56
recycle_minus50,olive,4.1,0.27226385390428237,0.0008816120906801007,56
recycle_minus50,olive,4.12,0.2758163098236775,0.0008816120906801007,56
recycle_minus50,olive,4.14,0.2807870591939545,0.0008816120906801007,56
recycle_minus50,olive,4.16,0.2857578085642318,0.0008816120906801007,56
recycle_minus50,olive,4.18,0.28944360831234256,0.0008816120906801007,56
recycle_minus50,olive,4.2,0.29179817380352646,0.0008816120906801007,56
recycle_minus50,olive,4.22,,0.0008816120906801007,56
recycle_minus50,olive,4.24,,0.0008816120906801007,56
recycle_minus50,olive,4.26,,0.0008816120906801007,56
recycle_minus50,olive,4.28,,0.0008816120906801007,56
recycle_minus50,olive,4.3,,0.0008816120906801007,56
recycle_minus50,olive,4.32,,0.0008816120906801007,56
recycle_minus50,olive,4.34,,0.0008816120906801007,56
recycle_minus50,olive,4.36,,0.0008816120906801007,56
recycle_minus50,olive,4.38,,0.0008816120906801007,56
recycle_minus50,olive,4.4,,0.0008816120906801007,56
recycle_minus50,olive,4.42,0.28736366498740556,0.0008816120906801007,56
recycle_minus50,olive,4.44,0.29447078085642314,0.0008816120906801007,56
recycle_minus50,olive,4.46,0.29472204030226695,0.0008816120906801007,56
recycle_minus50,olive,4.48,0.2913269521410578,0.0008816120906801007,56
recycle_minus50,olive,4.5,0.28721819899244333,0.0008816120906801007,56
recycle_minus50,olive,4.5200000000000005,0.2870696473551637,0.0008816120906801007,56
recycle_minus50,olive,4.54,0.28654641057934505,0.0008816120906801007,56
recycle_minus50,olive,4.5600000000000005,0.2872750629722922,0.0008816120906801007,56
recycle_minus50,olive,4.58,0.28805991813602017,0.0008816120906801007,56
recycle_minus50,olive,4.6000000000000005,0.2888447732997481,0.0008816120906801007,56
recycle_minus50,olive,4.62,0.28814462636439964,0.0008816120906801007,56
recycle_minus50,olive,4.64,0.28510277078085655,0.0008816120906801007,56
recycle_minus50,olive,4.66,0.27934716624685135,0.0008816120906801007,56
recycle_minus50,olive,4.68,0.2735915617128464,0.0008816120906801007,56
recycle_minus50,olive,4.7,0.274639798488665,0.0008816120906801007,56
recycle_minus50,olive,4.72,0.2861324937027708,0.0008816120906801007,56
recycle_minus50,olive,4.74,0.2935768261964735,0.0008816120906801007,56
recycle_minus50,olive,4.76,0.2935768261964735,0.0008816120906801007,56
recycle_minus50,olive,4.78,0.2916743073047858,0.0008816120906801007,56
recycle_minus50,olive,4.8,0.28772292191435767,0.0008816120906801007,56
recycle_minus50,olive,4.82,0.28476070528967257,0.0008816120906801007,56
recycle_minus50,olive,4.84,0.28476070528967257,0.0008816120906801007,56
recycle_minus50,olive,4.86,0.28476070528967257,0.0008816120906801007,56
recycle_minus50,olive,4.88,0.28476070528967257,0.0008816120906801007,56
recycle_minus50,olive,4.9,0.27901259445843823,0.0008816120906801007,56
recycle_minus50,olive,4.92,0.27594105793450885,0.0008816120906801007,56
recycle_minus50,olive,4.94,0.2738481108312342,0.0008816120906801007,56
recycle_minus50,olive,4.96,0.2805078085642316,0.0008816120906801007,56
recycle_minus50,olive,4.98,0.2768261964735516,0.0008816120906801007,56
recycle_minus50,olive,5.0,0.2781486146095718,0.0008816120906801007,56
recycle_minus50,olive,5.0200000000000005,0.2755037783375315,0.0008816120906801007,56
recycle_minus50,olive,5.04,0.28177380352644854,0.0008816120906801007,56
recycle_minus50,olive,5.0600000000000005,0.2914845843828715,0.0008816120906801007,56
recycle_minus50,olive,5.08,0.2902288161209068,0.0008816120906801007,56
recycle_minus50,olive,5.1000000000000005,0.28911439966414776,0.0008816120906801007,56
recycle_minus50,olive,5.12,0.28876557514693535,0.0008816120906801007,56
recycle_minus50,olive,5.14,0.2884167506297229,0.0008816120906801007,56
recycle_minus50,olive,5.16,0.2880679261125105,0.0008816120906801007,56
recycle_minus50,olive,5.18,0.28593765743073035,0.0008816120906801007,56
recycle_minus50,olive,5.2,0.2858539042821159,0.0008816120906801007,56
recycle_minus50,olive,5.22,0.28794685138539045,0.0008816120906801007,56
recycle_minus50,olive,5.24,0.29003979848866507,0.0008816120906801007,56
recycle_minus50,olive,5.26,0.2898149874055416,0.0008816120906801007,56
recycle_minus50,olive,5.28,0.28248967254408025,0.0008816120906801007,56
recycle_minus50,olive,5.3,0.2773198992443324,0.0008816120906801007,56
recycle_minus50,olive,5.32,0.2735272040302267,0.0008816120906801007,56
recycle_minus50,olive,5.34,0.27531599496221665,0.0008816120906801007,56
recycle_minus50,olive,5.36,0.2772148110831236,0.0008816120906801007,56
recycle_minus50,olive,5.38,0.28119141057934516,0.0008816120906801007,56
recycle_minus50,olive,5.4,0.28516801007556686,0.0008816120906801007,56
recycle_minus50,olive,5.42,0.29259382871536543,0.0008816120906801007,56
recycle_minus50,olive,5.44,0.2940176322418136,0.0008816120906801007,56
recycle_minus50,olive,5.46,0.2931360201511335,0.0008816120906801007,56
recycle_minus50,olive,5.48,0.29141511335012577,0.0008816120906801007,56
recycle_minus50,olive,5.5,0.28722921914357674,0.0008816120906801007,56
recycle_minus50,olive,5.5200000000000005,0.28352292191435685,0.0008816120906801007,56
recycle_minus50,olive,5.54,0.2762989924433249,0.0008816120906801007,56
recycle_minus50,olive,5.5600000000000005,0.27241813602015114,0.0008816120906801007,56
recycle_minus50,olive,5.58,0.27792556675063074,0.0008816120906801007,56
recycle_minus50,olive,5.6000000000000005,0.2901796809403863,0.0008816120906801007,56
recycle_minus50,olive,5.62,0.29148211586901734,0.0008816120906801007,56
recycle_minus50,olive,5.64,0.28548303946263637,0.0008816120906801007,56
recycle_minus50,olive,5.66,0.2809483207388747,0.0008816120906801007,56
recycle_minus50,olive,5.68,0.276064483627204,0.0008816120906801007,56
recycle_minus50,olive,5.7,0.2727795969773299,0.0008816120906801007,56
recycle_minus50,olive,5.72,0.27241813602015114,0.0008816120906801007,56
recycle_minus50,olive,5.74,0.2782582283795132,0.0008816120906801007,56
recycle_minus50,olive,5.76,0.28418824517212427,0.0008816120906801007,56
recycle_minus50,olive,5.78,0.2837353904282115,0.0008816120906801007,56
recycle_minus50,olive,5.8,0.27686146095717884,0.0008816120906801007,56
recycle_minus50,olive,5.82,0.2783054313602015,0.0008816120906801007,56
recycle_minus50,olive,5.84,0.28079080604534,0.0008816120906801007,56
recycle_minus50,olive,5.86,0.28327618073047867,0.0008816120906801007,56
recycle_minus50,olive,5.88,0.2898176322418136,0.0008816120906801007,56
recycle_minus50,olive,5.9,0.2862329974811082,0.0008816120906801007,56
recycle_minus50,olive,5.92,0.28553887489504615,0.0008816120906801007,56
recycle_minus50,olive,5.94,0.28519005037783374,0.0008816120906801007,56
recycle_minus50,olive,5.96,0.2848412258606213,0.0008816120906801007,56
recycle_minus50,olive,5.98,0.29018438287153664,0.0008816120906801007,56
recycle_minus50,olive,6.0,0.29157850545759867,0.0008816120906801007,56
recycle_minus50,olive,6.0200000000000005,0.2887879093198992,0.0008816120906801007,56
recycle_minus50,olive,6.04,0.28599731318219984,0.0008816120906801007,56
recycle_minus50,olive,6.0600000000000005,0.28488687377553884,0.0008816120906801007,56
recycle_minus50,olive,6.08,0.2858170724881053,0.0008816120906801007,56
recycle_minus50,olive,6.1000000000000005,0.2867472712006717,0.0008816120906801007,56
recycle_minus50,olive,6.12,0.28767746991323817,0.0008816120906801007,56
recycle_minus50,olive,6.140000000000001,0.28684483627204016,0.0008816120906801007,56
recycle_minus50,olive,6.16,0.28484534005037787,0.0008816120906801007,56
recycle_minus50,olive,6.18,0.2785894206549118,0.0008816120906801007,56
recycle_minus50,olive,6.2,0.2761032745591939,0.0008816120906801007,56
recycle_minus50,olive,6.22,0.27125969773299746,0.0008816120906801007,56
recycle_minus50,olive,6.24,0.2706549118387909,0.0008816120906801007,56
recycle_minus50,olive,6.26,0.28589974811083124,0.0008816120906801007,56
recycle_minus50,olive,6.28,,0.0008816120906801007,56
recycle_minus50,olive,6.3,,0.0008816120906801007,56
recycle_minus50,olive,6.32,,0.0008816120906801007,56
recycle_minus50,olive,6.34,,0.0008816120906801007,56
recycle_minus50,olive,6.36,,0.0008816120906801007,56
recycle_minus50,olive,6.38,,0.0008816120906801007,56
recycle_minus50,olive,6.4,,0.0008816120906801007,56
recycle_minus50,olive,6.42,0.28545761964735517,0.0008816120906801007,56
recycle_minus50,olive,6.44,0.2870273299748111,0.0008816120906801007,56
recycle_minus50,olive,6.46,0.28581687657430727,0.0008816120906801007,56
recycle_minus50,olive,6.48,0.28036675062972266,0.0008816120906801007,56
recycle_minus50,olive,6.5,0.27820738874895057,0.0008816120906801007,56
recycle_minus50,olive,6.5200000000000005,0.28797447523089864,0.0008816120906801007,56
recycle_minus50,olive,6.54,0.28947821158690173,0.0008816120906801007,56
recycle_minus50,olive,6.5600000000000005,0.28872795969773296,0.0008816120906801007,56
recycle_minus50,olive,6.58,0.2858280436607891,0.0008816120906801007,56
recycle_minus50,olive,6.6000000000000005,0.2802468513853902,0.0008816120906801007,56
recycle_minus50,olive,6.62,0.2746656591099915,0.0008816120906801007,56
recycle_minus50,olive,6.640000000000001,0.27537594458438286,0.0008816120906801007,56
recycle_minus50,olive,6.66,0.2765347134760705,0.0008816120906801007,56
recycle_minus50,olive,6.68,0.27718875944584376,0.0008816120906801007,56
recycle_minus50,olive,6.7,0.2778428054156171,0.0008816120906801007,56
recycle_minus50,olive,6.72,0.2784968513853904,0.0008816120906801007,56
recycle_minus50,olive,6.74,,0.0008816120906801007,56
recycle_minus50,olive,6.76,,0.0008816120906801007,56
recycle_minus50,olive,6.78,,0.0008816120906801007,56
recycle_minus50,olive,6.8,,0.0008816120906801007,56
recycle_minus50,olive,6.82,,0.0008816120906801007,56
recycle_minus50,olive,6.84,,0.0008816120906801007,56
recycle_minus50,olive,6.86,,0.0008816120906801007,56
recycle_minus50,olive,6.88,,0.0008816120906801007,56
recycle_minus50,olive,6.9,,0.0008816120906801007,56
recycle_minus50,olive,6.92,,0.0008816120906801007,56
recycle_minus50,olive,6.94,,0.0008816120906801007,56
recycle_minus50,olive,6.96,,0.0008816120906801007,56
recycle_minus50,olive,6.98,,0.0008816120906801007,56
recycle_minus50,olive,7.0,,0.0008816120906801007,56
recycle_minus50,olive,7.0200000000000005,,0.0008816120906801007,56
recycle_minus50,olive,7.04,,0.0008816120906801007,56
recycle_minus50,olive,7.0600000000000005,,0.0008816120906801007,56
recycle_minus50,olive,7.08,,0.0008816120906801007,56
recycle_minus50,olive,7.1000000000000005,,0.0008816120906801007,56
recycle_minus50,olive,7.12,,0.0008816120906801007,56
recycle_minus50,olive,7.140000000000001,,0.0008816120906801007,56
recycle_minus50,olive,7.16,,0.0008816120906801007,56
recycle_minus50,olive,7.18,,0.0008816120906801007,56
recycle_minus50,olive,7.2,,0.0008816120906801007,56
recycle_minus50,olive,7.22,,0.0008816120906801007,56
recycle_minus50,olive,7.24,,0.0008816120906801007,56
recycle_minus50,olive,7.26,,0.0008816120906801007,56
recycle_minus50,olive,7.28,,0.0008816120906801007,56
recycle_minus50,olive,7.3,,0.0008816120906801007,56
recycle_minus50,olive,7.32,,0.0008816120906801007,56
recycle_minus50,olive,7.34,,0.0008816120906801007,56
recycle_minus50,olive,7.36,,0.0008816120906801007,56
recycle_minus50,olive,7.38,,0.0008816120906801007,56
recycle_minus50,olive,7.4,,0.0008816120906801007,56
recycle_minus50,olive,7.42,,0.0008816120906801007,56
recycle_minus50,olive,7.44,,0.0008816120906801007,56
recycle_minus50,olive,7.46,,0.0008816120906801007,56
recycle_minus50,olive,7.48,,0.0008816120906801007,56
recycle_minus50,olive,7.5,,0.0008816120906801007,56
recycle_minus50,olive,7.5200000000000005,,0.0008816120906801007,56
recycle_minus50,olive,7.54,,0.0008816120906801007,56
recycle_minus50,olive,7.5600000000000005,,0.0008816120906801007,56
recycle_minus50,olive,7.58,,0.0008816120906801007,56
recycle_minus50,olive,7.6000000000000005,,0.0008816120906801007,56
recycle_minus50,olive,7.62,,0.0008816120906801007,56
recycle_minus50,olive,7.640000000000001,,0.0008816120906801007,56
recycle_minus50,olive,7.66,,0.0008816120906801007,56
recycle_minus50,olive,7.68,,0.0008816120906801007,56
recycle_minus50,olive,7.7,,0.0008816120906801007,56
recycle_minus50,olive,7.72,,0.0008816120906801007,56
recycle_minus50,olive,7.74,,0.0008816120906801007,56
recycle_minus50,olive,7.76,,0.0008816120906801007,56
recycle_minus50,olive,7.78,,0.0008816120906801007,56
recycle_minus50,olive,7.8,,0.0008816120906801007,56
recycle_minus50,olive,7.82,,0.0008816120906801007,56
recycle_minus50,olive,7.84,,0.0008816120906801007,56
recycle_minus50,olive,7.86,,0.0008816120906801007,56
recycle_minus50,olive,7.88,,0.0008816120906801007,56
recycle_minus50,olive,7.9,,0.0008816120906801007,56
recycle_minus50,olive,7.92,,0.0008816120906801007,56
recycle_minus50,olive,7.94,,0.0008816120906801007,56
recycle_minus50,olive,7.96,,0.0008816120906801007,56
recycle_minus50,olive,7.98,,0.0008816120906801007,56
recycle_minus50,olive,8.0,,0.0008816120906801007,56
recycle_minus50,olive,8.02,,0.0008816120906801007,56
recycle_minus50,olive,8.040000000000001,,0.0008816120906801007,56
recycle_minus50,olive,8.06,,0.0008816120906801007,56
recycle_minus50,olive,8.08,,0.0008816120906801007,56
recycle_minus50,olive,8.1,,0.0008816120906801007,56
recycle_minus50,olive,8.120000000000001,,0.0008816120906801007,56
recycle_minus50,olive,8.14,,0.0008816120906801007,56
recycle_minus50,olive,8.16,,0.0008816120906801007,56
recycle_minus50,olive,8.18,,0.0008816120906801007,56
recycle_minus50,olive,8.2,,0.0008816120906801007,56
recycle_minus50,olive,8.22,,0.0008816120906801007,56
recycle_minus50,olive,8.24,,0.0008816120906801007,56
recycle_minus50,olive,8.26,,0.0008816120906801007,56
recycle_minus50,olive,8.28,,0.0008816120906801007,56
recycle_minus50,olive,8.3,,0.0008816120906801007,56
recycle_minus50,olive,8.32,,0.0008816120906801007,56
recycle_minus50,olive,8.34,,0.0008816120906801007,56
recycle_minus50,olive,8.36,,0.0008816120906801007,56
recycle_minus50,olive,8.38,,0.0008816120906801007,56
recycle_minus50,olive,8.4,,0.0008816120906801007,56
recycle_minus50,olive,8.42,,0.0008816120906801007,56
recycle_minus50,olive,8.44,,0.0008816120906801007,56
recycle_minus50,olive,8.46,,0.0008816120906801007,56
recycle_minus50,olive,8.48,,0.0008816120906801007,56
recycle_minus50,olive,8.5,,0.0008816120906801007,56
recycle_minus50,olive,8.52,,0.0008816120906801007,56
recycle_minus50,olive,8.540000000000001,,0.0008816120906801007,56
recycle_minus50,olive,8.56,,0.0008816120906801007,56
recycle_minus50,olive,8.58,,0.0008816120906801007,56
recycle_minus50,olive,8.6,,0.0008816120906801007,56
recycle_minus50,olive,8.620000000000001,,0.0008816120906801007,56
recycle_minus50,olive,8.64,,0.0008816120906801007,56
recycle_minus50,olive,8.66,,0.0008816120906801007,56
recycle_minus50,olive,8.68,,0.0008816120906801007,56
recycle_minus50,olive,8.700000000000001,,0.0008816120906801007,56
recycle_minus50,olive,8.72,,0.0008816120906801007,56
recycle_minus50,olive,8.74,,0.0008816120906801007,56
recycle_minus50,olive,8.76,,0.0008816120906801007,56
recycle_minus50,olive,8.78,,0.0008816120906801007,56
recycle_minus50,olive,8.8,,0.0008816120906801007,56
recycle_minus50,olive,8.82,,0.0008816120906801007,56
recycle_minus50,olive,8.84,,0.0008816120906801007,56
recycle_minus50,olive,8.86,,0.0008816120906801007,56
recycle_minus50,olive,8.88,,0.0008816120906801007,56
recycle_minus50,olive,8.9,,0.0008816120906801007,56
recycle_minus50,olive,8.92,,0.0008816120906801007,56
recycle_minus50,olive,8.94,,0.0008816120906801007,56
recycle_minus50,olive,8.96,,0.0008816120906801007,56
recycle_minus50,olive,8.98,,0.0008816120906801007,56
recycle_minus50,olive,9.0,,0.0008816120906801007,56
recycle_minus50,olive,9.02,,0.0008816120906801007,56
recycle_minus50,olive,9.040000000000001,,0.0008816120906801007,56
recycle_minus50,olive,9.06,,0.0008816120906801007,56
recycle_minus50,olive,9.08,,0.0008816120906801007,56
recycle_minus50,olive,9.1,,0.0008816120906801007,56
recycle_minus50,olive,9.120000000000001,,0.0008816120906801007,56
recycle_minus50,olive,9.14,,0.0008816120906801007,56
recycle_minus50,olive,9.16,,0.0008816120906801007,56
recycle_minus50,olive,9.18,,0.0008816120906801007,56
recycle_minus50,olive,9.200000000000001,,0.0008816120906801007,56
recycle_minus50,olive,9.22,,0.0008816120906801007,56
recycle_minus50,olive,9.24,,0.0008816120906801007,56
recycle_minus50,olive,9.26,,0.0008816120906801007,56
recycle_minus50,olive,9.28,,0.0008816120906801007,56
recycle_minus50,olive,9.3,,0.0008816120906801007,56
recycle_minus50,olive,9.32,,0.0008816120906801007,56
recycle_minus50,olive,9.34,,0.0008816120906801007,56
recycle_minus50,olive,9.36,,0.0008816120906801007,56
recycle_minus50,olive,9.38,,0.0008816120906801007,56
recycle_minus50,olive,9.4,,0.0008816120906801007,56
recycle_minus50,olive,9.42,,0.0008816120906801007,56
recycle_minus50,olive,9.44,,0.0008816120906801007,56
recycle_minus50,olive,9.46,,0.0008816120906801007,56
recycle_minus50,olive,9.48,,0.0008816120906801007,56
recycle_minus50,olive,9.5,,0.0008816120906801007,56
recycle_minus50,olive,9.52,,0.0008816120906801007,56
recycle_minus50,olive,9.540000000000001,,0.0008816120906801007,56
recycle_minus50,olive,9.56,,0.0008816120906801007,56
recycle_minus50,olive,9.58,,0.0008816120906801007,56
recycle_minus50,olive,9.6,,0.0008816120906801007,56
recycle_minus50,olive,9.620000000000001,,0.0008816120906801007,56
recycle_minus50,olive,9.64,,0.0008816120906801007,56
recycle_minus50,olive,9.66,,0.0008816120906801007,56
recycle_minus50,olive,9.68,,0.0008816120906801007,56
recycle_minus50,olive,9.700000000000001,,0.0008816120906801007,56
recycle_minus50,olive,9.72,,0.0008816120906801007,56
recycle_minus50,olive,9.74,,0.0008816120906801007,56
recycle_minus50,olive,9.76,,0.0008816120906801007,56
recycle_minus50,olive,9.78,,0.0008816120906801007,56
recycle_minus50,olive,9.8,,0.0008816120906801007,56
recycle_minus50,olive,9.82,,0.0008816120906801007,56
recycle_minus50,olive,9.84,,0.0008816120906801007,56
recycle_minus50,olive,9.86,,0.0008816120906801007,56
recycle_minus50,olive,9.88,,0.0008816120906801007,56
recycle_minus50,olive,9.9,,0.0008816120906801007,56
recycle_minus50,olive,9.92,,0.0008816120906801007,56
recycle_minus50,olive,9.94,,0.0008816120906801007,56
recycle_minus50,olive,9.96,,0.0008816120906801007,56
recycle_minus50,olive,9.98,,0.0008816120906801007,56
recycle_minus50,olive,10.0,,0.0008816120906801007,56
