case,configuration,constrained,seed,margin_K,completed,stop_reason,completed_h,steps,IAE,ISE,ITAE,ITSE,post_event_IAE,max_tracking_deviation_pct,steady_CC_error,CC_estimation_RMSE,state_estimation_RMSE,CC_coverage95,NEES_mean,NIS_mean,T_max,thermal_violation_K,time_above344_h,thermal_violation_integral_Kh,mw_min,mw_max,coolant_total_kmol,control_TV_kmol_h,normalized_control_effort,solver_failure_count,fallback_count,estimator_covariance_repairs,solver_latency_median_ms,solver_latency_p95_ms,estimator_latency_median_ms,adaptive_Q_factor_max,wall_seconds
fa_minus10,neural_nake,False,8001,0.0,True,,12.0,800,0.497636557897447,0.032816373502897435,2.860521954233368,0.17452516239086827,0.28103826454185726,6.780651913764445,0.010919616610915693,0.03571021501816205,[0.03442294 0.05242488 0.03571022 0.00909021 1.1315189  0.47854031],0.97125,27541.840908730203,2.056422578699463,339.6181419215316,0.0,0.0,0.0,153.3064974085795,534.9025672996504,4298.739268677467,6476.153911150068,0.5798994230743073,0,0,0,23.86132550009279,35.48172344935665,1.9830014998660772,1.5347600948564468,22.741224542000054
fa_minus10,neural_nake,False,8002,0.0,True,,12.0,800,0.5260098347928248,0.038722398931320005,3.4530307685171824,0.2705392986968074,0.36027436908270166,7.471491369433746,-0.015040519071418996,0.037282866660130046,[0.03526597 0.05106028 0.03728287 0.00751946 1.16443812 0.46669254],0.95,20075.07803359176,1.843188188752751,340.7993800035799,0.0,0.0,0.0,163.15300699868055,546.8216942592751,4329.654028320388,5535.453675560259,0.41120512784065355,0,0,0,23.232207000091876,35.32708870011447,1.9508380000843317,1.3995883988913522,22.464498426999853
fa_minus10,neural_nake,False,8003,0.0,True,,12.0,800,0.4706305689507463,0.03164268677257454,2.9162390122475266,0.19217219821423728,0.2893077288815627,7.421468975596325,0.01723247164467049,0.038028915109268,[0.03683182 0.05670818 0.03802892 0.01109436 1.15892243 0.51781783],0.95625,29628.627854746497,1.868312530303653,340.18380940507876,0.0,0.0,0.0,147.56837571729963,520.0544502961352,4339.546901988713,5918.92271002738,0.44421625788506097,0,0,0,20.69919800032949,35.42195559916763,1.642179000100441,1.5058988940098894,21.069738928999868
fa_minus10,neural_nake,True,8001,0.0,True,,12.0,800,0.4976365040529606,0.0328163607294778,2.860521733261094,0.17452510965523466,0.28103821069737084,6.780651913764445,0.010919616610915455,0.035710214234801675,[0.03442294 0.05242488 0.03571021 0.00909021 1.13151889 0.4785403 ],0.97125,27541.840912503045,2.0564225776142377,339.6181419210714,0.0,0.0,0.0,153.30645213271958,534.9025672996504,4298.739234527509,6476.153686511559,0.579899580875831,0,0,0,20.444073999897228,33.79058679988702,1.6573779998907412,1.5347600948564468,20.44817104499998
fa_minus10,neural_nake,True,8002,0.0,True,,12.0,800,0.5260099235322309,0.03872241186149325,3.453031114887634,0.27053934998210166,0.36027445782210776,7.471491369426388,-0.015040519071429588,0.03728286555028117,[0.03526597 0.05106028 0.03728287 0.00751946 1.16443808 0.46669249],0.95,20075.078235269444,1.8431881706640256,340.79938000371305,0.0,0.0,0.0,163.15296694722664,546.8216942592751,4329.6541979398735,5535.456042117359,0.41120211899286174,0,0,0,20.407303500178386,33.91320254991115,1.6633410000395088,1.3995883988894677,19.792543328000647
fa_minus10,neural_nake,True,8003,0.0,True,,12.0,800,0.4706316937398051,0.03164294856509124,2.9162436134354093,0.1921732728894135,0.2893088536706215,7.421468975596325,0.017232471644738786,0.03802891485108777,[0.03683182 0.05670818 0.03802891 0.01109436 1.15892241 0.51781768],0.95625,29628.6285368096,1.868312535614526,340.18380940634876,0.0,0.0,0.0,147.56168400358027,520.0544502961352,4339.547651676812,5918.938436035169,0.44421519706537493,0,0,0,20.269322000331158,32.70126475053985,1.5707210000073246,1.5058988940149922,19.686912430999655
fa_minus10,neural_ukf,False,8001,0.0,True,,12.0,800,0.4984210843812175,0.03304692240125337,2.849582024126772,0.1738546640882354,0.2781391918497339,6.7617732493259215,0.010630058808808712,0.0345872970605977,[0.03373662 0.05147647 0.0345873  0.00906426 1.11431461 0.4401373 ],0.97125,52117258.88511851,2.064848200308684,339.863019981314,0.0,0.0,0.0,154.75549878091013,533.5213728478285,4295.795048215559,6076.355260138134,0.5197460277273027,0,0,0,19.97950650002167,32.32916915030728,0.5646905001412961,1.0,18.246351723999396
fa_minus10,neural_ukf,False,8002,0.0,True,,12.0,800,0.5241497924018048,0.03885794021911642,3.4400979228218613,0.27210005543344196,0.3565850365129513,7.5043870761608495,-0.015069940125877921,0.03717434802722706,[0.03531081 0.05100464 0.03717435 0.00750427 1.16810978 0.40180829],0.945,34399716.553560674,1.844190694238513,341.03103319541503,0.0,0.0,0.0,163.0786557170939,546.7425506821619,4321.673731960649,5331.085569656389,0.3879623098510252,0,0,0,23.161083000104554,35.3116791499815,0.6383644999914395,1.0,21.4357437460003
fa_minus10,neural_ukf,False,8003,0.0,True,,12.0,800,0.46619445092191714,0.031241437789471468,2.897756112306766,0.19056571809436795,0.2880332607368633,7.381488227372211,0.01743845970778433,0.03721217422592585,[0.0362124  0.0564081  0.03721217 0.01110061 1.14229653 0.43590811],0.9475,51558902.8139129,1.8721906180134618,340.4167975231626,0.0,0.0,0.0,153.7086671266307,517.6636131917638,4329.068293789805,5672.51285546389,0.41501870959688525,0,0,0,22.025912499884726,35.319608249710654,0.6142230004115845,1.0,20.642282107000028
fa_minus10,neural_ukf,True,8001,0.0,True,,12.0,800,0.4984209795854889,0.033046897861806354,2.8495815923513157,0.17385456261039145,0.27813908705400525,6.7617732493259215,0.010630058808765403,0.03458729565668213,[0.03373662 0.05147647 0.0345873  0.00906426 1.11431459 0.44013729],0.97125,52117258.885118514,2.064848195648352,339.86301998079585,0.0,0.0,0.0,154.75549912942748,533.5213728478285,4295.794981322113,6076.354855015832,0.5197463225709369,0,0,0,27.823389500099438,36.365806549565605,0.6222404999789433,1.0,22.793352441000025
fa_minus10,neural_ukf,True,8002,0.0,True,,12.0,800,0.524149894370057,0.0388579570324166,3.4400983254082247,0.27210012281660256,0.35658513848120355,7.504387076162309,-0.01506994012585644,0.037174348232015535,[0.03531081 0.05100464 0.03717435 0.00750427 1.16810978 0.40180826],0.945,34399716.55356059,1.8441906821125866,341.03103319552145,0.0,0.0,0.0,163.07865567768758,546.7425506821619,4321.673917916778,5331.088225723315,0.3879591135380171,0,0,0,21.75926099971548,35.48534135056798,0.6059310003365681,1.0,20.66523559899997
fa_minus10,neural_ukf,True,8003,0.0,True,,12.0,800,0.46619543765806126,0.031241689722340236,2.89776014265278,0.19056675260724754,0.2880342474730074,7.381488227372211,0.017438459707753803,0.03721217529027101,[0.0362124  0.0564081  0.03721218 0.01110061 1.14229652 0.43590801],0.9475,51558902.81391264,1.8721905949111497,340.4167975239737,0.0,0.0,0.0,153.70226521233295,517.6636131917638,4329.069021904098,5672.52822288838,0.41501753260497576,0,0,0,23.52714749986262,35.521848649796084,0.6013289994371007,1.0,21.69351382200057
fa_minus10,physical_nake,False,8001,0.0,True,,12.0,800,0.5109371414312287,0.034383318229708776,2.9373672791906373,0.18325047866595306,0.2916352917175868,6.832885677503825,0.010834551416917962,0.035793297706291395,[0.03451485 0.05245891 0.0357933  0.00908968 1.13315169 0.47795151],0.97,27536.54681055668,2.0561980607409724,339.57696782697326,0.0,0.0,0.0,153.71751140443362,527.9903592235909,4302.369930419408,6104.88073528546,0.5207981263973039,0,0,0,6.177406499773497,9.678302649990655,1.4978204999351874,1.534785635938954,7.3497588699992775
fa_minus10,physical_nake,False,8002,0.0,True,,12.0,800,0.5343911544297529,0.039855607157804264,3.5089644149861523,0.2781949155906082,0.3672176281588905,7.4539900548115945,-0.014984303312978045,0.037324075421638285,[0.03531904 0.05110304 0.03732408 0.00751922 1.16510415 0.46520104],0.95,20069.48706710392,1.8429439111207981,340.75918582345383,0.0,0.0,0.0,165.05484555268288,540.9424754615047,4332.585525402184,5201.478433585295,0.3671780411127681,0,0,0,7.788772999901994,11.023731399791359,2.0084934999431425,1.3996369821783066,9.17754915200021
fa_minus10,physical_nake,False,8003,0.0,True,,12.0,800,0.47701803559800393,0.032372485726061606,2.959415510126756,0.19712710149734686,0.29553925603932785,7.4500448767531555,0.017969855959574996,0.038058770700489346,[0.03686776 0.05672838 0.03805877 0.01109412 1.15968737 0.51639246],0.95625,29623.41358629616,1.8682217785488782,340.1234508421383,0.0,0.0,0.0,151.8910922813478,513.9988812678785,4341.416946425152,5575.53410383937,0.3974774684540506,0,0,0,7.168944499881036,11.048991649613525,1.9594899999901827,1.5059157112811412,8.640872680999564
fa_minus10,physical_nake,True,8001,0.0,True,,12.0,800,0.5109367823780417,0.03438322488237894,2.9373658064488897,0.18325009279108648,0.2916349326643998,6.832885677503825,0.010834551416864896,0.03579329238520979,[0.03451484 0.05245891 0.03579329 0.00908968 1.1331516  0.47795146],0.97,27536.546814709258,2.0561980534470155,339.57696782430213,0.0,0.0,0.0,153.71725218283302,527.9903592235909,4302.369696338948,6104.879683314548,0.5207990177480885,0,0,0,6.5321570000378415,10.668882350182681,1.5375459997812868,1.534785635938954,7.719797732999723
fa_minus10,physical_nake,True,8002,0.0,True,,12.0,800,0.5343908227254894,0.0398555482999096,3.5089631100282963,0.27819468020479116,0.3672172964546269,7.453990054813833,-0.014984303312975998,0.037324079201500875,[0.03531905 0.05110305 0.03732408 0.00751922 1.16510429 0.46520118],0.95,20069.48637361309,1.8429439690968454,340.75918582300926,0.0,0.0,0.0,165.0549697657848,540.9424754615047,4332.584920410378,5201.470590748202,0.3671879015600097,0,0,0,6.848017500033166,10.272772450116461,1.7328090002592944,1.3996369821879984,8.250377727999876
fa_minus10,physical_nake,True,8003,0.0,True,,12.0,800,0.47701808771237186,0.03237249976715142,2.959415722599761,0.19712715917279222,0.29553930815369583,7.4500448767531555,0.017969855959599122,0.03805877070877979,[0.03686776 0.05672838 0.03805877 0.01109412 1.15968736 0.51639245],0.95625,29623.413621365296,1.8682217786755968,340.1234508421999,0.0,0.0,0.0,151.8907649781278,513.9988812678785,4341.416984411484,5575.534872176561,0.397477432235574,0,0,0,7.20475849993818,10.24826435009345,1.77285949985162,1.5059157112813852,8.295457775000614
fa_minus10,physical_ukf,False,8001,0.0,True,,12.0,800,0.5109424106342552,0.03460562097923589,2.9200588815592434,0.18234425027376144,0.2880128499604969,6.822982342210744,0.010557048763859047,0.0346590778210013,[0.03380758 0.05152727 0.03465908 0.00906404 1.11540728 0.44041122],0.97125,52117258.60045362,2.0648273713446144,339.82333429574976,0.0,0.0,0.0,155.99206377955315,526.6822392454783,4299.553549530414,5725.698743471971,0.4664404809994867,0,0,0,7.488876500246988,10.060726550136678,0.5459414996948908,1.0,7.537473713999134
fa_minus10,physical_ukf,False,8002,0.0,True,,12.0,800,0.5324119803700161,0.03996079978271569,3.4938150175279836,0.27941642219404245,0.3634296348684449,7.525503441865364,-0.015005309374151354,0.03723044301481182,[0.0353678  0.05106023 0.03723044 0.00750426 1.16897806 0.40187873],0.945,34399716.54820835,1.8441759422464161,340.99541220809283,0.0,0.0,0.0,164.2045720977878,540.8818868677185,4324.6573647352725,5010.6539730991335,0.3465772115051007,0,0,0,7.276768499650643,10.998365450041092,0.5657910000991251,1.0,7.482222095999532
fa_minus10,physical_ukf,False,8003,0.0,True,,12.0,800,0.47247422329893246,0.031970284513333544,2.9397995550610307,0.19535352338908932,0.294144971937637,7.408133858672049,0.018159623763043142,0.037249190700309624,[0.0362527  0.05643537 0.03724919 0.01110052 1.14313265 0.43604392],0.9475,51558902.8289172,1.8721917607916787,340.3642457770262,0.0,0.0,0.0,155.07194939037848,511.6337713811529,4330.98296735713,5343.039130439609,0.3713747651071133,0,0,0,7.110847999683756,11.012161099688452,0.5348705003598297,1.0,7.358456715999637
fa_minus10,physical_ukf,True,8001,0.0,True,,12.0,800,0.5109420568862113,0.03460553437456236,2.920057419812334,0.18234389153537428,0.28801249621245306,6.822982342210744,0.01055704876389309,0.034659073322788024,[0.03380758 0.05152726 0.03465907 0.00906404 1.11540721 0.44041118],0.97125,52117258.60045361,2.064827357105977,339.8233342957533,0.0,0.0,0.0,155.99206378222192,526.6822392454783,4299.553331220494,5725.697852261239,0.4664412957765651,0,0,0,7.167388999732793,11.157336050337108,0.5369379996409407,1.0,7.574167634999867
fa_minus10,physical_ukf,True,8002,0.0,True,,12.0,800,0.5324114006039831,0.039960731048884424,3.4938126740586912,0.27941614500903494,0.36342905510241186,7.525503441868342,-0.015005309374186131,0.037230442142704635,[0.0353678  0.05106023 0.03723044 0.00750426 1.16897804 0.40187881],0.945,34399716.5482086,1.844175979687227,340.9954122080951,0.0,0.0,0.0,164.20457209769657,540.8818868677185,4324.656747829174,5010.645926998179,0.3465868508434205,0,0,0,7.268660000136151,11.22084155053926,0.5287255003167957,1.0,7.486196568000196
fa_minus10,physical_ukf,True,8003,0.0,True,,12.0,800,0.47247427429887595,0.03197029803336936,2.9397997637809974,0.19535357895630373,0.2941450229375805,7.408133858672049,0.018159623763040218,0.037249190795172124,[0.0362527  0.05643537 0.03724919 0.01110052 1.14313265 0.43604392],0.9475,51558902.82891719,1.8721917596068371,340.36424577702905,0.0,0.0,0.0,155.07194939033837,511.6337713811529,4330.983004058178,5343.039872882528,0.3713747215880247,0,0,0,6.367983500240371,11.40114419981728,0.46443799965345534,1.0,6.959649524999804
fa_minus15,neural_nake,False,8001,0.0,True,,12.0,800,0.5029869434186667,0.03283475579020441,2.911868907142954,0.17538323512834095,0.286388650063077,6.780651913764445,0.01091961649823497,0.035360371705048285,[0.03270047 0.05279095 0.03536037 0.00909516 1.11487249 0.51678184],0.9375,28273.097761627938,2.073178721126805,343.26458589000305,0.0,0.0,0.0,85.99757359074613,534.9025672996504,3978.585743310068,6228.723608832926,0.6414120495399931,0,0,0,21.507582999674923,35.499719700192145,1.7323014999419684,1.5347600948564468,21.600251017999653
fa_minus15,neural_nake,False,8002,0.0,True,,12.0,800,0.5105117636841286,0.03762278264978686,3.3530638943215134,0.2632642216550137,0.34477629797400555,7.45915273788063,-0.015040519445813416,0.03661529228404886,[0.03366608 0.05034366 0.03661529 0.0075283  1.15596209 0.54486425],0.90875,20516.494640431196,1.8619251789257893,344.1728386904579,0.17283869045792244,0.039749999999999994,0.004074555848004692,87.2492294936097,546.8216942592751,4007.361822030013,5300.329043168758,0.466097340720129,0,0,0,21.795911000026535,35.32987544977004,1.7581394999979238,1.4107174211116746,21.57188932200006
fa_minus15,neural_nake,False,8003,0.0,True,,12.0,800,0.4677469200369652,0.03141743026205719,2.9019374901318544,0.1904379507275169,0.28642407996778163,7.421468975596325,0.017232471608946046,0.03713705544822374,[0.03512835 0.0557889  0.03713706 0.01109879 1.13461301 0.60737568],0.9375,30240.681642979183,1.879301558713684,343.71593654559143,0.0,0.0,0.0,77.98593137249061,520.0544502961352,4017.0509626989156,5601.661892406088,0.4995211487518002,0,0,0,21.37912750004034,35.104154199643745,1.734533999751875,1.493360804651544,21.276565754999865
fa_minus15,neural_nake,True,8001,0.0,True,,12.0,800,0.502987165367471,0.03283482235436702,2.9118697384312524,0.1753835062213004,0.2863888720118813,6.780651913764445,0.010919616498185954,0.03536037494307447,[0.03270047 0.05279095 0.03536037 0.00909516 1.11487258 0.51678187],0.9375,28273.097583844727,2.073178717145518,343.2645882466435,0.0,0.0,0.0,85.99692671824523,534.9025672996504,3978.585916429971,6228.725023701355,0.6414110723661631,0,0,0,22.11791350009662,35.733869199611945,1.7338230004497746,1.5347600948564468,21.617726897000466
fa_minus15,neural_nake,True,8002,0.0,True,,12.0,800,0.5105120516432483,0.03762283952391814,3.3530649601119915,0.26326444473311916,0.34477658593312516,7.4591527360158345,-0.015040519445836389,0.03661528867373076,[0.03366608 0.05034366 0.03661529 0.0075283  1.155962   0.54486408],0.90875,20516.49508375382,1.861925098391335,344.17283873853177,0.172838738531766,0.039749999999999994,0.004074557805164162,87.24915145292975,546.8216942592751,4007.362242414124,5300.335504419965,0.4660897166684548,0,0,0,20.4092529997979,34.00084220011195,1.6282440001305076,1.410717423025468,19.846973862000596
fa_minus15,neural_nake,True,8003,0.0,True,,12.0,800,0.4677465638723748,0.031417346635218314,2.9019360248646526,0.19043760492281558,0.28642372380319114,7.421468975596325,0.01723247160893276,0.037137056022152067,[0.03512835 0.0557889  0.03713706 0.01109879 1.13461301 0.60737585],0.9375,30240.681515909815,1.8793015711512349,343.7159345665787,0.0,0.0,0.0,77.98767501214422,520.0544502961352,4017.050733774695,5601.657712192047,0.4995216492361564,0,0,0,21.187103500324156,34.8414831496484,1.589770999544271,1.4933608037461892,20.6136062279993
fa_minus15,neural_ukf,False,8001,0.0,True,,12.0,800,0.4765817593928648,0.0318160542287482,2.7255210612661562,0.16668629713191935,0.2562998668613812,6.7617732493259215,0.010630058846613522,0.0331465528982702,[0.03216443 0.05057874 0.03314655 0.00907074 1.07983806 0.44162912],0.97125,52022946.39210088,2.0650836454792056,343.95118068550545,0.0,0.0,0.0,84.18678140938312,533.5213728478285,3964.2418178664766,5876.713736407931,0.5843323171479666,0,0,0,20.333671499884076,34.12878530007219,0.5759159998888208,1.0,19.293758851000348
fa_minus15,neural_ukf,False,8002,0.0,True,,12.0,800,0.4902466626744728,0.03674688919302875,3.2235572083501363,0.2584904874410669,0.32268190678561937,7.485129286997328,-0.015069940086363129,0.03536991952181002,[0.03354466 0.04924264 0.03536992 0.00750948 1.13080672 0.40291575],0.94,34374673.25455718,1.8434921976379854,344.8711987694276,0.8711987694276218,0.17024999999999998,0.07799963370938863,85.9913102338943,546.7425506821619,3988.245650177683,5142.639649923841,0.4462142227180702,0,0,0,21.896742999615526,35.45984200000021,0.6329470002128801,1.0,21.13713509900026
fa_minus15,neural_ukf,False,8003,0.0,True,,12.0,800,0.4394344232259504,0.03014040873697333,2.729802725119491,0.18325408658998743,0.26127323304089656,7.381488227372211,0.017438459694803347,0.035565317748494994,[0.03448336 0.05520965 0.03556532 0.01110732 1.09826106 0.43748321],0.94625,51549364.73177852,1.8700389782139437,344.21199265029935,0.21199265029935077,0.1275,0.012424818994506268,81.96725942840716,517.6636131917638,3995.5845127794814,5407.374725740017,0.47416200675485953,0,0,0,21.508661000098073,35.35289415026455,0.5912295000598533,1.0,20.767076826999983
fa_minus15,neural_ukf,True,8001,0.0,True,,12.0,800,0.47658070912690065,0.031815798498115146,2.7255164698976198,0.1666852236332586,0.25629881659541703,6.7617732493259215,0.01063005884658003,0.03314653771876783,[0.03216441 0.05057873 0.03314654 0.00907074 1.07983781 0.44162902],0.97125,52022946.39210112,2.065083592711906,343.95118040141193,0.0,0.0,0.0,84.18678230409334,533.5213728478285,3964.241170094688,5876.707943627239,0.5843366592743111,0,0,0,21.604364999802783,35.674500950563015,0.6132529997557867,1.0,20.71919515599984
fa_minus15,neural_ukf,True,8002,0.0,True,,12.0,800,0.49024708898775127,0.03674694929564185,3.2235588440804577,0.2584907188991083,0.32268233309889777,7.485129286883663,-0.015069940086405005,0.03536991949964697,[0.03354466 0.04924264 0.03536992 0.00750948 1.13080673 0.40291569],0.94,34374673.25455706,1.843492173271507,344.87119880907585,0.8711988090758496,0.17024999999999998,0.07799964142160076,85.99125655205577,546.7425506821619,3988.2460832362062,5142.644810382534,0.44620694162957697,0,0,0,22.482720999960293,35.44656115059296,0.5855555004927737,1.0,21.166384496999854
fa_minus15,neural_ukf,True,8003,0.0,True,,12.0,800,0.4394340138088947,0.030140314863793104,2.7298007720304955,0.1832536619445537,0.2612728236238408,7.381488227372211,0.01743845969480337,0.03556531878468559,[0.03448337 0.05520965 0.03556532 0.01110732 1.0982611  0.43748326],0.94625,51549364.731778726,1.8700389827853447,344.21199264239453,0.21199264239453441,0.1275,0.012424808441219128,81.96908487574491,517.6636131917638,3995.5843041958124,5407.3701851517835,0.47416298820779246,0,0,0,21.147350999854098,35.46888585065062,0.5913549998695089,1.0,20.376435557999685
fa_minus15,physical_nake,False,8001,0.0,True,,12.0,800,0.49907666253608524,0.03330448836264319,2.8776448282789056,0.17730878806696132,0.2797748128224434,6.832885677503825,0.010834551207846812,0.03542190889071794,[0.03272154 0.05286691 0.03542191 0.00909422 1.11648322 0.51509505],0.93625,28304.79137847799,2.073538218528859,343.4853582568083,0.0,0.0,0.0,86.19132111486951,527.9903592235909,3972.5620469538717,5879.928329615186,0.5851869637571181,0,0,0,7.252854500165995,10.620587850098667,1.9534790003490343,1.534785635938954,8.480612671999552
fa_minus15,physical_nake,False,8002,0.0,True,,12.0,800,0.505577385239928,0.03778689110886008,3.3247999408094477,0.2648829756444412,0.33840385896906555,7.443654114700059,-0.014984303666100792,0.03660731594183446,[0.03364274 0.05035157 0.03660732 0.00752863 1.15652421 0.54211209],0.9075,20534.35419532607,1.8623602969278417,344.4571117912155,0.45711179121548184,0.09825,0.022717171356197066,88.55215854141305,540.9424754615047,4000.5359528256777,4993.714290912299,0.4257313281944233,0,0,0,7.4244089996682305,10.627090700290863,1.9656509998640104,1.4122833966954484,8.515789491999385
fa_minus15,physical_nake,False,8003,0.0,True,,12.0,800,0.45924162936891955,0.03140676712615335,2.850567170580235,0.19068405139774675,0.2777628498102435,7.4500448767531555,0.017969855921657046,0.0371142709227825,[0.03508303 0.05577867 0.03711427 0.01109828 1.13483622 0.60544704],0.935,30263.226835554004,1.8794041349913155,343.80249433758706,0.0,0.0,0.0,79.49180556513897,513.9988812678785,4009.076705897144,5286.831920867007,0.4568759488791435,0,0,0,7.022710000455845,10.812960849716543,1.9204339996576891,1.4920446268085332,8.156185810000352
fa_minus15,physical_nake,True,8001,0.0,True,,12.0,800,0.49907647247940096,0.03330444167941256,2.8776439366880773,0.17730859008708355,0.27977462276575904,6.832885677503825,0.010834551207844293,0.035421906850004695,[0.03272153 0.05286691 0.03542191 0.00909422 1.11648317 0.51509503],0.93625,28304.79146667921,2.0735382236412945,343.48535804012533,0.0,0.0,0.0,86.19172573516784,527.9903592235909,3972.5619522108723,5879.92728297318,0.5851877559576957,0,0,0,8.069141999840213,10.385225600248303,1.9674345003295457,1.534785635938954,8.901814071000445
fa_minus15,physical_nake,True,8002,0.0,True,,12.0,800,0.5055773809882451,0.03778689084693284,3.3247998269899255,0.2648829616165447,0.3384038547173827,7.443654107575207,-0.014984303666096205,0.036607315821256474,[0.03364274 0.05035157 0.03660732 0.00752863 1.15652421 0.54211209],0.9075,20534.354189856116,1.8623602934999943,344.4571117930208,0.457111793020772,0.09825,0.022717171541205557,88.55215567886879,540.9424754615047,4000.5359838282384,4993.714492286443,0.42573114075213675,0,0,0,6.671109500075545,9.23694269972657,1.610331999927439,1.412283396756087,7.78035737800019
fa_minus15,physical_nake,True,8003,0.0,True,,12.0,800,0.4592411684932645,0.03140665151641961,2.850565157520712,0.19068355990171224,0.2777623889345885,7.4500448767531555,0.01796985592165378,0.03711427176126605,[0.03508303 0.05577867 0.03711427 0.01109828 1.13483622 0.60544721],0.935,30263.226732687308,1.8794041508292743,343.80249432903526,0.0,0.0,0.0,79.49404500083122,513.9988812678785,4009.0764378386893,5286.826533104366,0.45687705602824163,0,0,0,6.870804500067607,8.994815350160934,1.8971280005644076,1.4920446255086532,7.827041559999998
fa_minus15,physical_ukf,False,8001,0.0,True,,12.0,800,0.4810528974090632,0.03277543129120292,2.7472290788547378,0.1718612809053759,0.258123336735305,6.822982342210744,0.010557048775031145,0.033167224172621704,[0.03217381 0.05062086 0.03316722 0.00907053 1.07951482 0.44202649],0.97125,52022946.10412472,2.0651794715271037,344.2820866397328,0.28208663973282455,0.1485,0.017585290090835145,81.51050888709226,526.6822392454783,3957.9943806655647,5546.759696005385,0.534097006129318,0,0,0,6.1186869997982285,8.250646249825877,0.4380789996503154,1.0,6.162886950999564
fa_minus15,physical_ukf,False,8002,0.0,True,,12.0,800,0.4917026023551607,0.03747051467198677,3.2359189021970813,0.2638050930734711,0.32272025685358946,7.506782558785317,-0.015005309354905827,0.03534500651698907,[0.03352192 0.04922643 0.03534501 0.00750947 1.12974857 0.40342472],0.94,34374673.24702757,1.8434614804256473,345.2070597785715,1.2070597785714767,0.2535,0.15156530743354188,85.82584248165882,540.8818868677185,3981.128429882222,4845.840391289523,0.40848735131754565,0,0,0,6.02669949967094,7.905329749610244,0.43027199990319787,1.0,5.875354494999556
fa_minus15,physical_ukf,False,8003,0.0,True,,12.0,800,0.4403621399059867,0.030690085655410627,2.7393158179180954,0.18717345282765468,0.26203288854469126,7.408133858672049,0.018159623742281705,0.03552674932422804,[0.03444151 0.05519426 0.03552675 0.01110723 1.09699505 0.43802714],0.94625,51549364.7511313,1.8699208318501723,344.5501733685093,0.55017336850932,0.22125,0.07390023313892591,82.57848360780723,511.6337713811529,3987.291961529103,5104.292634785894,0.43468895694322585,0,0,0,6.209494499671564,9.232714549580123,0.4554695001388609,1.0,6.373856260000139
fa_minus15,physical_ukf,True,8001,0.0,True,,12.0,800,0.4810535188582199,0.032775607998153364,2.7472313143112244,0.17186198581691167,0.25812395818446165,6.822982342210744,0.010557048775073255,0.03316723466634766,[0.03217382 0.05062087 0.03316723 0.00907053 1.07951499 0.44202658],0.97125,52022946.10412495,2.065179512453584,344.2820866397185,0.2820866397185,0.1485,0.01758529008358198,81.5105088872537,526.6822392454783,3957.9949148033625,5546.763059137585,0.5340951881884002,0,0,0,6.4818154996828525,9.140469350086278,0.46240550000220537,1.0,6.578560049999396
fa_minus15,physical_ukf,True,8002,0.0,True,,12.0,800,0.49170257870251177,0.037470509222328,3.2359185696937676,0.26380503298674557,0.3227202332009405,7.506782555223535,-0.015005309354873408,0.03534500669773506,[0.03352192 0.04922643 0.03534501 0.00750947 1.12974857 0.40342472],0.94,34374673.24702764,1.8434614790558255,345.20705977857074,1.2070597785707378,0.2535,0.15156530743364513,85.82584248167774,540.8818868677185,3981.1284848168048,4845.840556854953,0.40848728015053287,0,0,0,6.74483449984109,10.93498180075585,0.5048644998169038,1.0,6.984928787000172
fa_minus15,physical_ukf,True,8003,0.0,True,,12.0,800,0.4403616661812664,0.03068996346831691,2.739313545428904,0.18717290473678766,0.2620324148199709,7.408133858672049,0.018159623742239908,0.035526750149625266,[0.03444151 0.05519426 0.03552675 0.01110723 1.09699508 0.4380272 ],0.94625,51549364.751131356,1.8699208378488894,344.55017336850375,0.5501733685037493,0.22125,0.07390023315658835,82.57848360752887,511.6337713811529,3987.291705665506,5104.287025954933,0.43469038527643983,0,0,0,6.3863239997772325,9.366965399794935,0.45327700036068563,1.0,6.458515207999881
fb_plus10,neural_nake,False,8001,0.0,True,,12.0,800,0.5221066745354801,0.035326245918250364,3.005046720471134,0.18752269769334334,0.3055083811798903,7.267620168628318,0.01091961618352286,0.036770307708887666,[0.03592444 0.05290851 0.03677031 0.0089901  1.16355288 0.45766149],0.9725,28015.69446476436,2.054700305247269,339.5215927512556,0.0,0.0,0.0,182.08764547007286,534.9025672996504,4440.113474231142,6697.7005810646915,0.6046225185954577,0,0,0,20.688561000042682,32.17311964995133,1.6584340000918019,1.5347600948564468,20.183730450999974
fb_plus10,neural_nake,False,8002,0.0,True,,12.0,800,0.5564918423583879,0.04202923680860754,3.647456974777193,0.29197005281646016,0.39075637664826474,7.478364874722712,-0.015040518813342717,0.038417535719810804,[0.0365841  0.05235025 0.03841754 0.00748146 1.19574996 0.43198765],0.9475,20428.855169118448,1.8423874207482964,340.72487168026566,0.0,0.0,0.0,193.93143164451686,546.8216942592751,4471.54083462957,5788.669076990089,0.4494607525481681,0,0,0,20.134650499585405,32.3102387002109,1.612208999631548,1.4192950113358005,19.728187099000024
fb_plus10,neural_nake,False,8003,0.0,True,,12.0,800,0.496074967653463,0.03438610879524588,3.074955877951247,0.20794052256187756,0.31475212758427934,7.5448233618808525,0.017232471664094254,0.03905481358134907,[0.03812338 0.05783508 0.03905481 0.01105721 1.19426566 0.47770292],0.95125,30105.510377085116,1.870110770527943,340.21136566672476,0.0,0.0,0.0,158.19588834997026,520.0544502961352,4482.2839037034755,6196.963890397654,0.48151858712812046,0,0,0,21.06054999967455,33.3738188001007,1.6287435000776895,1.5236982256283116,20.47911414600003
fb_plus10,neural_nake,True,8001,0.0,True,,12.0,800,0.5221083546015353,0.03532674707081916,3.0050536657224103,0.18752477147697835,0.3055100612459455,7.26820244977473,0.010919616183506215,0.036770331813109014,[0.03592447 0.05290853 0.03677033 0.0089901  1.1635533  0.45766163],0.9725,28015.696552616406,2.0547003273752953,339.52159275235135,0.0,0.0,0.0,182.08764513228408,534.9025672996504,4440.114115311306,6697.708324899913,0.6046118954569156,0,0,0,20.361296499686432,33.80475949961692,1.6093949993774004,1.5347600948564468,19.566688521000287
fb_plus10,neural_nake,True,8002,0.0,True,,12.0,800,0.5564917684141717,0.042029219863966016,3.6474566838795006,0.29196998492654336,0.3907563027040486,7.4783648747160925,-0.015040518813376196,0.03841753675970023,[0.0365841  0.05235025 0.03841754 0.00748146 1.19574999 0.43198768],0.9475,20428.855058326226,1.842387430664067,340.7248716802564,0.0,0.0,0.0,193.9314705586245,546.8216942592751,4471.540737364119,5788.669617859134,0.44946408464921656,0,0,0,20.612463500583544,33.44669725011045,1.6240920003838255,1.4192950113431917,20.3881852479999
fb_plus10,neural_nake,True,8003,0.0,True,,12.0,800,0.4960743021257596,0.034385917001333255,3.074953152654831,0.20793973600710855,0.314751462056576,7.544589263861821,0.01723247166410778,0.039054814637381696,[0.03812338 0.05783508 0.03905481 0.01105721 1.19426569 0.47770297],0.95125,30105.509738882836,1.8701107607881782,340.2113656666643,0.0,0.0,0.0,158.20011031562652,520.0544502961352,4482.283528554035,6196.953677743817,0.4815213807331957,0,0,0,19.890499000212003,32.23625590030679,1.5612370002600073,1.5236982256271436,18.977936532999593
fb_plus10,neural_ukf,False,8001,0.0,True,,12.0,800,0.5311963754378115,0.036251144786762945,3.0436272991505047,0.19078625703681856,0.31091448290632795,7.230843075848165,0.010630058790666912,0.03575089168281005,[0.03497589 0.05258725 0.03575089 0.00895644 1.14079656 0.44228606],0.97,52144389.21996674,2.0685647781995944,339.54883878707597,0.0,0.0,0.0,184.94187899174707,533.5213728478285,4446.340611445137,6243.21728277882,0.5394274251742646,0,0,0,21.328156999970815,34.60494565015324,0.6016849997649842,1.0,19.938355485999637
fb_plus10,neural_ukf,False,8002,0.0,True,,12.0,800,0.5604913745653775,0.04268978396355126,3.6694399095377594,0.2966130026141227,0.392926618676524,7.5128929648284,-0.015069940143883897,0.0385737600910904,[0.03664418 0.05273574 0.03857376 0.0074781  1.20026575 0.40748406],0.94125,34795002.04743287,1.848540983715722,340.7801687286572,0.0,0.0,0.0,195.64143357414108,546.7425506821619,4472.550899254456,5533.955919002688,0.42110858978348886,0,0,0,20.38469350009109,35.19201314934435,0.5815745003019401,1.0,19.443774182999732
fb_plus10,neural_ukf,False,8003,0.0,True,,12.0,800,0.4968584748592252,0.034319292559158485,3.0879300392383127,0.20828158270012895,0.31869728467417135,7.574361553156898,0.017438459711611842,0.038354339392646056,[0.03738871 0.05743718 0.03835434 0.01106891 1.17196972 0.44019214],0.945,52015541.3640609,1.875624619927614,340.17844657468413,0.0,0.0,0.0,165.06331546719292,517.6636131917638,4480.39503855176,5889.8133943981,0.4457985165561509,0,0,0,21.1935820002509,33.68907454937467,0.5809439999211463,1.0,19.774716010999327
fb_plus10,neural_ukf,True,8001,0.0,True,,12.0,800,0.5311958286495368,0.03625098845806857,3.0436250395256286,0.19078561063394184,0.3109139361180533,7.230670846441515,0.010630058790644251,0.03575088470092871,[0.03497588 0.05258725 0.03575088 0.00895644 1.14079645 0.44228601],0.97,52144389.21996675,2.068564759820779,339.5488387868456,0.0,0.0,0.0,184.94187898477063,533.5213728478285,4446.340332436238,6243.2152034066385,0.5394301523541605,0,0,0,21.45886900007099,34.95486749943665,0.5900720002500748,1.0,20.004538133000096
fb_plus10,neural_ukf,True,8002,0.0,True,,12.0,800,0.5604913969488456,0.04268978950076707,3.669439998090625,0.2966130248906593,0.39292664105999214,7.512892964830757,-0.015069940143885342,0.038573760099946446,[0.03664418 0.05273574 0.03857376 0.0074781  1.20026575 0.40748405],0.94125,34795002.047432855,1.848540981287759,340.7801687286572,0.0,0.0,0.0,195.6414335745708,546.7425506821619,4472.550928054359,5533.9557811613895,0.4211076339004407,0,0,0,22.61881399954291,33.89530894969539,0.6208889999470557,1.0,20.727644166000573
fb_plus10,neural_ukf,True,8003,0.0,True,,12.0,800,0.49685792516953237,0.03431910768241863,3.0879277999312884,0.20828082443334056,0.31869673498447854,7.574143058743194,0.017438459711667825,0.038354339142127505,[0.03738871 0.05743718 0.03835434 0.01106891 1.17196974 0.44019219],0.945,52015541.36406101,1.8756246341216272,340.17844657468095,0.0,0.0,0.0,165.0673954080701,517.6636131917638,4480.394680876562,5889.803370384465,0.4458013199104862,0,0,0,21.57671949998985,34.22867159965787,0.5973079996692832,1.0,20.21431685799962
fb_plus10,physical_nake,False,8001,0.0,True,,12.0,800,0.5354178045363387,0.03711607036393551,3.08166622904455,0.1975666837505043,0.31611595482269683,7.51037840934288,0.010834550958779698,0.03691103660582256,[0.03608869 0.05293271 0.03691104 0.00899058 1.16665512 0.4565496 ],0.9725,28052.760062610992,2.0544813882942567,339.34321221804595,0.0,0.0,0.0,185.31661832674996,527.9903592235909,4450.768834753418,6310.677894399078,0.5423572698246931,0,0,0,6.728819000272779,11.325724750395237,1.6125350002766936,1.534785635938954,8.31808499500039
fb_plus10,physical_nake,False,8002,0.0,True,,12.0,800,0.5684790998579531,0.04354168797685901,3.726814575203166,0.3019088558811192,0.40130557358709057,7.460397079170628,-0.014984303060323266,0.03853794648745262,[0.03671894 0.05245252 0.03853795 0.00748141 1.19806124 0.42944457],0.9475,20444.33346988653,1.8422036390524235,340.56030174100607,0.0,0.0,0.0,196.52141511288087,540.9424754615047,4481.549712503407,5429.733817581696,0.4022314173629766,0,0,0,6.721784000092157,10.76099575061562,1.6097444995466503,1.42030020763959,8.021649086999787
fb_plus10,physical_nake,False,8003,0.0,True,,12.0,800,0.50279617858946,0.03510945438121228,3.1222298792046663,0.21284910565621334,0.32131739903078393,7.702908654950613,0.017969855979648078,0.03916788312015762,[0.03824013 0.05792199 0.03916788 0.01105722 1.19670028 0.47486084],0.95125,30127.40914338673,1.8701628574043314,339.9941880018149,0.0,0.0,0.0,164.02360794957764,513.9988812678785,4491.372234448776,5830.793136931232,0.431232457232634,0,0,0,6.412879000436078,10.010317599608241,1.522859999568027,1.5239717199486043,7.558166863999759
fb_plus10,physical_nake,True,8001,0.0,True,,12.0,800,0.5354168186435151,0.03711576167825269,3.0816621700841123,0.19756540816421997,0.31611496892987323,7.510041298995646,0.010834550958853873,0.03691102255123492,[0.03608867 0.0529327  0.03691102 0.00899058 1.16665491 0.45654949],0.9725,28052.758370165815,2.05448137865572,339.3432122173656,0.0,0.0,0.0,185.31661851765054,527.9903592235909,4450.768327361935,6310.67363068966,0.542362263012531,0,0,0,6.644041499839659,9.89811849999568,1.553296000111004,1.534785635938954,7.713395425000272
fb_plus10,physical_nake,True,8002,0.0,True,,12.0,800,0.5684785907589929,0.04354154434141407,3.726812585727031,0.3019082798186552,0.40130506448813047,7.460397079177169,-0.01498430306027396,0.03853795444829572,[0.03671895 0.05245252 0.03853795 0.00748141 1.19806144 0.42944482],0.9475,20444.33265613822,1.8422037192011045,340.5603017409543,0.0,0.0,0.0,196.52168065874213,540.9424754615047,4481.54894052095,5429.7379952345445,0.40225570102077846,0,0,0,6.600934499601863,10.124065499849166,1.532348499949876,1.4203002077051015,7.817898058000537
fb_plus10,physical_nake,True,8003,0.0,True,,12.0,800,0.5027947412359832,0.03510900540585574,3.122224001144975,0.2128472633872155,0.32131596167730714,7.702407951466798,0.01796985597969054,0.03916788506964312,[0.03824013 0.057922   0.03916789 0.01105722 1.19670034 0.47486094],0.95125,30127.407805908002,1.8701628403388508,339.9941880016977,0.0,0.0,0.0,164.03216410620814,513.9988812678785,4491.371406088656,5830.772560190522,0.43123840699070115,0,0,0,7.114628999715933,10.860186700165285,1.7589940002835647,1.5239717199476654,8.372883054999875
fb_plus10,physical_ukf,False,8001,0.0,True,,12.0,800,0.5448716432966493,0.03809806694556768,3.120844487996814,0.20097282524830734,0.3219420826228911,7.468759463497149,0.010557048758582684,0.0358862759638103,[0.03512104 0.05265695 0.03588628 0.00895623 1.1431578  0.44277094],0.97,52144388.93633451,2.0685294453903076,339.3860822405881,0.0,0.0,0.0,188.18950648965043,526.6822392454783,4457.330449740021,5878.147642584004,0.4833595075641798,0,0,0,6.44818850014417,9.571906100427439,0.47704200051157386,1.0,6.682525934000296
fb_plus10,physical_ukf,False,8002,0.0,True,,12.0,800,0.5725049087161537,0.04420504990282754,3.747859034706697,0.30640788620837034,0.40352256321458235,7.534490483559218,-0.015005309382245972,0.03871982238316917,[0.03679268 0.05286702 0.03871982 0.00747809 1.20273226 0.40789638],0.94125,34795002.038162194,1.8485743074618197,340.61281432083075,0.0,0.0,0.0,199.1294826266036,540.8818868677185,4482.824748317096,5189.842037182219,0.37688529510368335,0,0,0,6.553850999807764,9.220453099578659,0.4861659995185619,1.0,6.719814944000063
fb_plus10,physical_ukf,False,8003,0.0,True,,12.0,800,0.5038466146134292,0.035070577316828805,3.135826340281894,0.2131803258838827,0.3255173632521337,7.770068204638034,0.0181596237726278,0.038476105233620744,[0.03751807 0.05751615 0.03847611 0.01106882 1.17443615 0.44066279],0.945,52015541.38401542,1.8757240879192199,339.96081447818165,0.0,0.0,0.0,170.5741931018837,511.6337713811529,4489.7691497997275,5541.298023573243,0.39912351969349885,0,0,0,6.222563000392256,8.736464499861539,0.4434564993971435,1.0,6.282382362000135
fb_plus10,physical_ukf,True,8001,0.0,True,,12.0,800,0.5448695485595957,0.0380974384481071,3.1208358278973893,0.20097022404091847,0.32193998788583755,7.468112639164656,0.010557048758545176,0.035886250139517975,[0.03512101 0.05265693 0.03588625 0.00895623 1.14315739 0.44277076],0.97,52144388.93633457,2.068529377516961,339.3860822406075,0.0,0.0,0.0,188.18950651228897,526.6822392454783,4457.329422431027,5878.139620077931,0.4833692969172563,0,0,0,6.550110500029405,10.591164399966146,0.47640599996157107,1.0,6.900719098000081
fb_plus10,physical_ukf,True,8002,0.0,True,,12.0,800,0.5725044790896455,0.044204976616047345,3.7478573030108793,0.3064075908219132,0.40352213358807426,7.534490483569791,-0.015005309382224418,0.03871982204439726,[0.03679268 0.05286702 0.03871982 0.00747809 1.20273225 0.40789643],0.94125,34795002.03816235,1.8485743350981543,340.61281432082984,0.0,0.0,0.0,199.1294826265523,540.8818868677185,4482.824392445904,5189.843964850931,0.3768961655076835,0,0,0,6.355271999836987,9.767044150794387,0.45894949971625465,1.0,6.485671683999499
fb_plus10,physical_ukf,True,8003,0.0,True,,12.0,800,0.5038452951844654,0.03507012338178482,3.13582095875602,0.21317846289847653,0.3255160438231699,7.769499721149551,0.018159623772645548,0.038476103748367414,[0.03751807 0.05751615 0.0384761  0.01106882 1.17443617 0.44066288],0.945,52015541.38401567,1.8757241218552223,339.96081447818636,0.0,0.0,0.0,170.58286131336615,511.6337713811529,4489.768321950061,5541.276692263587,0.39912972975961236,0,0,0,6.615327500639978,10.622752849667448,0.4609179995895829,1.0,6.8811262199997145
servo_minus20,neural_nake,False,8001,0.0,True,,12.0,800,0.9581212778365034,0.12839753883966198,6.4431411181392555,0.9230416404173403,0.7415229844809135,19.263521359503958,0.10677447917572534,0.049766390268312935,[0.04954726 0.06000434 0.04976639 0.00909449 1.32576612 0.56010284],0.96875,29230.165830609327,2.0891588312497493,335.5636400441077,0.0,0.0,0.0,241.18600824198825,1106.8123952702524,7166.44179350306,26809.68306317489,8.5186231099988,0,0,0,23.167404499872646,35.88836540020565,1.6112990001602157,1.5347600948564468,21.793209944999944
servo_minus20,neural_nake,False,8002,0.0,True,,12.0,800,1.1451557662723781,0.20124499815523897,8.290354209325598,1.5729877572201865,0.979420300562255,18.720154095086937,0.07035921632125174,0.052934129197136935,[0.05125716 0.065115   0.05293413 0.00749145 1.39265863 0.52738112],0.9425,20768.759940061005,1.8686997594032697,335.1345069992026,0.0,0.0,0.0,308.10832210912747,1005.7571205111019,7257.204198632034,24041.13092873479,7.2535154417490215,0,0,0,23.725132500203472,36.66144734970658,1.6494675001013093,1.5825090967792268,22.404008866999902
servo_minus20,neural_nake,False,8003,0.0,True,,12.0,800,1.1102955479698493,0.17144729259357608,8.157791957538244,1.3595505656630578,0.9289727079006658,16.77957924561642,0.10496974289613965,0.05506743852211693,[0.0538966  0.07054133 0.05506744 0.01108436 1.4032589  0.55912842],0.9275,30884.28982912803,1.886648796440523,336.1006375661655,0.0,0.0,0.0,310.7103575915016,1036.591812083037,7359.75431700407,23651.486774742632,7.053375936484391,0,0,0,22.685264500069025,35.302728100487,1.570783500028483,1.5044974284128745,21.088929952999933
servo_minus20,neural_nake,True,8001,0.0,True,,12.0,800,0.958122296668293,0.12839733339945994,6.4431443333150975,0.9230379644206625,0.7415240033127032,19.263521359503958,0.10677104118446797,0.04976637722074404,[0.04954725 0.06000434 0.04976638 0.00909449 1.32576573 0.56010281],0.96875,29230.165063631306,2.089158801046068,335.5636400441077,0.0,0.0,0.0,241.18719538884554,1106.8094722339827,7166.440324652825,26809.186997673,8.51828847388662,0,0,0,22.90928950014859,35.8754190001946,1.580327500050771,1.5347600948564468,21.620446865000304
servo_minus20,neural_nake,True,8002,0.0,True,,12.0,800,1.1451555668897488,0.2012454542059,8.290349468031568,1.5729911221568837,0.9794201011796259,18.72016251744733,0.07035718755803085,0.05293414529562573,[0.05125718 0.06511502 0.05293415 0.00749145 1.39265838 0.52738049],0.9425,20768.75998142186,1.8686997913301664,335.1345069992026,0.0,0.0,0.0,308.0963198351119,1005.7595937343033,7257.206392836021,24040.872924130883,7.2533203287392265,0,0,0,23.324595499616407,37.39850510019096,1.6652909998811083,1.5825108723597052,21.94958375599981
servo_minus20,neural_nake,True,8003,0.0,True,,12.0,800,1.110291995747621,0.17144679576365585,8.15776273619789,1.3595456814739784,0.9289691556784373,16.77957924561642,0.1049702983981408,0.055067446142077335,[0.05389661 0.07054134 0.05506745 0.01108436 1.40325926 0.55912905],0.9275,30884.289759429103,1.8866487788319923,336.1006375661655,0.0,0.0,0.0,310.7379264285667,1036.590913240037,7359.7529719639615,23651.195698573727,7.053129630351419,0,0,0,23.226618499847973,36.18416605022502,1.6347649998351699,1.5044976128070946,21.966432432000147
servo_minus20,neural_ukf,False,8001,0.0,True,,12.0,800,0.9689646879652543,0.1258392948912172,6.447553339259057,0.8754869812542468,0.7486827954337707,19.303121061886866,0.08587000103330658,0.049471288016590044,[0.04971092 0.05967033 0.04947129 0.00905222 1.31783424 0.56474989],0.97,52313682.43539353,2.0999295946744057,335.46589658932305,0.0,0.0,0.0,256.11196673504344,1131.5180290447975,7255.64891975114,27417.44856172924,8.921771352034048,0,0,0,23.230882000007114,35.81511695024346,0.5658060003952414,1.0,20.765558005999992
servo_minus20,neural_ukf,False,8002,0.0,True,,12.0,800,1.1323933616102861,0.19246194592888294,8.068047913802259,1.4740877565485069,0.9648286057214327,18.28210156453554,0.0505332299720475,0.053440492408301586,[0.05171191 0.0656039  0.05344049 0.00749463 1.39657484 0.53414719],0.93875,34455061.17552806,1.8686259932462295,335.11292675635764,0.0,0.0,0.0,291.8178368280219,1023.6048904559243,7350.059200334546,24755.297334360577,7.662132307234388,0,0,0,22.50089199969807,35.18777499971293,0.5634730000565469,1.0,19.99094914500074
servo_minus20,neural_ukf,False,8003,0.0,True,,12.0,800,1.016259798024115,0.14461747862715366,7.3491805680759335,1.1183386032107532,0.8380986078390613,16.80726165578755,0.0795059991926515,0.05444810876215752,[0.05384629 0.06975845 0.05444811 0.0110879  1.37179637 0.56286571],0.9325,51583135.58318251,1.8855626848491425,336.05638881254464,0.0,0.0,0.0,305.14930348383405,1079.6318395844662,7467.1777634668615,24353.35888318241,7.5111800104907225,0,0,0,23.275672000181657,37.5628428001164,0.5792315000689996,1.0,20.85567200999958
servo_minus20,neural_ukf,True,8001,0.0,True,,12.0,800,0.9689668375089919,0.12583990754249547,6.44756892004064,0.8754912140838067,0.7486849449775084,19.303121061886866,0.08586880287965258,0.04947129415179018,[0.04971093 0.05967034 0.04947129 0.00905222 1.3178342  0.56474947],0.97,52313682.43539482,2.099929782201767,335.46589658932305,0.0,0.0,0.0,256.1168251149897,1131.520843707313,7255.648997681945,27417.10163129437,8.921523151783006,0,0,0,23.23317850004969,38.66308690030564,0.5468135000228358,1.0,21.348267579000094
servo_minus20,neural_ukf,True,8002,0.0,True,,12.0,800,1.1323983334352288,0.19246324710714163,8.068078450856136,1.4740962269222333,0.9648335775463753,18.282096544451814,0.05053261881997318,0.05344051418250125,[0.05171193 0.06560393 0.05344051 0.00749463 1.39657478 0.53414631],0.93875,34455061.175525814,1.8686261593756348,335.11292675635764,0.0,0.0,0.0,291.80694368788915,1023.5997276641721,7350.060833609959,24754.900045841667,7.661821424336021,0,0,0,23.001450000265322,38.80057794949607,0.561420000394719,1.0,21.02881439000066
servo_minus20,neural_ukf,True,8003,0.0,True,,12.0,800,1.0162553952462015,0.1446162706201895,7.349141062591669,1.118328064820651,0.8380942050611476,16.80726165578755,0.07950629403792761,0.054448159516938856,[0.05384634 0.06975849 0.05444816 0.0110879  1.37179671 0.56286528],0.9325,51583135.583184235,1.8855625388613582,336.05638881254464,0.0,0.0,0.0,305.1729727833593,1079.6309467573556,7467.176765863841,24352.94251199982,7.510815359309335,0,0,0,23.1720484998732,35.602021849490484,0.5343640000319283,1.0,20.40414170799977
servo_minus20,physical_nake,False,8001,0.0,True,,12.0,800,0.9427372978321154,0.12271007652910004,6.282750838813147,0.8662570794327075,0.7234354481184735,19.267622306910766,0.10003854314748173,0.04986801876635406,[0.04965228 0.06004005 0.04986802 0.00909408 1.32682055 0.56318893],0.96875,29222.391954483268,2.090321752503477,335.56696196218553,0.0,0.0,0.0,239.25832854349017,1128.9641517468967,7211.726814359303,28792.517947976747,10.074463954611696,0,0,0,7.537439500083565,12.079077449561735,1.5805850002834632,1.534785635938954,8.59656186400025
servo_minus20,physical_nake,False,8002,0.0,True,,12.0,800,1.1234573872552585,0.19317611149157207,8.073553043284218,1.497454873401402,0.956283860984396,18.499540567108994,0.06335552036026147,0.05299413415223437,[0.05131223 0.06518877 0.05299413 0.00749165 1.39288963 0.53098452],0.94125,20769.56656136813,1.8694720223766819,335.11348447111845,0.0,0.0,0.0,295.0160377844004,1035.1345711860808,7304.954576911704,25946.036692931193,8.637580182447214,0,0,0,7.364519000475411,13.12695399938093,1.529792499695759,1.5864887327397554,8.933308210999712
servo_minus20,physical_nake,False,8003,0.0,True,,12.0,800,1.0705083158105446,0.15945890023003872,7.806986135185241,1.2498861021903926,0.8890295362518684,16.79206020773413,0.09544340568529412,0.055185923919162765,[0.05400586 0.07064194 0.05518592 0.01108427 1.40421302 0.56214511],0.9275,30883.888201247417,1.8871637924323097,336.0994844933021,0.0,0.0,0.0,294.4738256303714,1070.576160657658,7414.24389503683,25365.555634905937,8.307854947759381,0,0,0,7.352040999649034,11.962781500324127,1.508053499946982,1.5065117297120523,8.291989166999883
servo_minus20,physical_nake,True,8001,0.0,True,,12.0,800,0.9427350707719687,0.1227093380137892,6.2827394285349945,0.8662530847153143,0.7234332210583269,19.267622306910766,0.10003778417469478,0.049868038914669836,[0.0496523  0.06004008 0.04986804 0.00909408 1.32682038 0.56318935],0.96875,29222.391736382215,2.090321651285602,335.56696196218553,0.0,0.0,0.0,239.2512873699814,1128.9656872045023,7211.727433049897,28792.17205259557,10.074308136705293,0,0,0,8.471700999962195,12.412008549745224,1.8800890002239612,1.534785635938954,9.435502796000037
servo_minus20,physical_nake,True,8002,0.0,True,,12.0,800,1.1234559718183916,0.193175326706377,8.073539908708844,1.4974473223589027,0.9562824455475292,18.49954683837803,0.06335484525285962,0.05299416490485145,[0.05131226 0.0651888  0.05299416 0.00749165 1.39288977 0.53098527],0.94125,20769.56828677697,1.8694717374541119,335.11348447111845,0.0,0.0,0.0,295.02215529785497,1035.137300587309,7304.95703465175,25945.856271417688,8.637554957684523,0,0,0,7.772663999730867,11.793845900774611,1.554443500481284,1.5864894510183878,8.974137324000367
servo_minus20,physical_nake,True,8003,0.0,True,,12.0,800,1.0705073063360564,0.15945858744270974,7.806974930779937,1.249883259294204,0.8890285267773803,16.79206020773413,0.09544408796119257,0.055185924832540464,[0.05400587 0.07064194 0.05518592 0.01108427 1.40421317 0.56214554],0.9275,30883.88705632282,1.887163843264579,336.0994844933021,0.0,0.0,0.0,294.45653615722233,1070.5699888240579,7414.240594158414,25365.416950234125,8.307609183014698,0,0,0,7.4186165002174675,10.302031550418171,1.4884644997437135,1.5065111569806573,8.199307851000412
servo_minus20,physical_ukf,False,8001,0.0,True,,12.0,800,0.9594019967954306,0.12247137515231847,6.3348083606993875,0.8371886050000809,0.7364724361216723,19.3088087241292,0.07799823328091823,0.049556192458841755,[0.04980641 0.05970344 0.04955619 0.00905201 1.31800434 0.56836821],0.97,52313682.23003879,2.101075925815042,335.4601371936158,0.0,0.0,0.0,252.4304452168777,1154.3797110757055,7306.509434095462,29566.57337275778,10.64162654443583,0,0,0,7.697874499626778,12.356332399940584,0.5001679996894381,1.0,7.7752660759997525
servo_minus20,physical_ukf,False,8002,0.0,True,,12.0,800,1.1212151109244863,0.18638000027088514,7.9333875206941205,1.4138390812673234,0.9522327654229149,18.024260988760258,0.04260709913655014,0.05350027732046196,[0.05177063 0.06568039 0.05350028 0.00749463 1.39676312 0.53834051],0.93875,34455061.27068902,1.869266446327661,335.09061081854406,0.0,0.0,0.0,280.40942923475427,1050.8554100539968,7403.699280883984,26831.59071491945,9.193753924500157,0,0,0,7.549566000307095,13.195993599629219,0.4720349998024176,1.0,7.933521874000689
servo_minus20,physical_ukf,False,8003,0.0,True,,12.0,800,0.9804887516329572,0.13392613632935083,7.022683883374677,1.0178026930872357,0.8021595002716617,16.818509963821878,0.06840601586139522,0.054580308604111574,[0.05398248 0.06987069 0.05458031 0.01108781 1.37256757 0.56629913],0.9325,51583135.678235665,1.885841765219175,336.0573321676422,0.0,0.0,0.0,287.76366263858455,1115.7132041449254,7530.0681263104625,26247.561578704557,8.930935291675949,0,0,0,7.544766999671992,13.357041200288222,0.48490499966646894,1.0,8.145347650000076
servo_minus20,physical_ukf,True,8001,0.0,True,,12.0,800,0.9594070155213658,0.12247303011522512,6.334840558676895,0.83719914182718,0.7364774548476075,19.3088087241292,0.07799921648896313,0.04955618812316988,[0.04980641 0.05970344 0.04955619 0.00905201 1.31800424 0.56836838],0.97,52313682.228218935,2.1010756124406047,335.4601371936158,0.0,0.0,0.0,252.40292682152332,1154.3828394097932,7306.510953813943,29566.132749604454,10.641375009672455,0,0,0,8.053856000060478,11.661514049819743,0.5180195003049448,1.0,8.01708133899956
servo_minus20,physical_ukf,True,8002,0.0,True,,12.0,800,1.1212080774376638,0.18637865956465785,7.933335509932488,1.4138299011122124,0.9522257319360925,18.02428338670601,0.04260486587304651,0.05350029093347373,[0.05177064 0.06568041 0.05350029 0.00749463 1.39676296 0.53833885],0.93875,34455061.27068025,1.8692663757796464,335.09061081854406,0.0,0.0,0.0,280.43401838093615,1050.8501224851273,7403.698603979237,26831.479462608884,9.193670672517442,0,0,0,7.56795899997087,10.533726000085151,0.46842949950587354,1.0,7.532048906000455
servo_minus20,physical_ukf,True,8003,0.0,True,,12.0,800,0.9804856881941127,0.13392491746310006,7.0226488417671815,1.0177912158541857,0.8021564368328173,16.818509963821878,0.06840516759817956,0.05458032693138505,[0.0539825  0.0698707  0.05458033 0.01108781 1.37256771 0.56629892],0.9325,51583135.678237684,1.8858416394963882,336.0573321676422,0.0,0.0,0.0,287.752946425689,1115.7113729054406,7530.067675233181,26247.47500166871,8.930773518825145,0,0,0,7.977850999850489,11.80212744948221,0.4862920000050508,1.0,8.031741413999953
servo_plus10,neural_nake,False,8001,0.0,True,,12.0,800,0.5519949100434229,0.04335792013033948,3.198016370540527,0.23529141222885966,0.3353966166878332,11.229701634291967,0.010919615559565006,0.03590754054494473,[0.03459214 0.05342453 0.03590754 0.0090792  1.13645273 0.4603768 ],0.97,28137.962269393112,2.0593472429220108,341.09985119127543,0.0,0.0,0.0,252.2261161865142,534.9025672996504,4712.5441830159725,6174.473829849212,0.5799192037023748,0,0,0,22.22615800019412,35.19899700045244,1.8087290004586976,1.5347600948564468,21.596684316999927
servo_plus10,neural_nake,False,8002,0.0,True,,12.0,800,0.572468660013614,0.050817440643310854,3.7518086353462916,0.3450377287119217,0.40673319430349086,15.066669572841777,-0.015040518606240448,0.03759181144196657,[0.03558935 0.05175105 0.03759181 0.00750913 1.17342713 0.42378087],0.945,20377.881408336743,1.8424706566117897,342.1341284643447,0.0,0.0,0.0,205.4276549123263,546.8216942592751,4743.053089987201,5326.173482904385,0.4389763912031177,0,0,0,22.26728200002981,34.87560135004059,1.8292385002496303,1.422657445187855,21.509119940000346
servo_plus10,neural_nake,False,8003,0.0,True,,12.0,800,0.5178077957259943,0.04322512494998515,3.214684220547802,0.25659308787875346,0.3364849556568108,13.738914672009129,0.01723247174233866,0.03829103362646053,[0.03702388 0.05725366 0.03829103 0.01108191 1.16439519 0.46755416],0.95125,30043.424056415875,1.8698523089185073,341.473925842414,0.0,0.0,0.0,191.54965936298987,520.0544502961352,4752.77361304322,5619.923009703274,0.4520453700829137,0,0,0,25.75219550044494,36.60665009947479,2.069627500077331,1.5135997190705048,23.5359469670002
servo_plus10,neural_nake,True,8001,0.0,True,,12.0,800,0.5519937933227089,0.04335751487139304,3.1980117727754145,0.23528974410676912,0.33539549996711915,11.22952629858071,0.010919615559519874,0.03590752015991718,[0.03459211 0.05342452 0.03590752 0.0090792  1.13645237 0.46037669],0.97,28137.962879454604,2.059347247995991,341.0998511884293,0.0,0.0,0.0,252.22785384103608,534.9025672996504,4712.543587630393,6174.479418467388,0.5799266020531268,0,0,0,21.35787450015414,34.924368499423494,1.73303349993148,1.5347600948564468,21.168746456000008
servo_plus10,neural_nake,True,8002,0.0,True,,12.0,800,0.5724685121622946,0.05081736548401223,3.751808047314495,0.34503742395418413,0.40673304645217145,15.066660951330137,-0.015040518606291452,0.037591811578070004,[0.03558935 0.05175105 0.03759181 0.00750913 1.17342715 0.42378093],0.945,20377.881396274934,1.8424706709632344,342.1341284643445,0.0,0.0,0.0,205.42612611504362,546.8216942592751,4743.052878803929,5326.176798805209,0.43898220884610767,0,0,0,24.26714549983444,35.87000120005541,2.010132999657799,1.4226574451971548,22.86541008899985
servo_plus10,neural_nake,True,8003,0.0,True,,12.0,800,0.5178064016621442,0.043224623001776694,3.2146784856690127,0.2565910311402624,0.33648356159296067,13.738740575075573,0.017232471742317904,0.03829103481329281,[0.03702388 0.05725366 0.03829103 0.01108191 1.16439526 0.4675543 ],0.95125,30043.42434268505,1.8698522876057213,341.47392584241413,0.0,0.0,0.0,191.5491623166692,520.0544502961352,4752.7730212722545,5619.924048191944,0.45205503761194704,0,0,0,22.65477449964237,36.33030965038415,1.8274784997629467,1.5135997190693145,22.656716943999527
servo_plus10,neural_ukf,False,8001,0.0,True,,12.0,800,0.5542128730017252,0.04372515262152131,3.2040856508343794,0.23651379692798627,0.33393098047024156,11.166709680549417,0.010630058739174629,0.03500656478055824,[0.03407771 0.05240908 0.03500656 0.00905222 1.12128145 0.4450755 ],0.96875,52313680.933501266,2.0701494575749995,341.2119769750253,0.0,0.0,0.0,255.0558175879527,533.5213728478285,4711.257321533792,5818.96679013506,0.5226114713357284,0,0,0,21.59933250004542,35.08487929984767,0.5874889998267463,1.0,19.979385999000442
servo_plus10,neural_ukf,False,8002,0.0,True,,12.0,800,0.5720818979175664,0.051248983130255436,3.7502193591967172,0.3487202325567439,0.40451714202871286,15.103150045321835,-0.015069940199705579,0.03756471690695531,[0.03566132 0.05166487 0.03756472 0.00749463 1.17554928 0.40762389],0.94125,34455059.40563467,1.846488672540891,342.23587138404946,0.0,0.0,0.0,210.11718354506218,546.7425506821619,4736.783374677044,5155.474044727434,0.41664806511796343,0,0,0,22.737058499842533,33.679035350132835,0.6266175005293917,1.0,20.84510033100014
servo_plus10,neural_ukf,False,8003,0.0,True,,12.0,800,0.5138566032704103,0.04299848023743765,3.20237790284947,0.25643124920244714,0.33569541308535644,13.721208384266344,0.01743845972651166,0.03757857323160315,[0.03654426 0.05696528 0.03757857 0.0110879  1.15023739 0.44092663],0.94375,51583133.999245785,1.875475693155976,341.63053997154145,0.0,0.0,0.0,196.6642672000046,517.6636131917638,4744.048826192341,5419.445086955031,0.42526816302286125,0,0,0,21.274059999996098,35.1986430006491,0.6018000003678026,1.0,19.877513921000173
servo_plus10,neural_ukf,True,8001,0.0,True,,12.0,800,0.5542116858829965,0.04372473665526255,3.204080752727123,0.2365120841536469,0.33392979335151296,11.166597898005088,0.010630058739114724,0.03500654668655583,[0.03407769 0.05240906 0.03500655 0.00905222 1.12128119 0.44507534],0.96875,52313680.9335012,2.0701494055536287,341.211976974599,0.0,0.0,0.0,255.05758714245061,533.5213728478285,4711.256688329535,5818.971976125919,0.522619116180528,0,0,0,21.97056699969835,35.58980685002098,0.634148999779427,1.0,20.8060439639994
servo_plus10,neural_ukf,True,8002,0.0,True,,12.0,800,0.5720817515117622,0.05124890592167869,3.750218775360283,0.34871991916640893,0.4045169956229088,15.103141564993617,-0.015069940199688537,0.03756471589812204,[0.03566131 0.05166487 0.03756472 0.00749463 1.17554925 0.40762391],0.94125,34455059.40563464,1.8464886771903921,342.2358713840501,0.0,0.0,0.0,210.1157295590187,546.7425506821619,4736.783161342573,5155.477297594709,0.4166537826418328,0,0,0,21.58638950004388,32.984886849681054,0.6155760002002353,1.0,19.952817448000133
servo_plus10,neural_ukf,True,8003,0.0,True,,12.0,800,0.5138552166186847,0.042997976155583074,3.2023722013328326,0.2564291833138349,0.33569402643363094,13.721036188474358,0.017438459726523046,0.03757857253801451,[0.03654426 0.05696528 0.03757857 0.0110879  1.1502374  0.44092671],0.94375,51583133.999246046,1.8754757145538037,341.6305399715408,0.0,0.0,0.0,196.6639782120009,517.6636131917638,4744.048210921104,5419.445407877509,0.42527790063774956,0,0,0,22.094665500389965,35.48135274982087,0.6421194998438295,1.0,20.617358774999957
servo_plus10,physical_nake,False,8001,0.0,True,,12.0,800,0.5614806150809063,0.04438019107599229,3.258092094344419,0.24179826541488952,0.34217876536726444,11.200013529243716,0.010834550327410677,0.03595935111711908,[0.03464075 0.05345173 0.03595935 0.00907895 1.13740209 0.46010478],0.97,28136.989002816175,2.0593577472550653,341.05701691546216,0.0,0.0,0.0,255.09440271559177,527.9903592235909,4716.180577749428,5826.370502219481,0.5238538984017684,0,0,0,6.49244699980045,10.190911149447857,1.560433499435021,1.534785635938954,7.711864138000237
servo_plus10,physical_nake,False,8002,0.0,True,,12.0,800,0.5793222940300088,0.05180835258094335,3.801231847741589,0.35198341649759995,0.41214876775914633,15.0892151739353,-0.014984302837420542,0.037640238335685056,[0.03563873 0.05179948 0.03764024 0.00750904 1.17425977 0.42343644],0.945,20377.090068371086,1.8424670520805828,342.0909332710563,0.0,0.0,0.0,211.377577373212,540.9424754615047,4746.444348606324,5015.747892781445,0.3964127504863921,0,0,0,6.268480000017007,10.61394300058964,1.5241945002344437,1.422933051324627,7.645480140000473
servo_plus10,physical_nake,False,8003,0.0,True,,12.0,800,0.5213135611838982,0.04373590765640298,3.2444174488022637,0.26046552114225513,0.339834781625222,13.742704864855112,0.01796985603300024,0.03830917521069183,[0.03704224 0.05726207 0.03830918 0.01108174 1.16491803 0.46717812],0.95125,30040.612835886168,1.8698773001593205,341.43292286351243,0.0,0.0,0.0,198.37813239384025,513.9988812678785,4755.337332149602,5300.357960882493,0.40737066296608565,0,0,0,6.392782499915484,10.576259749859673,1.5503630002058344,1.5137639688096907,7.681352987000537
servo_plus10,physical_nake,True,8001,0.0,True,,12.0,800,0.5614806197618811,0.04438019275680426,3.2580921136255805,0.24179827233539639,0.34217877004823916,11.200013952748643,0.01083455032739542,0.035959351202347764,[0.03464075 0.05345173 0.03595935 0.00907895 1.13740209 0.46010478],0.97,28136.988999936468,2.0593577472329985,341.0570169154737,0.0,0.0,0.0,255.09439497790393,527.9903592235909,4716.180580170688,5826.370479370261,0.5238538674099112,0,0,0,6.829676999586809,10.853193800039659,1.608219499757979,1.534785635938954,8.06689677599934
servo_plus10,physical_nake,True,8002,0.0,True,,12.0,800,0.5793222944449908,0.05180835279287284,3.801231849398787,0.3519834173573005,0.4121487681741284,15.089215207020738,-0.0149843028374026,0.03764023833429808,[0.03563873 0.05179948 0.03764024 0.00750904 1.17425977 0.42343644],0.945,20377.09006846199,1.8424670520573139,342.09093327105535,0.0,0.0,0.0,211.37757840542054,540.9424754615047,4746.44434908768,5015.747890143346,0.39641273422401374,0,0,0,6.690766500014433,9.36913049990835,1.644508999561367,1.4229330513241856,7.834576231999563
servo_plus10,physical_nake,True,8003,0.0,True,,12.0,800,0.5213135639247775,0.04373590865211368,3.2444174600708227,0.2604655252235167,0.3398347843661015,13.742705193370103,0.017969856033009952,0.03830917520871359,[0.03704224 0.05726207 0.03830918 0.01108174 1.16491803 0.46717812],0.95125,30040.61283538291,1.8698773001979994,341.4329228635113,0.0,0.0,0.0,198.37813391555014,513.9988812678785,4755.337333331695,5300.357958170003,0.40737064347904606,0,0,0,6.64599600031579,10.240740300059768,1.5885460002209584,1.513763968810136,7.770614667999325
servo_plus10,physical_ukf,False,8001,0.0,True,,12.0,800,0.5632409707779998,0.04470819870592898,3.2610202500499046,0.24274880288350395,0.3403114101042416,11.141367101503363,0.010557048742170519,0.03504689828991138,[0.03411798 0.05243861 0.0350469  0.00905201 1.12187095 0.44513787],0.96875,52313680.647679575,2.0701743487539623,341.16949916159774,0.0,0.0,0.0,257.07214690350304,526.6822392454783,4714.9570796348935,5489.178667499456,0.47212020865255466,0,0,0,6.307388499863009,11.067997950431161,0.4555909999908181,1.0,6.714681088000361
servo_plus10,physical_ukf,False,8002,0.0,True,,12.0,800,0.57875893136872,0.05219494503834016,3.797952481023869,0.3553246242425313,0.4097765858671487,15.124144966073949,-0.015005309411542147,0.03761288553189424,[0.03571024 0.05171248 0.03761289 0.00749463 1.17632861 0.40787007],0.94125,34455059.40386966,1.8465173559172263,342.1952260160456,0.0,0.0,0.0,215.7082620791689,540.8818868677185,4740.098229507564,4852.923505344206,0.3766688280231701,0,0,0,6.272190999879967,10.673667250330253,0.45180000006439514,1.0,6.904891173000578
servo_plus10,physical_ukf,False,8003,0.0,True,,12.0,800,0.5174216369273718,0.04349136050926319,3.2327194401168073,0.2601277833748039,0.33909238556607635,13.725886752580605,0.018159623803692872,0.03759841967792532,[0.03656633 0.05697784 0.03759842 0.01108781 1.15070512 0.44118969],0.94375,51583134.020561144,1.8754855843612146,341.5889147750727,0.0,0.0,0.0,203.02106129847053,511.6337713811529,4746.632277927114,5110.506266530618,0.38355639119907287,0,0,0,6.343227999877854,10.648909600104162,0.4544889998214785,1.0,6.730454930000633
servo_plus10,physical_ukf,True,8001,0.0,True,,12.0,800,0.5632409755029627,0.044708200340601884,3.261020269557924,0.24274880961657894,0.34031141482920446,11.141367523657067,0.010557048742160596,0.03504689836065499,[0.03411798 0.05243861 0.0350469  0.00905201 1.12187095 0.44513787],0.96875,52313680.647679575,2.0701743489569786,341.1694991615979,0.0,0.0,0.0,257.07215813723366,526.6822392454783,4714.957082101511,5489.178647087914,0.47212017843095316,0,0,0,6.472848000157683,10.989319799546138,0.45139450003262027,1.0,6.902144896000209
servo_plus10,physical_ukf,True,8002,0.0,True,,12.0,800,0.5787589318555438,0.05219494529665982,3.797952482970846,0.35532462529131625,0.4097765863539725,15.124145003774913,-0.015005309411538137,0.03761288553377794,[0.03571024 0.05171248 0.03761289 0.00749463 1.17632861 0.40787007],0.94125,34455059.40386965,1.8465173559075407,342.19522601604524,0.0,0.0,0.0,215.70826351271666,540.8818868677185,4740.098230098298,4852.923501961803,0.37666880891955273,0,0,0,6.40150499975789,10.746541150501796,0.4564720002235845,1.0,6.814474197999516
servo_plus10,physical_ukf,True,8003,0.0,True,,12.0,800,0.5174216397385558,0.04349136155473482,3.2327194516760995,0.2601277876610925,0.3390923883772603,13.72588709242242,0.018159623803699437,0.037598419680139605,[0.03656633 0.05697784 0.03759842 0.01108781 1.15070512 0.44118969],0.94375,51583134.020561144,1.8754855843151503,341.58891477507217,0.0,0.0,0.0,203.02106243500484,511.6337713811529,4746.632279214604,5110.506264644815,0.3835563707330292,0,0,0,6.295962000422151,10.123428049746508,0.4676890002883738,1.0,6.481675331000588
startup,neural_nake,False,8001,0.0,False,practical_temperature_355.4_K,0.31016658749194426,21,0.48421256879979213,0.869839800767595,0.06309656152027648,0.09899092863489985,0.48421256879979213,98.15507383568855,-1.4945934396552996,0.04003495498869474,[0.03567087 0.07489004 0.04003495 0.02468643 1.08041544 0.39154153],1.0,1.047687189573211,1.8565797337240184,355.4,11.399999999999977,0.01879158749194428,0.1223633918635362,22.7,426.8829215623599,22.460477012204965,835.0829215623794,1.0905857075483179,0,0,0,13.613863999125897,21.23696499984362,1.4458149998972658,1.0664457735412112,0.3319175409997115
startup,neural_nake,False,8002,0.0,False,practical_temperature_355.4_K,0.3127099140794848,21,0.497615184757647,0.9011377072160807,0.06612098233380614,0.10505509333057353,0.497615184757647,98.20984488521694,-1.5524213828573137,0.034762858093382545,[0.03432206 0.04398323 0.03476286 0.00671868 1.16085871 0.64310329],1.0,1.8972002447193195,1.715938719323362,355.4,11.399999999999977,0.014584914079484791,0.08687018150610097,22.7,412.25642031606964,22.051472365041388,820.4564203160737,1.0934810023793644,0,0,0,14.23634100046911,21.274101000017254,1.5290410001398413,1.0,0.35329937400001654
startup,neural_nake,False,8003,0.0,False,practical_temperature_355.4_K,0.31310297245553076,21,0.48586563521845716,0.8755940785116175,0.06330333182390419,0.09942628897328261,0.48586563521845716,98.1854290755555,-1.5019568848275864,0.03346036859081198,[0.03495886 0.04507771 0.03346037 0.01196131 1.13884208 0.50009761],1.0,1.0249402092557318,1.8972203769157603,355.4,11.399999999999977,0.019477972455530762,0.13012566470736828,22.7,447.74364532917184,26.886481376644824,855.9436453291827,1.0835939387143398,0,0,0,15.112490000319667,23.526400000264402,1.6184050000447314,1.1111634330672362,0.37569964000067557
startup,neural_nake,True,8001,0.0,True,,3.0,200,1.0416035619380886,1.527957071373756,0.5040099653624637,0.33509972941084476,1.0416035619380886,98.2024591485325,-0.03794398634470186,0.04184656469729784,[0.04235124 0.05454805 0.04184656 0.01115736 1.28691308 0.60402734],0.945,17885.646270530717,1.8376389050112534,341.8428227591737,0.0,0.0,0.0,22.7,1366.2,1484.1765889716125,9712.399188619413,48.508492344394085,13,13,0,19.34348049962864,41.48672035034896,1.4917550001882773,1.1743812562628557,4.974048021999806
startup,neural_nake,True,8002,0.0,True,,3.0,200,0.7093388543356703,0.9719080872251781,0.29299485293807404,0.13793725335440082,0.7093388543356703,98.20984488521694,-0.015831208566441414,0.040660581761736876,[0.04086498 0.05231471 0.04066058 0.00871724 1.28421044 0.51484054],0.99,18497.702094590637,1.8271507589988125,345.2007042876521,1.2007042876521155,0.028499999999999998,0.021253887366813416,22.7,965.9138517119885,1315.4067526073609,3661.7719214002236,2.1461594373935715,0,0,0,19.51739250034734,23.339811650112093,1.486361499701161,1.2104827386504595,4.511540453000634
startup,neural_nake,True,8003,0.0,True,,3.0,200,1.0477878321144298,1.5911443465870752,0.45960025550633987,0.3547902604209168,1.0477878321144298,98.17360043550194,-0.018520998618569706,0.0423227181558428,[0.0397552  0.0633115  0.04232272 0.00969296 1.20138788 0.61114198],0.915,20594.00927213902,1.7725298825690752,342.05436774635905,0.0,0.0,0.0,22.7,1366.2,1540.0495758394625,4905.991249856058,14.009581038124,16,16,0,20.547441999951843,44.930507649860154,1.6532724998796766,1.1402049904680123,5.634486355000263
startup,neural_ukf,False,8001,0.0,False,practical_temperature_355.4_K,0.30748398891972845,21,0.4830827919047972,0.8689380788396827,0.06274728661438465,0.09872416273882868,0.4830827919047972,98.15507383568855,-1.4923862677760718,0.04597902292770275,[0.04573385 0.08130655 0.04597902 0.02451921 1.277385   0.62041125],1.0,2.0436611046297197,1.8083939624056844,355.4,11.399999999999977,0.016858988919728465,0.1089392020018431,22.7,422.80521034121745,20.62622565902959,831.0052103412794,1.0992941478835032,0,0,0,13.681215999895358,21.147680000467517,0.46324699997057905,1.0,0.3168447919997561
startup,neural_ukf,False,8002,0.0,False,practical_temperature_355.4_K,0.31238863640482323,21,0.4973553405607216,0.901006183052007,0.06604075462756863,0.10501555809490928,0.4973553405607216,98.20984488521694,-1.5521561205934267,0.03187595040617926,[0.0328359  0.04302128 0.03187595 0.00568982 0.98734853 0.39433743],1.0,1.0235537152405147,1.6593796392071007,355.40000000000003,11.400000000000034,0.014263636404823227,0.08597302500323217,22.7,410.55784697894035,21.70329824004386,818.7578469790633,1.0904982786392579,0,0,0,13.694696000129625,21.070193999548792,0.47379300031025195,1.0,0.31835829999999987
startup,neural_ukf,False,8003,0.0,False,practical_temperature_355.4_K,0.3116670761167167,21,0.4852376869880246,0.8750526210396303,0.06310399893367431,0.09926317297278078,0.4852376869880246,98.1854290755555,-1.5008316824882684,0.032654766952163614,[0.03078577 0.04660984 0.03265477 0.01184376 1.066204   0.32210299],1.0,0.6604531017838455,1.9009307356531817,355.4,11.399999999999977,0.018792076116716693,0.12281556896046689,22.7,445.3039151070511,25.799302048135473,853.5039152764033,1.0809730760069054,0,0,0,14.09983600024134,21.702946000004886,0.4830569996556733,1.0,0.30273969900008524
startup,neural_ukf,True,8001,0.0,True,,3.0,200,0.9647736190909628,1.4116858208609913,0.46461762716295146,0.2832100106825932,0.9647736190909628,98.2024591485325,-0.03990677908220836,0.04144068325714304,[0.04221456 0.05417384 0.04144068 0.01119202 1.27402192 0.57028846],0.95,24971241.908240017,1.8483141421772102,342.7855229010651,0.0,0.0,0.0,22.7,1366.2,1477.3858860406835,4483.784965776988,9.702330187103332,11,11,0,20.87750899954699,44.86534885063477,0.5123359997014632,1.0,5.597787199999402
startup,neural_ukf,True,8002,0.0,True,,3.0,200,0.967141395540394,1.4387837475269154,0.3909578108078266,0.28969659249117236,0.967141395540394,98.20984488521694,-0.016555145419252116,0.03882537380480522,[0.04005654 0.04905152 0.03882537 0.00853497 1.22641015 0.53884574],0.975,26002474.80924446,1.829847981407412,342.9857293263362,0.0,0.0,0.0,22.7,1366.2,1474.9644118773563,5684.279829821418,19.2685286787872,13,12,0,21.3129095000113,32.91647464984633,0.55753900005584,1.0,5.458755149000353
startup,neural_ukf,True,8003,0.0,True,,3.0,200,0.9251237449507145,1.3617298305897032,0.4047472057557504,0.2652935035712628,0.9251237449507145,98.17360043550194,-0.01966991803849499,0.04069435609275799,[0.03863215 0.06165685 0.04069436 0.00972642 1.16424736 0.6215853 ],0.92,26538689.748087905,1.78909667285993,340.6561543683912,0.0,0.0,0.0,22.7,1366.2,1448.8490134286142,9727.903962525907,44.867740976582546,10,10,0,19.47472849951737,35.79591315051397,0.535966999905213,1.0,5.237297083999692
startup,physical_nake,False,8001,0.0,False,practical_temperature_355.4_K,0.313771603016188,21,0.48593386267630956,0.8710585059307693,0.063645170760608,0.09936494845666731,0.48593386267630956,98.15507383568855,-1.4958700015763813,0.0385330767300271,[0.03326056 0.07611095 0.03853308 0.02469362 1.0629735  0.30532546],1.0,0.8354200304307533,1.8404593407130216,355.4,11.399999999999977,0.020896603016187988,0.14670856469295604,22.7,439.16917878883015,24.945046401559676,847.3691787888313,1.0941531942200382,0,0,0,5.718343999433273,8.625528999800736,1.9921680004699738,1.0664457735412112,0.1897290159995464
startup,physical_nake,False,8002,0.0,False,practical_temperature_355.4_K,0.3131059864781549,21,0.49788448671500235,0.9012597220071389,0.06620545079391923,0.10509276279791462,0.49788448671500235,98.20984488521694,-1.5524692135556974,0.03454679929009731,[0.03407456 0.04382165 0.0345468  0.00672268 1.16763707 0.64302067],1.0,1.880682892580103,1.710616352922921,355.4,11.399999999999977,0.014230986478154926,0.0884927265588563,22.7,422.591513070589,22.648838804469648,830.7915130705901,1.1042489033748297,0,0,0,4.617517000042426,8.691879000252811,1.4533670000673737,1.0,0.16587421700023697
startup,physical_nake,False,8003,0.0,True,,3.0,200,0.666490318303345,0.9080508345634447,0.311092482550843,0.12478221897137672,0.666490318303345,98.1854290755555,-0.019126833349522365,0.04279117778381528,[0.04046359 0.06289268 0.04279118 0.00975936 1.21074802 0.47805044],0.915,20603.454350733093,1.7712486405492314,355.3873869590825,11.387386959082505,0.10575,0.6561786133886767,22.7,598.5217446327517,1255.4448892185287,2344.4376540920275,1.1838591257930173,0,0,0,6.424787000469223,10.798208950427577,1.5109289997781161,1.1173585946093811,1.9654417459996694
startup,physical_nake,True,8001,0.0,True,,3.0,200,0.9237922040114569,1.3085257399087684,0.4526634722080921,0.253164981069202,0.9237922040114569,98.2024591485325,-0.03828258101982892,0.042518130202671256,[0.04287361 0.0545026  0.04251813 0.01116045 1.2920639  0.5712092 ],0.945,17884.116704302876,1.8544655679312598,341.9678286888516,0.0,0.0,0.0,22.7,1366.2,1410.9518417758059,10256.643760169694,41.93574304355223,6,6,0,6.732322500283772,14.241179749978926,1.516196000011405,1.1742603294386742,2.2186174079997727
startup,physical_nake,True,8002,0.0,True,,3.0,200,0.7431086903678541,1.0332799281615748,0.3036492387969797,0.1526010235347686,0.7431086903678541,98.2581287992047,-0.0160866603438103,0.039926348805932516,[0.04031627 0.05200986 0.03992635 0.00864616 1.25831823 0.5086711 ],0.995,18498.98847199083,1.8252815403559415,343.8156422563074,0.0,0.0,0.0,22.7,1366.2,1335.5898537787332,4982.465212670499,9.67954536907294,2,1,0,6.783121500120615,9.223144549923743,1.4821404997746868,1.2098911940133346,1.9436755389997415
startup,physical_nake,True,8003,0.0,True,,3.0,200,0.7718923883014408,1.100586866930296,0.3441804444053759,0.17561173618572662,0.7718923883014408,98.17360043550194,-0.019126842752947813,0.042886614753151496,[0.0404569  0.06277397 0.04288661 0.00973936 1.21136051 0.65122044],0.915,20602.99210394439,1.7893417784665298,341.86593951472867,0.0,0.0,0.0,22.7,1366.2,1386.218419147423,8710.13492712741,31.92533811437253,5,4,0,6.809891499869991,11.076559849561805,1.595155500126566,1.135565854795649,2.1266766170001574
startup,physical_ukf,False,8001,0.0,False,practical_temperature_355.4_K,0.31066353972282634,21,0.484441543242484,0.8699635693905533,0.06316983093439074,0.09903001097990337,0.484441543242484,98.15507383568855,-1.4944520024195616,0.04242651241958094,[0.04184395 0.08112514 0.04242651 0.02452648 1.24737802 0.52489706],1.0,1.5109962941446224,1.7846462713624023,355.40000000000003,11.400000000000034,0.019288539722826327,0.12626697297213357,22.7,435.74770048865446,22.985910590939852,843.9477004886559,1.0987097851569323,0,0,0,4.694543999903544,6.919811999978265,0.42988699988200096,1.0,0.12744084099995234
startup,physical_ukf,False,8002,0.0,False,practical_temperature_355.4_K,0.31276132490115394,21,0.49760618322076317,0.9011175243714082,0.06611936363761253,0.10504993614934158,0.49760618322076317,98.20984488521694,-1.552191124800149,0.031556595178464535,[0.03257045 0.04269523 0.0315566  0.00569387 0.99479173 0.39173376],1.0,1.0058731938871037,1.6539681478573032,355.4,11.399999999999977,0.014636324901153953,0.08751805870670658,22.7,420.8606710754583,22.27345113472851,829.0606710754596,1.1011596992180113,0,0,0,4.370937000203412,6.839861999651475,0.41713799964782083,1.0,0.12464141799955542
startup,physical_ukf,False,8003,0.0,False,practical_temperature_355.4_K,0.31304089118474876,21,0.4858421264509861,0.8754803272439169,0.0632981415453394,0.09939524952497235,0.4858421264509861,98.1854290755555,-1.5012705404059221,0.032993683150960976,[0.03108685 0.04625885 0.03299368 0.01183723 1.07378222 0.32800845],1.0,0.6569569003583515,1.899241464960347,355.4,11.399999999999977,0.019415891184748797,0.13121265716801644,22.7,456.48655089536794,27.109808971863984,864.6865508953687,1.0919119016880157,0,0,0,4.5002009992458625,7.353533999776118,0.4385700003695092,1.0,0.1284830280001188
startup,physical_ukf,True,8001,0.0,True,,3.0,200,0.7786002070280338,1.044699344503352,0.39763160057344327,0.1691015834471047,0.7786002070280338,98.2024591485325,-0.040228152306268916,0.04239766397384521,[0.04303879 0.05629082 0.04239766 0.01118731 1.2929393  0.57282724],0.95,24971695.016302347,1.8528603716447969,341.49818527935366,0.0,0.0,0.0,22.7,1366.2,1335.0611278622373,4280.789955949972,9.03797047248552,2,2,0,6.399754499852861,9.51662870056679,0.4444334995241661,1.0,1.6879623269996955
startup,physical_ukf,True,8002,0.0,True,,3.0,200,0.7157917402889897,0.9941564340267279,0.2928894406288073,0.14182656241718458,0.7157917402889897,98.2581287992047,-0.016769404831579616,0.039543757770659015,[0.04041532 0.05182726 0.03954376 0.00854385 1.24613836 0.48903594],0.985,26002725.016882006,1.825210337559988,344.68927415087586,0.6892741508758604,0.02175,0.009480004475247342,22.7,1366.2,1348.2735383712998,5409.098885625856,14.5167567234754,1,1,0,6.729104999976698,9.66109885039259,0.45890049977970193,1.0,1.7221366040002977
startup,physical_ukf,True,8003,0.0,True,,3.0,200,0.803556516600082,1.1699731718233062,0.3545656901910462,0.1953332380338191,0.803556516600082,98.17360043550194,-0.020277273778589372,0.041788161117498064,[0.03982454 0.06193053 0.04178816 0.00972935 1.18793471 0.62392539],0.92,26538821.57297049,1.786769276774579,340.42382548330227,0.0,0.0,0.0,22.7,1366.2,1442.121389468536,7408.281040191603,26.91170754498649,7,7,0,6.446219500503503,11.249154100187257,0.4394765001052292,1.0,2.0317753750005068
t0_minus10F,neural_nake,False,8001,0.0,True,,12.0,800,0.5845793614513028,0.041418126439956106,3.372787766177621,0.22434393302212358,0.3679810680957131,6.780651913764445,0.010919615720797181,0.041014177248934726,[0.04045379 0.054889   0.04101418 0.00908653 1.23633857 0.4605641 ],0.97375,28079.942212073085,2.0504982010895887,335.5636400441077,0.0,0.0,0.0,178.5135322737475,534.9025672996504,4637.817370334646,8194.460299484963,0.7621438235963245,0,0,0,20.54422950004664,32.746580549746795,1.5826919998289668,1.5347600948564468,20.1228656760004
t0_minus10F,neural_nake,False,8002,0.0,True,,12.0,800,0.6436569831139175,0.05326426354781625,4.216688231099687,0.36836042102825206,0.4779215174037944,7.501062369494936,-0.015040519063424622,0.041922361913087756,[0.0401758  0.05501503 0.04192236 0.00750057 1.24959848 0.42105348],0.9475,20231.601735591637,1.8391633675240069,336.88785034413826,0.0,0.0,0.0,211.0621201780264,546.8216942592751,4672.27991023571,7229.007410069376,0.5914535043296595,0,0,0,20.6947459996627,34.0137436502573,1.5842644997974276,1.4268794416467758,20.228533712999706
t0_minus10F,neural_nake,False,8003,0.0,True,,12.0,800,0.565800358314617,0.04137750037043934,3.5231447396898243,0.2561455849848895,0.38447751824543325,7.421468975596325,0.0172324717440717,0.04318477147876207,[0.04200828 0.06073954 0.04318477 0.01108044 1.26610727 0.46481546],0.945,29899.153722870964,1.870780179932356,336.49589069428794,0.0,0.0,0.0,183.5296703578927,520.0544502961352,4685.396940748662,7785.3897367042355,0.6625786347460003,0,0,0,20.7182690000991,35.28115744998104,1.5952335002111795,1.513633146288837,20.653992264000408
t0_minus10F,neural_nake,True,8001,0.0,True,,12.0,800,0.5845795261354386,0.04141816592337747,3.3727884514073825,0.22434409735668132,0.3679812327798489,6.780651913764445,0.010919615720784726,0.04101417959856901,[0.04045379 0.054889   0.04101418 0.00908653 1.2363386  0.46056411],0.97375,28079.942348913766,2.0504982030486514,335.5636400441077,0.0,0.0,0.0,178.5135977934952,534.9025672996504,4637.817431226489,8194.460818885123,0.7621430652385824,0,0,0,20.191321999845968,32.494752149614214,1.582619999680901,1.5347600948564468,19.515376549000393
t0_minus10F,neural_nake,True,8002,0.0,True,,12.0,800,0.643657054550731,0.053264294439500565,4.216688452357056,0.36836053879478126,0.47792158884060776,7.501062369501283,-0.015040519063431344,0.04192235845848971,[0.0401758  0.05501503 0.04192236 0.00750057 1.24959837 0.42105335],0.9475,20231.60207150406,1.8391633159690315,336.88785034415343,0.0,0.0,0.0,211.0621201815567,546.8216942592751,4672.280378248214,7229.013761597396,0.5914335886942967,0,0,0,20.61234949997015,35.27212710068852,1.61427349985388,1.4268794415995871,20.258889376000297
t0_minus10F,neural_nake,True,8003,0.0,True,,12.0,800,0.565801209823648,0.041377693489696485,3.523148243754812,0.25614637892702763,0.38447836975446437,7.421468975596325,0.017232471744063175,0.0431847729402614,[0.04200828 0.06073955 0.04318477 0.01108044 1.2661073  0.46481543],0.945,29899.154351651316,1.870780184621818,336.49589069429794,0.0,0.0,0.0,183.52967035792238,520.0544502961352,4685.39738224518,7785.404372909171,0.6625755207358696,0,0,0,21.870226499686396,35.7756026503921,1.6625389998807805,1.5136331462889294,21.738200752999546
t0_minus10F,neural_ukf,False,8001,0.0,True,,12.0,800,0.6022826406454055,0.04416165772875671,3.452526372517827,0.23645771494618173,0.3820007481139219,6.925459851063608,0.010630058737174498,0.040246944587001295,[0.03982349 0.05477173 0.04024694 0.00905222 1.21800531 0.45802547],0.9725,52313681.01573194,2.064527803977772,335.46589658932305,0.0,0.0,0.0,185.4970627381498,533.5213728478285,4656.402276343894,7733.785314074335,0.6844025988446868,0,0,0,19.847269500132825,32.27287359936781,0.5259409999780473,1.0,18.20526325099945
t0_minus10F,neural_ukf,False,8002,0.0,True,,12.0,800,0.6581754401324398,0.05527842013455783,4.300805741929446,0.3806056177249658,0.4906106842435863,7.5426310208563265,-0.015069940201180618,0.042575499463993166,[0.04077239 0.05584594 0.0425755  0.00749463 1.26391653 0.41706129],0.9425,34455059.428161055,1.8468166241788253,336.81733043370184,0.0,0.0,0.0,214.54938100818327,546.7425506821619,4685.325649288524,6973.910843657224,0.554916931144256,0,0,0,21.124701499957155,33.44174010067035,0.5525560004571162,1.0,19.707359627000187
t0_minus10F,neural_ukf,False,8003,0.0,True,,12.0,800,0.5670128509151685,0.04127920778835226,3.5343148349547944,0.2558246130385728,0.3888516607301147,7.381488227372211,0.017438459726071383,0.04252084237404112,[0.04169568 0.06035058 0.04252084 0.0110879  1.24855091 0.45445267],0.9475,51583134.06594208,1.876161302707606,336.24151668697067,0.0,0.0,0.0,188.72488467328427,517.6636131917638,4695.168652083699,7462.4285199599435,0.6123406732224963,0,0,0,19.62099499951364,29.966472450178117,0.5024504998800694,1.0,17.351777169999878
t0_minus10F,neural_ukf,True,8001,0.0,True,,12.0,800,0.6022827994373741,0.04416169691401165,3.4525270371827013,0.23645787894310077,0.3820009069058905,6.925478598221133,0.010630058737138301,0.040246946479652525,[0.03982349 0.05477173 0.04024695 0.00905222 1.21800534 0.45802548],0.9725,52313681.01574084,2.0645278057604397,335.46589658932305,0.0,0.0,0.0,185.49706264559777,533.5213728478285,4656.402329656723,7733.785821528646,0.6844019438887547,0,0,0,21.212479500263726,34.40733225056644,0.5481394991875277,1.0,19.880324398000084
t0_minus10F,neural_ukf,True,8002,0.0,True,,12.0,800,0.6581758122718441,0.055278464913623454,4.300807231204165,0.38060579606959444,0.49061105638299063,7.5426310208531735,-0.015069940201183442,0.04257550124236307,[0.04077239 0.05584594 0.0425755  0.00749463 1.26391655 0.41706125],0.9425,34455059.42816086,1.846816595445143,336.8173304336978,0.0,0.0,0.0,214.54938100516318,546.7425506821619,4685.3260434786625,6973.91734451007,0.5549005279018466,0,0,0,20.102030499856482,32.368217250495945,0.5266974999358354,1.0,18.225908434999837
t0_minus10F,neural_ukf,True,8003,0.0,True,,12.0,800,0.5670138120918683,0.04127943023410664,3.5343188022074,0.2558255294801539,0.38885262190681447,7.381488227372211,0.017438459726049516,0.04252084588144134,[0.04169569 0.06035058 0.04252085 0.0110879  1.24855095 0.45445263],0.9475,51583134.065941975,1.8761612918329786,336.2415166869721,0.0,0.0,0.0,188.72488467314997,517.6636131917638,4695.1691166166875,7462.444691368495,0.6123370184167354,0,0,0,20.05800850020023,32.712879249857,0.531574999968143,1.0,18.476050876000045
t0_minus10F,physical_nake,False,8001,0.0,True,,12.0,800,0.5998072588675281,0.0440396886306985,3.4556429882499615,0.2380350625361785,0.38050540915388625,7.1040659702232265,0.010834550524779996,0.04134419441401636,[0.04078404 0.05503252 0.04134419 0.00908657 1.24145687 0.46096467],0.97375,28127.992232230754,2.050691991366765,335.56696196218553,0.0,0.0,0.0,176.88052817134874,527.9903592235909,4650.836972276149,7801.638357962135,0.6965943281149438,0,0,0,6.286731500040332,9.958221900023997,1.4968199993745657,1.534785635938954,7.465633589999925
t0_minus10F,physical_nake,False,8002,0.0,True,,12.0,800,0.6621806656337188,0.055808626676699655,4.335602559178643,0.3843599035278337,0.49500713936285634,7.484229266830513,-0.014984303342853564,0.042196677476197694,[0.04044965 0.05523278 0.04219668 0.00750039 1.25382594 0.42102212],0.9475,20255.42923552487,1.8392745259911305,336.82149774467666,0.0,0.0,0.0,213.74934535898953,540.9424754615047,4684.443888109512,6856.277361789027,0.5391384740716753,0,0,0,6.287262499427015,9.425053649783873,1.498848499977612,1.4284150681662222,7.350684875999832
t0_minus10F,physical_nake,False,8003,0.0,True,,12.0,800,0.5703958774069636,0.04168818998627101,3.554436391278042,0.25818072148677834,0.38891709784828754,7.4500448767531555,0.017969856033051058,0.04344941937780983,[0.04226304 0.060934   0.04344942 0.01108032 1.27009219 0.46415852],0.945,29932.2864802958,1.8710667845373397,336.2037121094665,0.0,0.0,0.0,188.47697342366936,513.9988812678785,4696.731860137896,7404.612817490662,0.6066240929024157,0,0,0,6.35794799973155,9.73716214975866,1.5147235003496462,1.5123740738394793,7.51212948400007
t0_minus10F,physical_nake,True,8001,0.0,True,,12.0,800,0.5998076751305181,0.04403979755537587,3.4556447203966365,0.23803551642816662,0.3805058254168763,7.104147541745132,0.010834550524716702,0.04134420031139397,[0.04078404 0.05503252 0.0413442  0.00908657 1.24145696 0.4609647 ],0.97375,28127.992568088797,2.050691996983036,335.56696196218553,0.0,0.0,0.0,176.88064127674713,527.9903592235909,4650.837121980151,7801.639663734122,0.6965926070823325,0,0,0,6.416777000140428,10.153166850204796,1.4896594998390356,1.534785635938954,7.535487410000314
t0_minus10F,physical_nake,True,8002,0.0,True,,12.0,800,0.662180813829897,0.05580864471084242,4.335603141665294,0.38435997365948193,0.49500728755903456,7.4842292668272625,-0.0149843033428901,0.04219667611604909,[0.04044965 0.05523278 0.04219668 0.00750039 1.2538259  0.42102206],0.9475,20255.429364685708,1.8392745043616834,336.82149774467445,0.0,0.0,0.0,213.7493453627379,540.9424754615047,4684.444081513763,6856.279425245208,0.5391307433415975,0,0,0,6.534979999287316,10.089213849414588,1.5240714997162286,1.4284150681459058,7.721930087000146
t0_minus10F,physical_nake,True,8003,0.0,True,,12.0,800,0.5703958791846004,0.04168819039194279,3.5544363986445555,0.2581807231636122,0.38891709962592436,7.4500448767531555,0.017969856033082682,0.04344941938338603,[0.04226304 0.060934   0.04344942 0.01108032 1.27009219 0.46415852],0.945,29932.286480975497,1.8710667845667581,336.2037121094671,0.0,0.0,0.0,188.4769734236861,513.9988812678785,4696.731860525671,7404.612840740893,0.6066240803977748,0,0,0,6.836911500158749,10.242148500174151,1.5696165000917972,1.5123740738394584,7.942910694000602
t0_minus10F,physical_ukf,False,8001,0.0,True,,12.0,800,0.6254555366498089,0.04815085344479332,3.5863740433901588,0.2578870416240252,0.4025259759760507,7.676361675999807,0.010557048741907545,0.040569078680580635,[0.04016964 0.05493384 0.04056908 0.00905201 1.2229143  0.45902215],0.9725,52313680.73853015,2.0646466424030163,335.4601371936158,0.0,0.0,0.0,186.17150771180764,526.6822392454783,4670.087564226236,7369.6750225123105,0.6264300126946796,0,0,0,6.249645999560016,8.65254305003873,0.444878500275081,1.0,6.384818020000239
t0_minus10F,physical_ukf,False,8002,0.0,True,,12.0,800,0.680238713401705,0.05903429117577046,4.439179221627036,0.4037381483355645,0.5112563679001338,7.683818060703016,-0.015005309411536386,0.04285841708348482,[0.0410681  0.05607604 0.04285842 0.00749463 1.2683272  0.41772413],0.9425,34455059.43102593,1.8469457701760665,336.8489443340168,0.0,0.0,0.0,216.94828060041985,540.8818868677185,4698.14169175202,6623.0368620208055,0.5071624519056205,0,0,0,6.427923500268662,8.897608600864258,0.46862499993949314,1.0,6.560842431999845
t0_minus10F,physical_ukf,False,8003,0.0,True,,12.0,800,0.5785114666390906,0.04258875513991138,3.606006230165729,0.26371581989302795,0.4001822152777951,7.408133858672049,0.018159623803351666,0.04279900072129362,[0.04198446 0.0605562  0.042799   0.01108781 1.25295027 0.45517987],0.9475,51583134.08681219,1.8763148929392022,336.0573321676422,0.0,0.0,0.0,193.3952649899643,511.6337713811529,4707.227880447231,7107.862284552095,0.5619550632213102,0,0,0,6.596692000130133,10.317911300580818,0.47142350013018586,1.0,6.846806042000026
t0_minus10F,physical_ukf,True,8001,0.0,True,,12.0,800,0.6254553261282176,0.048150796804643146,3.586373162109582,0.25788680428680516,0.4025257654544595,7.67633548164168,0.010557048741957727,0.040569076188143614,[0.04016963 0.05493384 0.04056908 0.00905201 1.22291426 0.45902214],0.9725,52313680.73853012,2.064646640112984,335.4601371936158,0.0,0.0,0.0,186.17149914195238,526.6822392454783,4670.087495303518,7369.674349611576,0.6264307866359922,0,0,0,6.9533484997919,10.950979100516632,0.48409250030090334,1.0,7.203402653000012
t0_minus10F,physical_ukf,True,8002,0.0,True,,12.0,800,0.680238771505478,0.05903430066794064,4.4391794542776335,0.4037381864776541,0.5112564260039067,7.683818060689699,-0.015005309411556271,0.042858417405520384,[0.0410681  0.05607604 0.04285842 0.00749463 1.2683272  0.41772412],0.9425,34455059.43102589,1.846945765561287,336.8489443340152,0.0,0.0,0.0,216.94828060045103,540.8818868677185,4698.141756402991,6623.037667398507,0.5071599315708522,0,0,0,6.51976149993061,9.4134127495181,0.4582135002237919,1.0,6.715490734000014
t0_minus10F,physical_ukf,True,8003,0.0,True,,12.0,800,0.5785114519016961,0.04258875146662815,3.6060061693603327,0.26371580475357487,0.40018220054040055,7.408133858672049,0.018159623803398476,0.042799000664617455,[0.04198446 0.0605562  0.042799   0.01108781 1.25295027 0.45517988],0.9475,51583134.08681219,1.876314893116052,336.0573321676422,0.0,0.0,0.0,193.39526499019826,511.6337713811529,4707.227872822154,7107.862048707115,0.5619551021790234,0,0,0,6.644183500156942,10.667287550177205,0.47188449980239966,1.0,6.968707966999318
t0_minus30F,neural_nake,False,8001,0.0,True,,12.0,800,0.5932648470594573,0.04390675580020406,3.41971325734543,0.23560002642866376,0.37666655370386753,8.64431398300235,0.01091961664536899,0.04163799728472217,[0.04147236 0.05553845 0.041638   0.00909109 1.2609797  0.50060405],0.97625,27864.475447364464,2.0506981324343316,335.5636400441077,0.0,0.0,0.0,25.315187596001252,534.9025672996504,3970.3078437161344,8480.655877995303,1.0363391094520902,0,0,0,22.49526350033193,35.32663305013557,1.6367284997613751,1.5347600948564468,21.839609270999972
t0_minus30F,neural_nake,False,8002,0.0,True,,12.0,800,0.6618962275784204,0.05677591112460788,4.328808669065712,0.3907382505937532,0.4961607618682973,7.70172508052494,-0.015040519699426281,0.042331470687021325,[0.04091067 0.05545797 0.04233147 0.00749919 1.27281682 0.52169489],0.9475,20138.357578351537,1.8444160084796355,337.43452346319077,0.0,0.0,0.0,37.36004973935357,546.8216942592751,4000.6553647015535,7666.176131388047,0.8953433761691525,0,0,0,22.744699999748264,37.23824080029772,1.680427999872336,1.3964662895559081,22.37701043799916
t0_minus30F,neural_nake,False,8003,0.0,True,,12.0,800,0.5736106526359284,0.04359499855500916,3.5469363268845138,0.26497939811858534,0.39228781256674483,7.944264018372684,0.0172324717420111,0.043765034735758976,[0.04298233 0.06120246 0.04376503 0.01108049 1.29122364 0.58920529],0.95125,29730.112360862688,1.8683465543180668,336.78816399258926,0.0,0.0,0.0,22.7,520.0544502961352,4015.944068099273,7944.348332609865,0.9026625748520833,0,0,0,21.821228000135307,35.32666885062099,1.6216994999922463,1.4771951057617203,21.057198669999707
t0_minus30F,neural_nake,True,8001,0.0,True,,12.0,800,0.5932681046359836,0.043906821604019104,3.4197418463732037,0.2356023729544334,0.3766698112803938,8.643726088982381,0.01091961664531678,0.04163812894873845,[0.04147253 0.05553843 0.04163813 0.00909109 1.26098208 0.50060479],0.97625,27864.5138063091,2.05069877067928,335.5636400441077,0.0,0.0,0.0,25.32768090428189,534.9025672996504,3970.3092239509224,8480.24135668273,1.0362867266363363,0,0,0,22.12853150012961,37.384419049840275,1.6161179996743158,1.5347600948564468,21.868064827000126
t0_minus30F,neural_nake,True,8002,0.0,True,,12.0,800,0.6619016474067628,0.05677703841826618,4.328837956819444,0.39074368901866297,0.49616618169663973,7.701759660194539,-0.015040519699477617,0.04233159963210287,[0.04091084 0.05545804 0.0423316  0.00749919 1.27282011 0.52169925],0.9475,20138.378208691738,1.844417083589458,337.43455119654766,0.0,0.0,0.0,37.36006427149311,546.8216942592751,4000.6570947923155,7665.721895275893,0.895280519024733,0,0,0,22.155189999921276,35.69484350023231,1.6523680001228058,1.3964688481064986,21.44917669000006
t0_minus30F,neural_nake,True,8003,0.0,True,,12.0,800,0.5736073303123898,0.043594190724970984,3.546919322571357,0.2649759299344086,0.39228449024320616,7.943679855528128,0.017232471742019934,0.04376508693225376,[0.04298238 0.06120251 0.04376509 0.01108049 1.29122451 0.58920686],0.95125,29730.1132328349,1.8683467787079804,336.7879945126002,0.0,0.0,0.0,22.700000000000003,520.0544502961352,4015.944730517786,7944.093031208187,0.9026479444489768,0,0,0,22.349272000155906,37.50035545049286,1.6625784996904258,1.4771903052935929,22.09825814800024
t0_minus30F,neural_ukf,False,8001,0.0,True,,12.0,800,0.6080930144283059,0.04644247993732631,3.4875746781280337,0.24660771420834215,0.3878111218968223,9.071783143131055,0.010630058738955249,0.04129509289245734,[0.04108834 0.054991   0.04129509 0.00905222 1.25233793 0.44771386],0.97375,52313681.00889073,2.0568129490414195,335.46589658932305,0.0,0.0,0.0,25.906579201172836,533.5213728478285,3978.763145351998,8016.447875424787,0.9515152566292518,0,0,0,22.095138499935274,35.36783794988878,0.5579894996117218,1.0,20.438808580000114
t0_minus30F,neural_ukf,False,8002,0.0,True,,12.0,800,0.6756847558927909,0.05917383590377336,4.404310183815728,0.40460376240222057,0.5081200000039374,7.673141739753052,-0.015069940199638468,0.04281162884135567,[0.04111119 0.05581998 0.04281163 0.00749463 1.28095071 0.41010244],0.94375,34455059.380736664,1.844905184137673,337.37343200591505,0.0,0.0,0.0,40.79332537072804,546.7425506821619,4004.184949747234,7384.354679687128,0.852820823279211,0,0,0,21.290753500124993,35.19561260022783,0.547473000096943,1.0,19.51718449999953
t0_minus30F,neural_ukf,False,8003,0.0,True,,12.0,800,0.5732264337231399,0.04333617415935137,3.5543340409148407,0.26490238054952553,0.3950652435380859,8.04773431018436,0.01743845972659733,0.043188068951145464,[0.04230447 0.06097941 0.04318807 0.0110879  1.27271486 0.44815368],0.9475,51583134.04047929,1.869784145764342,336.7244124876179,0.0,0.0,0.0,22.7,517.6636131917638,4017.2830287048973,7639.522189437358,0.8553848754940138,0,0,0,22.365505999914603,35.445217749929725,0.5494414999702713,1.0,20.699694848000036
t0_minus30F,neural_ukf,True,8001,0.0,True,,12.0,800,0.6081046884706645,0.04644431458516672,3.4876416208533687,0.24661705290099817,0.3878227959391808,9.071854195162109,0.01063005873893095,0.04129535068986792,[0.04108863 0.0549911  0.04129535 0.00905222 1.25234252 0.44771336],0.97375,52313681.00889445,2.056812455606053,335.46589658932305,0.0,0.0,0.0,25.904381745674964,533.5213728478285,3978.7647514163937,8015.944595447805,0.9514342080980389,0,0,0,22.30857399990782,35.888234299318356,0.5769185004282917,1.0,20.948334334999345
t0_minus30F,neural_ukf,True,8002,0.0,True,,12.0,800,0.675687141017501,0.059174597607483156,4.404318241912064,0.40460709527251515,0.5081223851286476,7.673181466028406,-0.015069940199591732,0.042811754966325076,[0.04111132 0.05582009 0.04281175 0.00749463 1.28095235 0.41010249],0.94375,34455059.38045289,1.844905006767427,337.37344985360204,0.0,0.0,0.0,40.793325370882506,546.7425506821619,4004.185962948827,7384.099944710275,0.8527558744959948,0,0,0,22.09056950005106,35.534058750045006,0.5861120002919051,1.0,20.84888809399945
t0_minus30F,neural_ukf,True,8003,0.0,True,,12.0,800,0.5732193022733458,0.04333491049925653,3.5543051283230787,0.2648969207166913,0.39505811208829206,8.047067048410756,0.0174384597265487,0.043188080910961796,[0.04230448 0.0609794  0.04318808 0.0110879  1.27271492 0.44815298],0.9475,51583134.04053953,1.8697842189286098,336.7243585614322,0.0,0.0,0.0,22.7,517.6636131917638,4017.2833850029115,7639.513909919817,0.8553814864577627,0,0,0,21.747400000094785,32.92659995072425,0.5494070005624963,1.0,19.550733319000756
t0_minus30F,physical_nake,False,8001,0.0,True,,12.0,800,0.601966672552073,0.04545146300890265,3.4713157739391813,0.2442760466368564,0.3826648228384312,8.78589521478817,0.010834551465861967,0.04186395910488651,[0.04172696 0.0555908  0.04186396 0.00909116 1.26486404 0.50132626],0.97625,27917.06090878519,2.051027463045978,335.56696196218553,0.0,0.0,0.0,22.7,527.9903592235909,3972.532928699301,8238.199964001633,1.001197544669906,0,0,0,7.228623499486275,10.286654999845268,1.6474284998366784,1.534785635938954,8.217769728999883
t0_minus30F,physical_nake,False,8002,0.0,True,,12.0,800,0.6740808185507674,0.05877424798641606,4.408552361348634,0.4033055244828536,0.5069072922799049,7.65830791091902,-0.014984303955611051,0.04252298869969248,[0.04112954 0.05558225 0.04252299 0.0074991  1.27655682 0.52305985],0.9475,20166.131989602112,1.8446235451824493,337.36116024888906,0.0,0.0,0.0,40.526563915375064,540.9424754615047,4001.9254179274994,7466.037326318614,0.8773220054701647,0,0,0,6.686397499834129,10.658747599381968,1.5224799999487004,1.3972366820855315,7.769495093000842
t0_minus30F,physical_nake,False,8003,0.0,True,,12.0,800,0.5742878416596111,0.043692375160829605,3.5532964539137772,0.2663345116834328,0.392809062100935,7.859338826500963,0.017969856031728616,0.04395911910154699,[0.04317708 0.0613429  0.04395912 0.01108043 1.29463898 0.58975515],0.95125,29766.867218004652,1.868602468592573,336.6311890862688,0.0,0.0,0.0,22.7,513.9988812678785,4016.6563464575197,7741.995432726742,0.8834894481715823,0,0,0,7.077354500324873,11.478233950219872,1.5864370002418582,1.4766700328711355,8.517304027999671
t0_minus30F,physical_nake,True,8001,0.0,True,,12.0,800,0.6019731791457579,0.04545250236924661,3.4713513965623024,0.24428150960791573,0.382671329432116,8.785693797866864,0.010834551465834952,0.041864103393177365,[0.04172713 0.05559079 0.0418641  0.00909116 1.26486753 0.50132825],0.97625,27917.084775099764,2.051027979926133,335.56696196218553,0.0,0.0,0.0,22.7,527.9903592235909,3972.533231318916,8237.678287466479,1.0011192660797592,0,0,0,7.238076999783516,11.69301825052571,1.6160310001396283,1.534785635938954,8.694410101999893
t0_minus30F,physical_nake,True,8002,0.0,True,,12.0,800,0.6740737569671672,0.058773804934414225,4.408498916292432,0.403300938478118,0.5069002306963047,7.658066742753763,-0.014984303955634158,0.0425231663484028,[0.04112974 0.05558234 0.04252317 0.0074991  1.27656092 0.52306314],0.9475,20166.14650548843,1.8446242456311694,337.3609240045735,0.0,0.0,0.0,40.5393418364537,540.9424754615047,4001.926505013945,7465.8215928621685,0.8772677987390687,0,0,0,6.742816000041785,11.319171950208327,1.4695409995511,1.3972375368335828,8.029517111000132
t0_minus30F,physical_nake,True,8003,0.0,True,,12.0,800,0.5742901580594879,0.04369274040412578,3.5533137110967803,0.26633701445112234,0.39281137850081194,7.859531814021772,0.017969856031738677,0.04395915517584207,[0.0431771  0.06134295 0.04395916 0.01108043 1.29463883 0.58975367],0.95125,29766.873966654202,1.868602319077268,336.6309683462554,0.0,0.0,0.0,22.7,513.9988812678785,4016.6568037167976,7742.09138574528,0.883495613006116,0,0,0,6.95041399967522,10.866509150082491,1.5269564996742702,1.4766695244148444,8.132993039999747
t0_minus30F,physical_ukf,False,8001,0.0,True,,12.0,800,0.6217256712675994,0.04909706873427383,3.5651441533456287,0.260974892267973,0.3987961105938412,9.259838334504227,0.010557048741845241,0.04158907328414965,[0.04139739 0.05515602 0.04158907 0.00905201 1.25701911 0.44776468],0.97375,52313680.72564991,2.0569367625254626,335.4601371936158,0.0,0.0,0.0,22.7,526.6822392454783,3981.4404593496897,7794.84035283995,0.9220123136376274,0,0,0,7.379415500054165,11.579973950119888,0.5333325002538913,1.0,7.6369087430002764
t0_minus30F,physical_ukf,False,8002,0.0,True,,12.0,800,0.6915945801775214,0.06226655630563449,4.503609792155334,0.4229952198021216,0.5226122346759502,7.653854613182774,-0.015005309411577104,0.04304205108548876,[0.04135866 0.05599237 0.04304205 0.00749463 1.28486787 0.41007432],0.94375,34455059.38030589,1.844997921477446,337.36953681449006,0.0,0.0,0.0,41.18244709905065,540.8818868677185,4005.852140047466,7197.5175743502095,0.8371985540402107,0,0,0,7.581494000078237,11.613144349712455,0.5205930001466186,1.0,7.603700927999853
t0_minus30F,physical_ukf,False,8003,0.0,True,,12.0,800,0.5781584173692437,0.04403719592579741,3.5828653377599506,0.2693941393235774,0.39982916600794827,7.964078601959388,0.01815962380356074,0.04342161769210455,[0.04254263 0.06115883 0.04342162 0.01108781 1.27678255 0.44814719],0.9475,51583134.06155439,1.86994176176073,336.58127159687194,0.0,0.0,0.0,22.7,511.6337713811529,4018.452357488546,7456.4259769360415,0.8389333736130918,0,0,0,6.669667000096524,11.074420849945453,0.4519300000538351,1.0,6.847007219000261
t0_minus30F,physical_ukf,True,8001,0.0,True,,12.0,800,0.6217325310272361,0.049098072720911046,3.5651875194898075,0.2609808305600994,0.3988029703534779,9.259821698376074,0.01055704874177811,0.041589162454838825,[0.0413975  0.055156   0.04158916 0.00905201 1.25702083 0.44776457],0.97375,52313680.7260219,2.056936717449558,335.4601371936158,0.0,0.0,0.0,22.7,526.6822392454783,3981.4412730677495,7794.677879356285,0.9219824553344607,0,0,0,6.895506999626377,10.852230549608066,0.46064800017120433,1.0,7.083366746999673
t0_minus30F,physical_ukf,True,8002,0.0,True,,12.0,800,0.6915990301136449,0.06226786163358507,4.503633630505601,0.42300237769289184,0.5226166846120737,7.654024836779935,-0.015005309411566711,0.04304213344348006,[0.04135875 0.05599244 0.04304213 0.00749463 1.2848692  0.4100742 ],0.94375,34455059.380306415,1.8449980085546536,337.3695712269964,0.0,0.0,0.0,41.18686208761671,540.8818868677185,4005.852730424904,7197.250842382846,0.8371503871433557,0,0,0,6.85265750007602,10.758016200725251,0.4558104997158807,1.0,6.988095487999999
t0_minus30F,physical_ukf,True,8003,0.0,True,,12.0,800,0.5781575522925828,0.04403669067576647,3.582872925835725,0.2693933569990069,0.39982830093128735,7.963474865387051,0.018159623803514536,0.04342163247581152,[0.04254264 0.06115885 0.04342163 0.01108781 1.2767815  0.44814695],0.9475,51583134.06151752,1.8699418813526014,336.5813066593162,0.0,0.0,0.0,22.7,511.6337713811529,4018.453888486645,7456.148736988269,0.8389122079530221,0,0,0,6.760002500413975,9.723395950004486,0.4501720000007481,1.0,6.752824078999765
ta_minus20F,neural_nake,False,8001,0.0,True,,12.0,800,0.5847726640353783,0.041377690866161436,3.372982478337497,0.2241722164432446,0.3681743706797885,6.780651913764445,0.010919615269314833,0.04073282804936672,[0.04004095 0.05489978 0.04073283 0.00908632 1.22855235 0.46536407],0.97375,27982.58724217047,2.052131951207482,335.5636400441077,0.0,0.0,0.0,227.8026480535007,534.9025672996504,4834.47111377257,7951.125175886199,0.6946479440581111,0,0,0,20.051669999702426,32.118428449985004,1.5929869996398338,1.5347600948564468,19.11692944800052
ta_minus20F,neural_nake,False,8002,0.0,True,,12.0,800,0.6423576093219322,0.0529180528957663,4.2055797512462085,0.36553900339029316,0.47662214361180905,7.4996049000175065,-0.015040518961574857,0.0419453429406152,[0.04012298 0.05513665 0.04194534 0.00749959 1.24721447 0.41822489],0.94375,20174.18555705326,1.840704906676586,336.83682492702536,0.0,0.0,0.0,263.2769386691176,546.8216942592751,4869.551250737957,6951.613979621519,0.51844758895613,0,0,0,20.057473499491607,32.055183000329635,1.6005570005290792,1.4456664204091798,18.878509058999953
ta_minus20F,neural_nake,False,8003,0.0,True,,12.0,800,0.5648493800347028,0.04108381162937277,3.5170071222585295,0.2544688525399066,0.3835265399655191,7.421468975596325,0.017232471745233735,0.04307612579664709,[0.0418143  0.06056216 0.04307613 0.01107964 1.26034776 0.45515246],0.945,29827.378015420156,1.8733912021810282,336.3705902024917,0.0,0.0,0.0,236.00822655317313,520.0544502961352,4881.101583572233,7527.7990367409775,0.5902658021909077,0,0,0,20.886840999992273,34.96748684947306,1.6537779997634061,1.5161035224439714,20.643054395000036
ta_minus20F,neural_nake,True,8001,0.0,True,,12.0,800,0.5847731173726037,0.041377796461179464,3.372984365392575,0.22417265642427872,0.36817482401701396,6.780651913764445,0.010919615269283455,0.04073283487718114,[0.04004096 0.05489978 0.04073283 0.00908632 1.22855245 0.46536411],0.97375,27982.58772772249,2.0521319589582907,335.5636400441077,0.0,0.0,0.0,227.80285592668304,534.9025672996504,4834.471274810962,7951.126467595223,0.6946466449819122,0,0,0,22.428127500006667,35.626573699983055,1.7255454999940412,1.5347600948564468,22.339812864999658
ta_minus20F,neural_nake,True,8002,0.0,True,,12.0,800,0.6423576829810909,0.052918075770622186,4.2055799634665085,0.36553908616370395,0.4766222172709678,7.499604900015092,-0.015040518961537155,0.041945338690450154,[0.04012298 0.05513665 0.04194534 0.00749959 1.24721432 0.41822479],0.94375,20174.185930785214,1.840704849669337,336.83682492703406,0.0,0.0,0.0,263.2769386697322,546.8216942592751,4869.551806082881,6951.619184718835,0.5184264726139531,0,0,0,21.957788000236178,35.77452685067328,1.6681340002833167,1.4456664203572407,21.849148609000622
ta_minus20F,neural_nake,True,8003,0.0,True,,12.0,800,0.5648493518158173,0.041083804511303515,3.5170070076358613,0.2544688234793382,0.38352651174663366,7.421468975596325,0.017232471745183095,0.04307612580468623,[0.0418143  0.06056216 0.04307613 0.01107964 1.26034776 0.45515247],0.945,29827.377980018653,1.8733912025905015,336.37059020249,0.0,0.0,0.0,236.00822655324,520.0544502961352,4881.101558301494,7527.798374791227,0.5902655947510734,0,0,0,21.726340999975946,35.30082534985013,1.6519340001650562,1.5161035224440456,21.438524445999974
ta_minus20F,neural_ukf,False,8001,0.0,True,,12.0,800,0.6044576363260787,0.04432097901939219,3.467987739677183,0.23774613426118227,0.3841757437945952,6.785400350017313,0.01063005873634653,0.04007012194980377,[0.03962734 0.05469899 0.04007012 0.00905222 1.21316296 0.46283288],0.9725,52313681.025862895,2.067033756692258,335.46589658932305,0.0,0.0,0.0,237.3394661471853,533.5213728478285,4856.648949015254,7515.919951271726,0.6225892694685304,0,0,0,20.370662999994238,32.74677145009264,0.548354500097048,1.0,19.075104090000423
ta_minus20F,neural_ukf,False,8002,0.0,True,,12.0,800,0.6573160888155269,0.05499944250040258,4.293011837844804,0.37830666498446286,0.4897513329266735,7.543352722263448,-0.015069940201841991,0.04257854449109101,[0.04076131 0.05587863 0.04257854 0.00749463 1.26234132 0.4212087 ],0.9425,34455059.44934219,1.8478961060499492,336.81733110733177,0.0,0.0,0.0,266.97935270083167,546.7425506821619,4885.968919220186,6720.615790710833,0.48639839491753767,0,0,0,19.65399799973966,32.23576624964153,0.5102575000819343,1.0,17.966612154999893
ta_minus20F,neural_ukf,False,8003,0.0,True,,12.0,800,0.5673399179301581,0.04101697612372565,3.536866658627666,0.2543852258375545,0.3891787277451043,7.381488227372211,0.01743845972583476,0.0424780445812159,[0.04166685 0.0602875  0.04247804 0.0110879  1.24659336 0.45897621],0.9475,51583134.08785104,1.8775466051677705,336.1099474403323,0.0,0.0,0.0,240.68303853772306,517.6636131917638,4894.353773247962,7244.716726222175,0.5476126839544263,0,0,0,19.961628499913786,27.111054150554992,0.5510589999175863,1.0,17.539689420000286
ta_minus20F,neural_ukf,True,8001,0.0,True,,12.0,800,0.6044588022776742,0.04432125761566229,3.4679926188487795,0.2377473009021253,0.3841769097461906,6.785538671644641,0.010630058736307145,0.040070136269396234,[0.03962735 0.054699   0.04007014 0.00905222 1.21316318 0.46283293],0.9725,52313681.025863,2.0670337695187624,335.46589658932305,0.0,0.0,0.0,237.33946582170697,533.5213728478285,4856.649331451484,7515.923202366415,0.6225861847020776,0,0,0,19.886360499640432,31.971301749399572,0.5367220001062378,1.0,18.184468706999724
ta_minus20F,neural_ukf,True,8002,0.0,True,,12.0,800,0.6573163186206639,0.054999498957570225,4.293012708871749,0.37830688770708404,0.4897515627318105,7.5433527222653565,-0.015069940201829451,0.04257854761667788,[0.04076131 0.05587863 0.04257855 0.00749463 1.26234134 0.42120861],0.9425,34455059.449341804,1.8478960571318055,336.81733110733154,0.0,0.0,0.0,266.9793526995804,546.7425506821619,4885.969556716554,6720.6238246035155,0.48637496704081984,0,0,0,20.019242499984102,30.104057300013633,0.5429920001915889,1.0,17.813951250000173
ta_minus20F,neural_ukf,True,8003,0.0,True,,12.0,800,0.5673398023875695,0.04101695005625244,3.536866181901281,0.2543851184397457,0.3891786122025157,7.381488227372211,0.017438459725879443,0.04247804409839524,[0.04166685 0.0602875  0.04247804 0.0110879  1.24659336 0.45897622],0.9475,51583134.087874345,1.8775466062415749,336.1099474403263,0.0,0.0,0.0,240.68303853792872,517.6636131917638,4894.353721585756,7244.714853469312,0.5476128392389688,0,0,0,19.663009500163753,25.38640999996459,0.49410800011173706,1.0,17.05419682200045
ta_minus20F,physical_nake,False,8001,0.0,True,,12.0,800,0.5987788037241408,0.04361741370540925,3.4516993043439035,0.2361158308214727,0.3794769540104989,6.832885677503825,0.010834550098033623,0.04098573199742461,[0.04029654 0.05500983 0.04098573 0.00908637 1.23242469 0.46596461],0.97375,28019.001998500862,2.05233231317617,335.56696196218553,0.0,0.0,0.0,226.99530422483554,527.9903592235909,4846.406837834029,7566.380733297516,0.6337691427665778,0,0,0,6.5202085002056265,10.385121949775565,1.5527259997725196,1.534785635938954,7.818319345000418
ta_minus20F,physical_nake,False,8002,0.0,True,,12.0,800,0.6582320446442964,0.05512175872376435,4.308572144845105,0.37962067733457816,0.4910585183734339,7.482513135993015,-0.014984303241505964,0.04217067684776438,[0.0403533  0.05532385 0.04217068 0.00749945 1.25072183 0.41896181],0.94375,20192.711578390757,1.8408408776924927,336.82149990408254,0.0,0.0,0.0,266.0991753297775,540.9424754615047,4880.737505011545,6594.794715672629,0.4710411536600179,0,0,0,6.172327499825769,8.543548700072273,1.4674435001325037,1.4464533810934694,7.103012390999538
ta_minus20F,physical_nake,False,8003,0.0,True,,12.0,800,0.570237988721334,0.04145503490844568,3.5553098034990303,0.25714827345371977,0.38875920916265794,7.4500448767531555,0.017969856033767276,0.043283566080494676,[0.04202238 0.06071377 0.04328357 0.01107953 1.2634804  0.45575898],0.945,29852.478728865695,1.8735556954899824,336.1366381450369,0.0,0.0,0.0,241.0595091854135,513.9988812678785,4891.405238448531,7154.356108908885,0.5387246287473746,0,0,0,6.606946500596678,8.780613250019087,1.578569499997684,1.5150936180791021,7.695456856000419
ta_minus20F,physical_nake,True,8001,0.0,True,,12.0,800,0.5987793218438764,0.043617542679902505,3.4517014606365244,0.23611636859597318,0.3794774721302344,6.832885677503825,0.010834550098026146,0.04098573977591154,[0.04029655 0.05500984 0.04098574 0.00908637 1.2324248  0.46596465],0.97375,28019.0025429192,2.0523323225495513,335.56696196218553,0.0,0.0,0.0,226.99547273744767,527.9903592235909,4846.407017641955,7566.382184785189,0.6337678034084048,0,0,0,6.810661000145046,11.051411649486909,1.518980499895406,1.534785635938954,8.110144413999478
ta_minus20F,physical_nake,True,8002,0.0,True,,12.0,800,0.6582320788347577,0.05512177107312317,4.308572256170481,0.37962072408080244,0.4910585525638952,7.482513135995314,-0.01498430324152685,0.04217067547848743,[0.0403533  0.05532385 0.04217068 0.00749945 1.25072178 0.41896178],0.94375,20192.711698168376,1.840840858331946,336.82149990408345,0.0,0.0,0.0,266.0991753305442,540.9424754615047,4880.7376954598685,6594.796354435095,0.47103429762070453,0,0,0,6.498339500467409,10.667876750130741,1.478425499954028,1.4464533810756135,7.852467818999685
ta_minus20F,physical_nake,True,8003,0.0,True,,12.0,800,0.5702381814840713,0.04145508005220989,3.555310596958414,0.2571484592142822,0.38875940192539526,7.4500448767531555,0.017969856033739497,0.0432835665524546,[0.04202238 0.06071377 0.04328357 0.01107953 1.2634804  0.45575898],0.945,29852.478883836455,1.8735556958571329,336.1366381450364,0.0,0.0,0.0,241.05950918540574,513.9988812678785,4891.405324732379,7154.359119105133,0.538724391104741,0,0,0,6.299567000041861,7.889823350205915,1.4634224999099388,1.5150936180786907,7.114990133999527
ta_minus20F,physical_ukf,False,8001,0.0,True,,12.0,800,0.62536723662992,0.04769840773498423,3.5920831977649677,0.25623911100102814,0.4024376759561618,7.350403766801912,0.01055704874193675,0.04031940496229029,[0.03989584 0.05482357 0.0403194  0.00905201 1.21690856 0.46365442],0.97125,52313680.74364942,2.0671295980324276,335.4601371936158,0.0,0.0,0.0,238.18498684944717,526.6822392454783,4868.9590816761565,7158.67756105729,0.5687247353874554,0,0,0,6.390511000518018,9.097089499982756,0.4462015003809938,1.0,6.507598095000503
ta_minus20F,physical_ukf,False,8002,0.0,True,,12.0,800,0.6760730110441733,0.05820878531099185,4.412511093724092,0.39840066967710863,0.507090665542602,7.625207132076865,-0.015005309411548106,0.042805329846444466,[0.04099773 0.05606638 0.04280533 0.00749463 1.26584586 0.42186337],0.9425,34455059.45080896,1.8480075540783107,336.8489443199145,0.0,0.0,0.0,269.5643927837472,540.8818868677185,4897.497092800857,6382.518047889995,0.44289786754862737,0,0,0,6.349864999720012,9.029549100296208,0.44946600019102334,1.0,6.489100458000394
ta_minus20F,physical_ukf,False,8003,0.0,True,,12.0,800,0.5778474983813353,0.042271548658246144,3.605587647103683,0.26233984951117656,0.39951824702003985,7.408133858672049,0.01815962380337594,0.04269842401959355,[0.04189602 0.06044961 0.04269842 0.01108781 1.25003779 0.45960465],0.9475,51583134.10681714,1.8776667716797928,336.0573321676422,0.0,0.0,0.0,245.470015247704,511.6337713811529,4905.1092673586745,6894.810577608694,0.5009463188461024,0,0,0,6.201122499533085,8.858549249862332,0.4562059998534096,1.0,6.319742700000461
ta_minus20F,physical_ukf,True,8001,0.0,True,,12.0,800,0.6253674018049402,0.04769844999666256,3.5920838886759054,0.2562392880685842,0.4024378411311821,7.3504243844437065,0.010557048741977467,0.04031940698203032,[0.03989584 0.05482357 0.04031941 0.00905201 1.21690859 0.46365442],0.97125,52313680.74364946,2.067129599845342,335.4601371936158,0.0,0.0,0.0,238.1850110352998,526.6822392454783,4868.959134521387,7158.678017286412,0.5687243363333823,0,0,0,6.623166999816021,10.585115250160014,0.46932600025684224,1.0,6.868012841000564
ta_minus20F,physical_ukf,True,8002,0.0,True,,12.0,800,0.6760731981972962,0.058208808959385,4.412511845216624,0.3984007645337664,0.507090852695725,7.625207132085237,-0.015005309411519637,0.04280533086318106,[0.04099773 0.05606638 0.04280533 0.00749463 1.26584587 0.42186335],0.9425,34455059.45080883,1.8480075396143871,336.84894431991455,0.0,0.0,0.0,269.5643927837103,540.8818868677185,4897.497286167914,6382.52014402408,0.44289121590675345,0,0,0,6.773598499876243,9.863466550268638,0.47123900048973155,1.0,6.8935996889995295
ta_minus20F,physical_ukf,True,8003,0.0,True,,12.0,800,0.5778477011039191,0.04227159690027808,3.605588484368621,0.26234004851746395,0.39951844974262374,7.408133858672049,0.018159623803304818,0.04269842494536204,[0.04189602 0.06044961 0.04269842 0.01108781 1.25003781 0.45960464],0.9475,51583134.106817074,1.8776667702228316,336.0573321676422,0.0,0.0,0.0,245.4700152476529,511.6337713811529,4905.109352585101,6894.813644053129,0.5009460365518376,0,0,0,6.49133199976859,8.320973050376777,0.45088799924997147,1.0,6.449685710999802
thermal_servo,neural_nake,False,8001,0.0,True,,5.999999999999999,400,0.2759427881678701,0.03702147616532442,0.6963121448307593,0.09833420201447209,0.10166285263736409,23.544594687855042,-0.020080219803938208,0.038565830911429705,[0.03372155 0.05799675 0.03856583 0.01002954 1.26591571 0.60440153],0.8375,24005.069137012033,2.088095999637757,353.4799551247479,9.479955124747903,2.9013750000000007,18.546993794872357,22.7,574.4409686484333,1717.1733610152967,2497.8907901298808,0.39879666543599546,0,0,0,19.023144000129832,28.776861900178115,1.6032520002227102,1.4672900349124396,9.164539489000163
thermal_servo,neural_nake,False,8002,0.0,True,,5.999999999999999,400,0.24714029535578363,0.0257756169925549,0.5843212838577263,0.05790955096273645,0.08565990455037069,17.55576868756395,-0.022136255504234238,0.03944083916532208,[0.03495137 0.05415072 0.03944084 0.00825968 1.3070771  0.60600344],0.8425,21868.225989951785,2.002582347340777,352.5817305743377,8.581730574337712,2.9028750000000008,18.030019456929853,47.5990707168891,582.3890504736571,1723.5658229363733,2485.435884572551,0.3916798301929433,0,0,0,19.536997499926656,33.15503864978382,1.5824310003154096,1.5780350809261585,9.507030855999801
thermal_servo,neural_nake,False,8003,0.0,True,,5.999999999999999,400,0.19905786199990366,0.021541786832563636,0.5345595155900691,0.05944513302320061,0.08459815610494387,18.953433140081618,-0.016587854235665986,0.030364325971518717,[0.02914891 0.05367507 0.03036433 0.01308192 1.13379742 0.48584736],0.8575,36333.25244747149,1.826445961701256,352.91502681361175,8.915026813611746,2.9021250000000007,18.710059821468356,40.9717008111348,521.2720201863978,1723.808567370005,2332.7444729644862,0.33116986267381127,0,0,0,19.571398999687517,31.720268400249545,1.6004834997147555,1.2944255292832314,9.274090760000036
thermal_servo,neural_nake,True,8001,0.0,True,,5.999999999999999,400,0.5978947200395824,0.08803958076180889,2.1507696190134227,0.3260194776778216,0.4236147845090764,23.53879854953748,-0.12591419056623682,0.038631919222739224,[0.03425521 0.05328149 0.03863192 0.01001613 1.16057799 0.51809634],0.93,24726.19155495611,2.074331474198105,345.33074864659534,1.3307486465953389,0.94275,0.3947348922326392,107.2701375746266,574.4409686484333,1978.2814125902682,6332.773983790166,1.5930000189873117,0,0,0,18.843964499410504,33.74747195020972,1.580327500050771,1.484774621286089,9.017781879999347
thermal_servo,neural_nake,True,8002,0.0,True,,5.999999999999999,400,0.5665441006162885,0.0739005017626525,2.0280809963951625,0.27524244122302405,0.4050637098108755,17.547048798059507,-0.12867954406492968,0.03957154975086149,[0.03564564 0.05175995 0.03957155 0.00824216 1.21492308 0.44277208],0.935,22491.766964542418,1.9668841458533228,345.3437224937099,1.3437224937098904,0.77925,0.3928562815805408,126.92899372359526,582.3890504736571,1973.04392694962,5718.196032180111,1.2147684112501884,0,0,0,19.51727750019927,29.63705884963018,1.6481100001328741,1.579858979029039,8.753936002000046
thermal_servo,neural_nake,True,8003,0.0,True,,5.999999999999999,400,0.49828048206228076,0.06416576050908715,1.9072645943163116,0.25390274550862735,0.38382077616732097,18.94699427065005,-0.1223949049247794,0.03152444700413779,[0.03020916 0.05460753 0.03152445 0.01305218 1.03447044 0.40778585],0.9475,36909.072486558936,1.7877772661371711,345.5324084489445,1.5324084489445227,1.0597499999999997,0.7271995335887349,122.87860670716614,521.2720201863978,1973.2396044257366,5521.983134532524,0.9636533444821418,0,0,0,18.153192000681884,32.32896715062452,1.6228525000769878,1.2944255292832314,8.658749594000255
thermal_servo,neural_ukf,False,8001,0.0,True,,5.999999999999999,400,0.26537999607870577,0.036396031645822086,0.6467839794238953,0.09574052512733444,0.09228041319297751,23.46016430547673,-0.014636793125523882,0.036797007763085525,[0.03301831 0.05034414 0.03679701 0.00989333 1.11666944 0.46533008],0.9175,41798812.728238225,2.0639689319544234,353.49168722474445,9.491687224744453,2.9006250000000007,19.369689209125816,24.412076390847535,573.7693626222292,1711.520349117776,2418.2579787376785,0.38232496861366383,0,0,0,20.190000000184227,32.319242399944415,0.560543000119651,1.0,9.588170314999843
thermal_servo,neural_ukf,False,8002,0.0,True,,5.999999999999999,400,0.23438844797178654,0.024948904024901332,0.5299927307758313,0.0551520801172886,0.07613717578675777,17.60099927632666,-0.016714912875572866,0.03753215821006807,[0.03383086 0.04995052 0.03753216 0.00828689 1.16296881 0.4181942 ],0.9275,36731132.83134996,1.9556387037693803,352.5980244162172,8.598024416217186,2.9021250000000007,18.89327641200711,48.88069639180316,581.5251692753762,1715.3033598802767,2415.7175323045544,0.38209176271471024,0,0,0,19.168918000104895,28.16464554989578,0.5227664996709791,1.0,8.62816358999953
thermal_servo,neural_ukf,False,8003,0.0,True,,5.999999999999999,400,0.19057554943509675,0.021469932130052962,0.4948427658015603,0.05872031943166511,0.07664488872246672,19.19614126347911,-0.011090710540758483,0.0291481001946849,[0.02822262 0.05241012 0.0291481  0.01314142 0.97781598 0.33921616],0.925,60751658.60445513,1.7803179489438627,352.9048918255122,8.904891825512209,2.9021250000000007,19.553890080954574,43.94207500440379,521.3409639695673,1715.6977257040303,2281.263804396019,0.3253179852597287,0,0,0,19.146575000377197,32.262257300772035,0.5271179998089792,1.0,9.046178975999283
thermal_servo,neural_ukf,True,8001,0.0,True,,5.999999999999999,400,0.591326791619233,0.08653261046779456,2.1241107441031017,0.31952174883723106,0.4182272087335047,23.454130121698544,-0.12421548507727495,0.03792517479252234,[0.03409638 0.0516516  0.03792517 0.00989333 1.15130127 0.47520121],0.9325,41798812.79845576,2.066388356087261,345.3511230957651,1.3511230957651037,1.02075,0.46716912977410374,111.11607504629572,573.7693626222292,1975.3915662235988,6042.3449630239475,1.3272367003435879,0,0,0,18.065803500121547,32.17459845036501,0.5520555000657623,1.0,8.1159923969999
thermal_servo,neural_ukf,True,8002,0.0,True,,5.999999999999999,400,0.5586075434108106,0.07229641165945518,1.9970157049729604,0.2682329851768747,0.4003562712257819,17.592596719954486,-0.12554642668755553,0.038581181275726524,[0.03500065 0.05070973 0.03858118 0.00828689 1.19624991 0.41341904],0.9425,36731132.9187684,1.9596643806498621,345.4527788993233,1.4527788993232775,0.9315,0.46703959622684404,129.06812044616248,581.5251692753762,1969.4806298846167,5571.9140708265295,1.123913145470872,0,0,0,18.223851499897137,24.712780399795513,0.5064064998805407,1.0,7.76836157300022
thermal_servo,neural_ukf,True,8003,0.0,True,,5.999999999999999,400,0.49535740023091457,0.06372624403529126,1.8932439712329838,0.2510580478693801,0.38142673951828454,19.189321373083388,-0.1207581539817659,0.030736051054189036,[0.02973051 0.05409791 0.03073605 0.01314142 1.0159082  0.35672774],0.955,60751658.6733272,1.7791335788190201,345.5047597366647,1.5047597366647096,1.1145,0.7520309501903828,127.13804052834502,521.3409639695673,1972.0852513675725,5609.30148193123,0.9715454464782843,0,0,0,17.50698799969541,24.352237400125883,0.5121654999129532,1.0,7.520772091999788
thermal_servo,physical_nake,False,8001,0.0,True,,5.999999999999999,400,0.26188671011286907,0.03691106324094852,0.6181973980114827,0.09642985079133864,0.08633214913891454,23.50771678377657,-0.009456501277560354,0.03858574921284692,[0.03376422 0.05883185 0.03858575 0.01002472 1.300284   0.68868896],0.82,23779.539634651715,2.1045121129861712,353.6186151886868,9.618615188686817,2.8983750000000006,20.50043495300202,31.145641194891933,565.8967334978672,1696.5321522928753,2333.997713752986,0.3660859988245442,0,0,0,5.601010499958647,8.480515049586751,1.446221999685804,1.4752778820966899,3.5008327479999934
thermal_servo,physical_nake,False,8002,0.0,True,,5.999999999999999,400,0.22867390841377006,0.025202274536155332,0.494717320791989,0.05492623324895367,0.06855307165759639,17.522832686910892,-0.011477648849764693,0.03948588640145938,[0.03498846 0.0547654  0.03948589 0.00826007 1.33682216 0.69440084],0.82,21736.666769761443,2.019810804054004,352.9822939464665,8.982293946466484,2.8991250000000006,19.958381380133822,54.020534658439665,573.1453665681938,1702.6755239483987,2320.4034916755995,0.3583991004528002,0,0,0,6.086831000175152,7.829899699800078,1.4863124997646082,1.5943168163639778,3.6848767089995818
thermal_servo,physical_nake,False,8003,0.0,True,,5.999999999999999,400,0.18533127318386142,0.02125076369458251,0.46709993308529063,0.05758565532358493,0.07026564939217622,18.993140469444004,-0.005782596423777835,0.03038514036757733,[0.02921198 0.05405452 0.03038514 0.01308264 1.17218003 0.58094816],0.82,36194.17495292887,1.8466867365536237,353.2253180196542,9.225318019654196,2.9006250000000007,20.667917457994086,48.918935190564014,517.2379300403201,1703.1521201126984,2171.968377998608,0.30467094652152715,0,0,0,6.038037000053009,7.861440050328382,1.4390055002877489,1.2941927135111944,3.5278398670006936
thermal_servo,physical_nake,True,8001,0.0,True,,5.999999999999999,400,0.6041437730862207,0.09027501411098846,2.1744385403980697,0.33436183746165554,0.4285892121122662,23.539613576928833,-0.12734857431557303,0.03864322823514691,[0.03426951 0.05326819 0.03864323 0.01001618 1.16104241 0.51767196],0.93,24717.67632280666,2.073820011948109,345.375108392577,1.3751083925769763,0.8767499999999999,0.355486531243032,119.49964096022752,565.8967334978672,1979.1000578598014,5919.319653896699,1.3369667548689737,0,0,0,5.849552999734442,7.8850696497738655,1.4678494999316172,1.481105042551716,3.3527618549996987
thermal_servo,physical_nake,True,8002,0.0,True,,5.999999999999999,400,0.5708233168384662,0.07566425688373808,2.048888253567615,0.2823275657214782,0.41070248008229254,17.525157285085726,-0.13003434530114172,0.03960328667219997,[0.03568032 0.05177065 0.03960329 0.00824236 1.21616309 0.44276742],0.935,22483.825688755023,1.9669350677259825,345.2866385056701,1.286638505670112,0.73125,0.34945588325321036,144.4076817273211,573.1453665681938,1975.5177426904058,5477.105681946292,1.1248965841542788,0,0,0,5.731123500027024,6.997285200213808,1.450056499834318,1.5798522956606462,3.289028830999996
thermal_servo,physical_nake,True,8003,0.0,True,,5.999999999999999,400,0.5039333150297237,0.0657524660625845,1.9295067538501853,0.26002545095176,0.38886769123803855,18.98759902561452,-0.1236163635003732,0.03156289110546933,[0.0302524  0.05464337 0.03156289 0.01305203 1.03507335 0.40807449],0.9475,36900.85036704139,1.78782701537438,345.47478394768336,1.4747839476833633,1.0245,0.6521876206712112,138.37296204913847,517.2379300403201,1976.216255949708,5262.559723476284,0.8817283184042364,0,0,0,6.032592500105238,8.512880699618108,1.5522150001743285,1.2941927135111944,3.5120857679994515
thermal_servo,physical_ukf,False,8001,0.0,True,,5.999999999999999,400,0.2539074862029007,0.0365110647873893,0.5831016251054761,0.09495863542110695,0.07950506916426588,23.417444494552687,-0.003280788143728257,0.03672548649254215,[0.032954   0.05025082 0.03672549 0.00989342 1.11417334 0.46582029],0.915,41798812.50115557,2.0637845966011255,353.5956683778654,9.595668377865422,2.8968750000000005,21.42213147881015,34.01166621244896,565.2557599478903,1690.109623469788,2254.2244307456963,0.3503229331723418,0,0,0,5.479305000335444,6.844963850107888,0.4350749995865044,1.0,2.8421157469992977
thermal_servo,physical_ukf,False,8002,0.0,True,,5.999999999999999,400,0.220210806248108,0.02461317802735638,0.46170769758813357,0.05329644924979671,0.06328138912660561,17.573258274414968,-0.00526878348706111,0.0374930619689105,[0.03378614 0.04990837 0.03749306 0.00828694 1.16154839 0.41895395],0.925,36731132.88050349,1.9554420142124713,352.9748807762922,8.974880776292196,2.8983750000000006,20.93146021859818,55.36882570126247,572.3243750792294,1693.5745153449732,2256.08012914629,0.34994247894035785,0,0,0,5.573387499680393,8.281418200294866,0.43073400047433097,1.0,2.962414097999499
thermal_servo,physical_ukf,False,8003,0.0,True,,5.999999999999999,400,0.1816421739047211,0.02142356090628292,0.4526970893819449,0.05806078062670071,0.06693830252057142,19.234449023029853,0.000512997591698802,0.029080147461313304,[0.02815977 0.05233364 0.02908015 0.01314129 0.975643   0.33962414],0.9225,60751658.58887085,1.7802821416528176,353.19012961123724,9.19012961123724,2.9006250000000007,21.625179632446294,51.57495741839502,517.3105875006611,1694.1966585558962,2122.837504751651,0.299723420465117,0,0,0,5.6003075001171965,8.009316200241292,0.44201549962963327,1.0,3.0700233389998175
thermal_servo,physical_ukf,True,8001,0.0,True,,5.999999999999999,400,0.5981328576336592,0.08891299759197599,2.149680747849608,0.32830705903381524,0.4237304405950244,23.452089204799467,-0.12560433985418912,0.0379398432383984,[0.03411071 0.05167577 0.03793984 0.00989342 1.15173037 0.4755032 ],0.9325,41798812.58693954,2.065738049217475,345.2970465783098,1.2970465783097893,0.99225,0.4172265424004181,124.52330301825869,565.2557599478903,1977.3508821922992,5720.040293961188,1.1756002411279742,0,0,0,5.654539999795816,8.128494050697553,0.4384599997138139,1.0,2.8687546040000598
thermal_servo,physical_ukf,True,8002,0.0,True,,5.999999999999999,400,0.5627982966156664,0.07403563190858205,2.0173231321117253,0.2751417625878168,0.40586887949416395,17.57563561094946,-0.12676964416989034,0.038622185036273224,[0.03504366 0.05073902 0.03862219 0.00828694 1.19762772 0.41305499],0.9425,36731132.954256296,1.9597491716660627,345.3969660236875,1.3969660236875256,0.8685,0.4134312661410099,146.35655735374502,572.3243750792294,1971.8359984809995,5350.600880817707,1.0407434160371487,0,0,0,5.835457500324992,8.811927150190964,0.462486000287754,1.0,3.022116332999758
thermal_servo,physical_ukf,True,8003,0.0,True,,5.999999999999999,400,0.5012875076777126,0.06537156363531878,1.9162116833161789,0.2573528757016081,0.38658363629356296,19.229990498752677,-0.12199410633704637,0.030776012804834836,[0.02976893 0.05414007 0.03077601 0.01314129 1.01640124 0.35697837],0.955,60751658.70061646,1.7791186329012307,345.4483077832428,1.4483077832427966,1.05,0.6767077518719693,142.69269125284094,517.3105875006611,1975.2228427346918,5367.07614458831,0.9039775920330639,0,0,0,5.3352044997154735,8.490292500300704,0.436266499946214,1.0,2.880524879999939
